Iteration	Posterior	Likelihood	Prior	rate_log_sd	rate_loss	rate_neo	tree_length
0	-184.1189	-246.214	62.09513	2.995036	0.3743797	0.7410513	0.7245539
6	-180.5927	-240.7411	60.14838	3.731581	0.457471	1.292916	1.245666
12	-184.7183	-244.8789	60.16056	3.269434	0.5233143	2.096008	1.065781
18	-197.989	-258.4953	60.50634	2.923654	0.5233143	2.096008	1.065781
24	-188.8918	-245.9645	57.07275	3.38529	0.6981057	6.420458	1.998552
30	-183.0222	-240.5524	57.53021	3.557166	0.6981057	6.420458	1.560019
36	-194.7407	-253.1043	58.36359	3.557166	0.4896482	5.267512	1.377005
42	-185.3266	-246.0919	60.76529	3.376761	0.5507823	0.03235003	2.498076
48	-193.0889	-253.1367	60.04782	2.393456	1.039909	0.1954523	2.775347
54	-189.1159	-246.2746	57.15867	2.454462	0.499674	1.016834	4.057794
60	-186.7545	-247.7455	60.99098	2.039898	0.5288173	0.2451322	2.711528
66	-178.5742	-240.4251	61.85094	1.789413	0.6383412	0.03849903	2.711528
72	-168.8053	-230.2972	61.49197	1.900631	0.6383412	0.113685	2.650123
78	-175.3378	-236.5791	61.24125	3.736603	0.6383412	0.0290313	1.881208
84	-174.3067	-233.9959	59.68923	5.123939	0.6383412	0.203631	1.501522
90	-179.0066	-241.0656	62.05902	3.52203	0.6714194	0.2152471	0.6875571
96	-179.9503	-242.9236	62.97328	2.844521	0.6714194	0.1560262	0.4511923
102	-183.4567	-245.0122	61.55549	3.223977	0.447956	0.9615656	0.5032695
108	-183.0235	-243.3592	60.33563	4.033896	0.6241049	0.5243777	1.333154
114	-181.1325	-242.6738	61.54135	2.920855	0.6241049	0.5243777	1.257676
120	-180.076	-239.9233	59.84727	3.592663	0.6145399	1.694795	1.15522
126	-179.77	-242.121	62.35096	3.171276	0.4072008	0.2373514	1.15522
132	-176.8189	-239.2443	62.42539	3.00191	0.4072008	0.2373514	1.236812
138	-177.8303	-240.5882	62.75787	3.306827	0.4170146	0.05766253	1.236812
144	-186.6701	-248.046	61.37594	3.653938	0.2598913	0.05766253	2.216723
150	-187.6667	-249.8627	62.19598	3.873249	0.2605044	0.1102712	1.316543
156	-187.3847	-248.9161	61.53138	4.070776	0.6076696	0.1563685	1.001295
162	-192.5548	-253.8639	61.30911	3.309405	0.5709497	0.6799312	0.9808303
168	-194.2716	-254.8669	60.59521	3.927584	0.5849226	0.8619247	0.8149679
174	-195.5277	-256.2723	60.74452	3.98175	0.5310249	0.8619247	0.405554
180	-187.4048	-248.5885	61.18376	3.420226	0.5449416	0.8619247	0.7877015
186	-189.1973	-248.7486	59.5513	2.722678	0.9415393	0.138151	3.051067
192	-177.8138	-239.3051	61.49129	2.980314	0.8499869	0.6579151	0.7616675
198	-182.0171	-241.3456	59.3285	4.55883	0.6288177	1.428283	0.2488999
204	-181.5035	-243.5303	62.02684	3.436525	0.8244444	0.1595797	0.2693675
210	-188.0053	-249.9149	61.90957	3.731129	0.7723859	0.02771225	1.268349
216	-182.0245	-244.2283	62.20383	3.863259	0.7723859	0.02771225	0.8621042
222	-175.9375	-237.9011	61.96369	3.278651	0.4901043	0.02771225	1.858326
228	-186.4629	-247.8854	61.42247	3.359726	0.7954005	0.175824	1.43737
234	-184.2791	-246.9432	62.6641	3.535863	0.7954005	0.0176296	0.65559
240	-189.7394	-252.0545	62.31504	3.075319	0.7954005	0.1520936	0.2091133
246	-185.7899	-246.8511	61.06116	3.295559	0.5239893	0.9642922	0.9846156
252	-192.0126	-252.1594	60.14685	2.554511	0.6680384	0.9642922	2.080957
258	-189.5447	-251.1783	61.63358	3.392264	0.6341464	0.4729115	0.7588291
264	-191.8846	-249.8372	57.95254	3.833119	0.6953236	0.1444975	3.495257
270	-193.9523	-252.4835	58.53123	2.500275	0.6953236	0.9902391	3.08076
276	-186.9126	-243.4314	56.51881	2.87479	1.112754	0.08872605	4.725565
282	-188.159	-249.0376	60.87861	3.753674	0.6775819	0.04846049	2.015973
288	-189.8752	-249.4212	59.54599	4.221351	0.7415134	0.3143106	1.942926
294	-193.7833	-251.1427	57.35937	5.897571	0.8028762	1.005375	1.55049
300	-194.086	-253.688	59.60193	5.730436	0.6766006	0.2638303	0.8480701
306	-199.6692	-256.3775	56.70831	6.779589	0.8650048	0.5594361	1.72469
312	-199.871	-257.0414	57.17047	6.662676	0.8650048	0.5285038	1.509558
318	-199.2476	-258.5365	59.28894	4.497782	0.7852007	0.1906896	2.109683
324	-198.9544	-256.7758	57.82142	3.343929	0.6026741	1.834016	2.675996
330	-185.0082	-246.035	61.02683	3.624677	0.4018389	1.180692	0.5505007
336	-193.8377	-253.5366	59.69894	3.519688	0.713106	1.180692	1.538977
342	-187.7563	-249.5117	61.75533	2.558309	0.2719325	0.4792915	1.89828
348	-192.8676	-249.6685	56.8009	3.037931	0.4804039	1.783482	3.599315
354	-194.1573	-253.05	58.89269	3.472159	0.713525	1.006217	2.2335
360	-178.9257	-239.4862	60.56046	2.638471	0.3222241	1.006217	2.113227
366	-184.9873	-246.5478	61.56052	2.690253	0.315787	0.2963873	2.113227
372	-185.4778	-248.2803	62.8025	2.762775	0.7592764	0.1798229	0.7050943
378	-183.9647	-246.7267	62.76208	1.588682	0.4361939	0.3412865	1.815482
384	-184.6892	-242.4569	57.76768	4.526752	0.3944812	4.396134	1.415863
390	-176.6788	-234.0824	57.40356	2.340789	0.3419306	5.071741	3.024827
396	-182.558	-238.9686	56.41055	2.38096	0.912453	5.071741	3.093094
402	-179.0915	-238.1697	59.0782	2.402881	0.912453	2.288336	2.066527
408	-183.2326	-243.0398	59.80718	1.710893	0.912453	1.078679	2.576907
414	-188.6477	-251.0787	62.43098	2.939453	0.4123645	0.3149841	1.111165
420	-179.9536	-241.894	61.94046	3.652361	0.4123645	0.1006216	1.461348
426	-185.2935	-246.883	61.58942	3.388888	0.6319533	0.1385049	1.544161
432	-187.9992	-247.6779	59.67875	5.8104	0.4749111	0.07395733	1.544161
438	-181.5068	-242.2065	60.69975	4.836034	0.4749111	0.07395733	1.509493
444	-185.7055	-247.9238	62.21833	2.719865	0.5107904	0.3501354	1.269304
450	-183.9931	-243.11	59.11695	3.735482	0.5107904	0.5543722	2.460448
456	-193.8063	-253.7354	59.92912	2.212411	0.5107904	1.686266	2.210896
462	-182.4037	-242.7259	60.32211	3.645571	0.5107904	1.686266	0.7712439
468	-178.2204	-237.6721	59.45168	4.142238	0.5107904	2.432445	0.6787076
474	-181.5401	-243.1517	61.61159	2.841903	0.5107904	0.7771272	1.111485
480	-181.7328	-241.4888	59.75602	3.667429	0.5107904	1.189852	1.596738
486	-185.9315	-247.205	61.27345	2.462875	0.4902484	1.002843	1.520037
492	-187.7637	-249.5293	61.76565	3.016512	0.4902484	0.8254083	0.7152429
498	-184.3981	-245.1388	60.74071	2.831072	0.6125217	0.6216886	1.823755
504	-183.5755	-245.6264	62.05097	2.397102	0.4773507	0.6216886	1.335209
510	-184.3283	-245.9461	61.61782	3.059538	0.4098856	0.8508445	0.9844111
516	-193.1479	-254.2683	61.12044	3.79691	0.3116505	0.8508445	0.9465805
522	-189.2505	-251.6175	62.36699	2.766127	0.3116505	0.7079568	0.8990255
528	-177.8748	-238.1281	60.25334	4.468295	0.6021603	0.7079568	0.7609348
534	-175.8779	-236.9579	61.07992	4.03145	0.2446511	0.8978236	0.8545586
540	-176.0228	-237.8835	61.86074	3.049835	0.2610475	0.8978236	1.024227
546	-176.3005	-238.1837	61.88319	3.180353	0.4575775	0.6722522	0.649294
552	-167.3207	-228.4116	61.09089	4.379524	0.4919723	0.05239693	1.613872
558	-169.4097	-232.1843	62.77468	2.508938	0.5727851	0.1268914	1.410986
564	-173.1062	-235.2015	62.09539	3.405939	0.4302459	0.408556	0.7045736
570	-185.5258	-241.0992	55.57336	4.223374	0.472173	16.00717	1.693509
576	-197.0736	-252.3008	55.22716	3.551664	0.472173	14.19714	2.497379
582	-184.2301	-244.8758	60.64578	2.716037	0.4594375	1.452795	1.549137
588	-176.496	-238.3659	61.86993	2.678043	0.4268817	0.7909693	1.142257
594	-188.5377	-249.6086	61.07083	3.049225	0.5932621	0.7909693	1.274787
600	-189.2515	-249.9639	60.71248	4.548329	0.4958292	0.06843001	1.702725
606	-191.7195	-254.0791	62.35964	4.173173	0.4958292	0.01748147	0.7932375
612	-187.8181	-250.2911	62.47303	4.021775	0.5682367	0.01995428	0.6705333
618	-187.6255	-250.9585	63.33306	3.041538	0.4684028	0.07919147	0.6973317
624	-179.4279	-240.6172	61.18934	3.979871	0.4868158	0.5468148	0.6973317
630	-179.5465	-239.4483	59.90174	2.909445	0.4868158	0.6582532	2.416956
636	-188.2016	-247.5165	59.31489	3.039866	0.6701733	2.523324	1.581013
642	-196.3678	-254.5125	58.14472	5.321508	0.3720785	3.216673	0.3263812
648	-204.0853	-261.993	57.90765	5.712454	0.586042	2.184613	0.6525883
654	-197.8546	-256.7969	58.94228	4.105411	0.879677	2.184613	0.9292428
660	-191.7119	-252.2125	60.50061	4.105369	0.5081968	0.7693622	0.9781754
666	-189.5405	-250.4519	60.91147	4.232133	0.3253824	0.8457182	0.5441131
672	-193.2578	-254.1569	60.89912	4.453177	0.4170442	0.457774	0.2738316
678	-196.7314	-258.739	62.00764	4.484194	0.4170442	0.0856629	0.4405583
684	-187.8315	-251.2251	63.39358	2.847417	0.2981327	0.2158504	0.6623595
690	-177.5546	-240.8579	63.30328	2.964042	0.2981327	0.2067535	0.6623595
696	-179.7397	-242.3684	62.62873	2.850494	0.4863241	0.3261074	0.2687565
702	-183.8957	-247.1625	63.26675	2.575323	0.3187682	0.3261074	0.2937038
708	-184.4937	-245.2462	60.75254	3.51203	0.6557904	0.3261074	1.657619
714	-185.7299	-246.6948	60.96491	3.005509	0.50944	0.3952729	1.914019
720	-177.7731	-238.8712	61.09808	3.420889	0.5573063	0.5849717	1.214263
726	-176.2387	-238.6471	62.4084	2.519885	0.5573063	0.3511789	1.214263
732	-179.8875	-241.3732	61.48576	2.642575	0.6630035	0.9324473	1.041217
738	-186.7968	-246.6677	59.87087	3.123462	0.6630035	1.840396	1.389632
744	-192.9686	-253.6419	60.6733	2.787702	0.7205114	0.8871653	1.565267
750	-183.2679	-244.2611	60.99324	3.001098	0.72737	0.8871653	1.132375
756	-183.4977	-244.7612	61.26353	2.848865	0.7860459	0.8871653	0.9488637
762	-181.3885	-242.1118	60.72326	3.06758	0.7860459	0.8871653	1.24576
768	-182.961	-244.5061	61.54505	3.158194	0.6948184	0.7019181	0.482779
774	-184.9896	-244.9504	59.96077	2.671107	0.6733076	2.221746	1.487082
780	-190.5881	-251.4795	60.89142	3.081554	0.434905	1.361756	1.152871
786	-181.1498	-242.1583	61.00852	2.940362	0.434905	1.361756	1.173994
792	-185.4895	-246.6165	61.12695	3.507654	0.6509472	0.5264033	1.070697
798	-176.458	-237.0452	60.58724	2.341583	0.6912218	0.9683062	1.905791
804	-177.7073	-238.3765	60.66917	2.384316	0.4407	1.476464	1.780796
810	-186.9988	-244.0411	57.04236	1.742089	1.054314	1.476464	3.91482
816	-189.1998	-247.1084	57.90851	1.786012	0.6599255	1.063569	3.848082
822	-188.0344	-246.6171	58.5827	1.77109	0.8533264	0.3337297	3.911883
828	-183.675	-243.7247	60.04968	1.223939	0.3300918	0.2812539	3.911883
834	-183.6155	-242.8829	59.26748	1.341675	0.5617339	0.3942049	3.911883
840	-183.0457	-242.7192	59.67356	2.030899	0.3823313	1.245733	2.834349
846	-184.3075	-242.4975	58.18998	3.173527	0.615574	5.076818	1.685415
852	-190.5874	-247.258	56.67062	3.305222	0.7850711	9.131245	1.89233
858	-193.2142	-249.7047	56.49052	3.305222	0.4745721	17.09527	1.61103
864	-197.2693	-253.5947	56.32544	3.69268	0.3565833	17.09527	1.61103
870	-193.5437	-250.358	56.81429	3.69268	0.4140284	17.09527	1.134384
876	-189.0316	-245.6432	56.61157	3.69268	0.4140284	17.09527	1.306303
882	-187.6381	-243.2326	55.59454	3.637917	0.4140284	25.81945	1.571512
888	-181.3687	-239.1253	57.75654	3.896005	0.5796351	4.863448	1.5578
894	-185.5684	-242.7471	57.17866	3.579289	0.4259206	6.680805	2.039007
900	-178.9517	-237.3037	58.35201	3.617246	0.5941654	1.534337	2.306739
906	-173.5777	-235.638	62.06029	2.248128	0.5433279	0.8338966	1.135398
912	-181.5457	-240.4943	58.94857	2.150767	0.316972	1.963481	2.977644
918	-179.4176	-235.3092	55.89159	2.135615	0.4098462	2.031749	4.6173
924	-177.8518	-236.0187	58.16687	2.17171	0.5973602	0.7265303	3.740265
930	-183.57	-246.72	63.14998	1.912801	0.3617016	0.1426322	1.798098
936	-174.1238	-233.7971	59.67331	1.470009	0.3594319	0.2167901	4.047488
942	-174.784	-235.7153	60.93128	1.995581	0.4000419	0.7871519	2.338667
948	-185.3126	-245.2153	59.90269	2.598219	0.5116525	0.7179871	2.536265
954	-189.4342	-246.841	57.40684	3.1942	0.6090749	5.244339	2.176195
960	-187.7662	-244.7601	56.99399	3.580593	1.012771	4.858074	1.949178
966	-187.6937	-244.3883	56.69457	5.025564	0.6252537	7.13564	0.9851624
972	-181.2763	-240.5632	59.28693	4.356022	0.6252537	2.018754	0.3544355
978	-182.5288	-238.6915	56.16271	5.514779	0.6252537	8.286176	0.7711943
984	-175.4461	-235.1326	59.68649	4.021469	0.6252537	1.992795	0.5406555
990	-185.5883	-245.5689	59.98058	4.388585	0.5682807	1.131769	0.3601516
996	-187.3274	-247.8088	60.48131	3.857222	0.5682807	1.131769	0.7259389
1002	-193.9037	-254.1256	60.2219	3.92442	1.084465	0.1510446	1.740298
1008	-190.6607	-246.3103	55.64955	4.199692	0.8246709	1.211977	3.56172
1014	-182.8321	-244.8354	62.00329	2.037814	0.8246709	0.4302656	1.513555
1020	-191.6375	-250.5865	58.94903	3.23817	0.6345286	3.191908	1.522014
1026	-197.6062	-256.2498	58.64354	2.912607	0.380797	3.191908	2.240951
1032	-183.1756	-241.6543	58.47866	6.335076	0.5829269	0.246843	1.470259
1038	-181.2497	-240.2998	59.05011	6.212601	0.5829269	0.246843	0.1715176
1044	-174.293	-233.5741	59.28103	5.852232	0.6749294	0.246843	0.1715176
1050	-175.8546	-235.3799	59.52534	5.534551	0.731482	0.246843	0.1715176
1056	-171.0921	-231.4372	60.34515	5.264408	0.5228553	0.246843	0.2685232
1062	-170.1168	-233.1704	63.05357	2.95965	0.3100763	0.246843	0.2685232
1068	-171.0716	-234.3083	63.23671	2.899797	0.2806699	0.246843	0.3047174
1074	-174.7584	-236.012	61.25357	3.455971	0.523279	0.7268476	0.8975319
1080	-174.0065	-235.2224	61.21592	3.012542	0.523279	1.210233	0.8738765
1086	-168.8752	-229.1671	60.2919	3.648368	0.5964357	1.654477	0.6228406
1092	-174.0312	-237.206	63.17481	3.073667	0.3625636	0.1327721	0.8446183
1098	-184.7636	-245.6153	60.85173	4.170461	0.8234681	0.3793949	0.6488934
1104	-176.0897	-238.0894	61.99966	3.791771	0.5360868	0.2183922	0.381361
1110	-171.9996	-231.7797	59.78012	4.160595	0.3726347	2.229852	0.6943759
1116	-167.903	-227.4303	59.52734	3.244068	0.3239503	3.235989	1.475052
1122	-171.8476	-229.5105	57.66284	3.266686	0.538538	7.66328	1.649013
1128	-172.2453	-231.7387	59.49345	2.986899	0.3378664	2.282879	1.967441
1134	-180.4163	-238.3971	57.98083	2.883905	0.3378664	3.148204	2.740671
1140	-179.1342	-238.7824	59.6482	3.148357	0.6211201	2.89747	1.147314
1146	-176.5257	-235.8824	59.35669	3.049531	0.9088828	1.838862	1.610045
1152	-174.645	-234.2749	59.62982	2.947017	0.5333607	1.838862	1.831584
1158	-173.9023	-234.5063	60.60406	3.150126	0.5333607	0.346405	2.098531
1164	-179.0177	-238.0633	59.04559	3.638805	0.703419	2.375036	1.353714
1170	-176.5879	-235.5204	58.9325	3.751895	0.703419	2.375036	1.353714
1176	-175.8523	-235.9559	60.10354	3.925673	0.396852	1.737294	0.9040076
1182	-180.6442	-240.821	60.17681	3.21313	0.6158689	1.737294	1.172735
1188	-180.0192	-241.2451	61.22593	2.876952	1.0941	0.5034452	1.136245
1194	-179.2782	-242.0128	62.73468	3.193322	0.5306411	0.1091964	0.9676759
1200	-178.4432	-241.4217	62.97852	2.345687	0.5306411	0.06233467	1.638306
1206	-178.8757	-238.6399	59.76427	2.336589	1.203253	0.08191143	3.142842
1212	-178.3235	-239.5611	61.2376	3.274573	0.964329	0.5565204	0.7356275
1218	-174.4109	-235.4951	61.08423	3.341025	0.964329	0.5565204	0.8532529
1224	-178.6533	-239.0786	60.42528	3.341025	0.41428	0.1166573	2.634636
1230	-196.4998	-255.2446	58.74473	5.171898	0.9219348	0.5930685	1.320782
1236	-187.8621	-246.8856	59.0235	3.73508	0.7143736	2.787282	1.112505
1242	-189.0074	-248.0921	59.08465	3.531263	0.4803176	2.787282	1.507801
1248	-190.3444	-251.6879	61.34347	3.045105	0.4101745	0.8961866	1.204224
1254	-195.1949	-257.914	62.71906	3.267052	0.612607	0.1304374	0.5748489
1260	-183.456	-246.5828	63.1268	3.132531	0.5808204	0.07635905	0.5753717
1266	-186.6943	-246.8037	60.10937	2.584793	0.715572	0.07635905	3.108528
1272	-177.0184	-238.2635	61.24512	1.676993	1.151303	0.02572243	2.837015
1278	-175.3569	-237.9525	62.59556	1.997798	0.6595806	0.04807954	2.059083
1284	-173.6846	-236.7582	63.07357	2.471129	0.4594748	0.1121601	1.395748
1290	-178.1563	-240.9558	62.79948	2.36668	0.2052121	0.1197675	2.0449
1296	-177.4416	-238.8205	61.37897	3.159177	0.3448162	0.7351188	1.343686
1302	-180.4366	-241.7732	61.33663	3.529954	0.8593617	0.245522	1.141921
1308	-177.4949	-239.7942	62.29931	3.817442	0.4888829	0.1462051	0.586799
1314	-170.1743	-233.5926	63.41833	3.05738	0.2328212	0.2021489	0.586799
1320	-171.2599	-234.0168	62.75686	2.791988	0.2328212	0.3320417	1.27318
1326	-173.6049	-236.8153	63.21036	2.192225	0.2387422	0.07248983	1.960593
1332	-172.3395	-233.5679	61.22833	3.418048	0.6348778	0.7494704	0.7245722
1338	-177.8603	-239.3546	61.49422	3.952619	0.4960306	0.4046739	0.4230005
1344	-181.1566	-244.0509	62.89436	3.434053	0.2272904	0.2614912	0.4230005
1350	-186.484	-248.592	62.10804	3.163069	0.2085277	0.1991761	1.783673
1356	-181.7056	-240.9578	59.25222	3.000731	0.2471075	2.93695	2.054802
1362	-182.2343	-242.4398	60.2055	3.916442	0.6985677	1.156954	0.7435714
1368	-187.0021	-247.3305	60.32835	3.521354	0.356573	1.642273	1.213022
1374	-179.4099	-240.9963	61.58637	3.684702	0.4314406	0.2093546	1.389828
1380	-179.7924	-241.8036	62.01126	3.171787	0.4314406	0.2004388	1.477595
1386	-176.316	-238.9741	62.65807	3.004181	0.5551212	0.195277	0.8871788
1392	-172.6249	-234.7795	62.15459	2.944993	0.3988267	0.2963425	1.394558
1398	-174.6807	-236.1343	61.45357	4.441091	0.4808242	0.2225224	0.5703399
1404	-173.8848	-235.8968	62.01202	4.299086	0.2777987	0.2225224	0.5408386
1410	-172.6105	-236.4468	63.8363	2.90755	0.2807412	0.08416793	0.679146
1416	-182.0893	-244.5102	62.42096	2.783191	0.6909766	0.2658387	0.9644087
1422	-169.8972	-232.1699	62.27269	2.371899	0.3618109	0.5056913	1.487383
1428	-181.7892	-241.7506	59.96141	2.923166	0.4621611	0.7148211	2.35002
1434	-178.6564	-239.9972	61.34076	3.380716	0.8458802	0.5564452	0.4583515
1440	-180.7023	-240.4067	59.70447	3.195802	0.2347812	0.5577553	2.780732
1446	-182.3099	-243.4622	61.15223	2.810133	0.3970231	0.4450409	1.991141
1452	-183.3324	-242.5489	59.21644	4.683594	0.3881307	1.011691	1.529426
1458	-183.8819	-245.3929	61.511	3.707535	0.3635643	0.2821462	1.382951
1464	-186.2594	-246.8898	60.63037	3.461451	0.3635643	1.380575	1.156585
1470	-182.6089	-243.7609	61.15196	2.834364	0.3635643	1.380575	1.246939
1476	-184.3986	-245.6246	61.22603	2.701273	1.054262	0.8779545	0.8453813
1482	-179.7536	-241.7595	62.00598	2.854191	1.054262	0.1484273	1.227973
1488	-193.2702	-255.0019	61.73173	2.953558	1.28556	0.3353808	0.4134787
1494	-184.3541	-241.6959	57.34182	3.121697	1.080843	0.4839212	3.54773
1500	-176.8296	-236.8926	60.06294	3.75602	0.589426	0.4839212	1.823248
1506	-178.3049	-237.8408	59.5359	4.280694	0.6179542	1.646732	0.7918484
1512	-177.1285	-237.6955	60.56702	3.174622	0.3372969	1.96305	1.165044
1518	-180.2047	-240.5451	60.34046	3.412238	0.4514868	1.93504	0.9591902
1524	-182.2005	-240.9825	58.78204	2.944361	0.3976277	0.6775701	3.16094
1530	-181.6973	-240.1477	58.45034	4.380745	0.5811311	0.6775701	2.293137
1536	-181.5273	-241.1117	59.58438	2.669854	0.6104344	1.057859	2.36133
1542	-186.2298	-247.3837	61.15395	2.276732	0.4669225	0.5988623	2.094347
1548	-184.114	-247.1066	62.99252	3.028833	0.5163541	0.1368065	0.7545972
1554	-184.6626	-247.0099	62.34737	3.467984	0.8218052	0.09368203	0.6957681
1560	-183.2002	-243.7448	60.5446	3.142045	0.8217355	0.6581059	1.51349
1566	-188.6244	-250.8761	62.25174	3.196834	0.6979547	0.05435407	1.395807
1572	-185.0341	-247.384	62.34985	2.951749	0.8314076	0.2502342	0.3683645
1578	-182.2204	-245.2726	63.05224	2.786908	0.5387337	0.1812218	0.7476285
1584	-179.6708	-241.5537	61.88283	3.121041	0.7141103	0.3805204	0.8701309
1590	-181.6558	-241.2167	59.5609	4.575009	0.7434646	1.122441	0.3575839
1596	-185.2106	-245.3451	60.13453	5.051457	0.7158613	0.2425226	0.1993823
1602	-180.0449	-239.3664	59.32141	5.271738	0.5408267	0.5831882	0.1518938
1608	-187.9068	-246.8599	58.95316	5.786733	0.392182	0.5021185	0.1099833
1614	-176.9825	-236.3663	59.38384	5.283047	0.6336468	0.5021185	0.1720343
1620	-175.155	-234.922	59.76708	4.842513	0.9751935	0.253062	0.1364447
1626	-176.211	-236.5241	60.31316	4.589437	0.9751935	0.253062	0.2132744
1632	-177.8307	-240.0081	62.17742	3.679851	0.4412473	0.253062	0.6404641
1638	-177.3203	-240.3069	62.98659	2.855658	0.4412473	0.253062	0.672031
1644	-182.3976	-246.0704	63.67277	2.388931	0.4412473	0.1859564	0.6048115
1650	-178.1456	-241.1441	62.99847	2.796538	0.6071986	0.1859564	0.6048115
1656	-186.0516	-245.479	59.42748	4.712666	0.589079	0.9402925	1.119679
1662	-187.8352	-248.3232	60.48794	2.312052	0.4503375	0.9402925	2.25091
1668	-179.2412	-241.3111	62.06987	2.820676	0.4503375	0.6614193	0.9281391
1674	-180.7949	-244.0378	63.24287	2.828861	0.3009324	0.08138021	1.335777
1680	-188.2112	-246.5316	58.32042	2.281584	0.7860884	0.08138021	4.256526
1686	-189.0426	-249.9377	60.89515	3.06337	0.7860884	0.5657336	1.439867
1692	-194.1256	-253.7929	59.66732	3.523529	0.731696	1.753249	1.201692
1698	-193.1652	-250.8829	57.71769	3.407913	0.5296875	2.736412	2.470926
1704	-200.7949	-259.0737	58.27879	4.191937	1.117917	2.736412	0.9941082
1710	-191.3336	-250.5652	59.23154	3.077507	0.301702	5.170448	1.382092
1716	-188.3979	-247.9556	59.55766	3.168089	0.5581718	4.38039	0.7322631
1722	-191.8741	-250.5744	58.70036	3.168089	0.5581718	4.38039	1.529046
1728	-195.6493	-247.1053	51.45608	5.330862	0.4477379	4.38039	4.725036
1734	-193.513	-252.959	59.44601	3.883578	0.7143946	1.975928	0.9641057
1740	-189.2814	-250.97	61.68861	3.749135	0.5179825	0.3973628	0.5151022
1746	-196.3638	-256.7464	60.38258	3.659104	0.8587346	1.042423	0.7338243
1752	-202.0261	-260.7698	58.74367	3.46691	0.9388425	1.432611	1.919924
1758	-196.3473	-256.1723	59.82503	5.596795	0.5169679	0.1159171	1.404381
1764	-191.3323	-252.976	61.64371	3.396113	0.9374964	0.2741523	0.7959602
1770	-190.8989	-251.6498	60.75085	2.871265	0.4376476	0.8600741	1.776217
1776	-183.3599	-244.3536	60.99378	2.157132	0.4376476	0.3562299	2.57259
1782	-189.8651	-249.1736	59.30852	4.959522	0.6022524	0.6786965	1.258334
1788	-191.6546	-246.5899	54.93535	5.108347	0.597621	13.27721	1.59793
1794	-188.8733	-250.7312	61.85791	3.27024	0.428573	0.3052298	1.311032
1800	-183.3398	-243.8476	60.50781	3.887423	0.7714784	0.347863	1.41553
1806	-181.9967	-243.0082	61.01145	3.833986	0.4878775	0.5600662	1.055278
1812	-193.0217	-254.3788	61.35709	2.454204	0.45802	1.076429	1.451336
1818	-197.3558	-258.1099	60.75412	4.184207	0.45802	0.8009182	0.4908155
1824	-199.3214	-260.7483	61.42689	3.660126	0.4224039	0.716541	0.6050998
1830	-189.719	-247.743	58.02399	4.360039	0.7541522	4.836735	0.6050998
1836	-193.2523	-251.791	58.53873	4.055317	0.5653491	4.836735	0.7057423
1842	-192.609	-247.5222	54.91325	7.0039	0.3932783	3.30199	1.95897
1848	-190.6905	-249.4848	58.79431	3.804245	0.3932783	3.30199	1.477098
1854	-191.2405	-251.7993	60.55878	3.777767	0.6277688	1.095359	0.6274947
1860	-188.4351	-248.6366	60.20146	4.33521	0.9264244	0.4570683	0.2190671
1866	-178.6081	-239.5547	60.94664	4.917922	0.5835685	0.1026774	0.211143
1872	-178.6726	-240.3636	61.691	3.338187	0.6939439	0.4715581	0.6027481
1878	-178.8247	-239.9768	61.15202	3.179849	0.6939439	0.754602	0.9996495
1884	-171.9225	-235.4198	63.49725	2.404188	0.2726793	0.3662258	0.7328408
1890	-172.1134	-233.4926	61.37911	3.078502	0.6067509	0.5415764	1.259481
1896	-171.4793	-232.5476	61.06831	3.438028	0.5202712	1.105748	0.5739002
1902	-181.4197	-241.8584	60.43866	3.438028	0.3447568	1.977643	1.017479
1908	-184.0589	-244.4338	60.37487	2.706646	0.9031694	0.9197113	1.659896
1914	-190.6056	-250.3899	59.7843	3.396969	0.4592695	1.599453	1.603719
1920	-187.3802	-247.0455	59.66531	2.575451	0.5290275	1.187463	2.372437
1926	-184.7386	-241.7651	57.02644	3.163317	0.7119431	0.8611244	3.643163
1932	-189.4763	-248.4212	58.94485	4.275886	0.5689265	2.830999	0.8203136
1938	-187.0141	-245.9575	58.94343	4.275886	0.5689265	2.830999	0.2755338
1944	-188.2716	-247.071	58.79937	4.594183	0.4120769	2.005608	0.1217251
1950	-182.12	-243.8775	61.75746	3.913406	0.4120769	0.1863866	1.146051
1956	-180.573	-243.7793	63.20628	2.381998	0.4120769	0.1726545	1.254297
1962	-180.6234	-243.5722	62.94877	2.606567	0.2507465	0.170372	1.56214
1968	-177.222	-239.0918	61.8698	2.700182	0.375824	0.8647449	1.134494
1974	-188.8601	-249.5471	60.687	3.723713	0.4163992	0.4973036	1.591403
1980	-200.4001	-258.7548	58.35473	4.511147	0.5630276	2.282608	1.403492
1986	-189.5722	-250.0618	60.48961	4.268399	0.4948161	0.2384478	1.630109
1992	-184.9631	-246.8765	61.9134	3.328428	0.6335534	0.3834815	0.6756084
1998	-178.7437	-238.4327	59.68905	2.971676	0.3259182	0.7212313	2.651514
2004	-176.2557	-238.8804	62.62471	2.569617	0.2518964	0.26984	1.616994
2010	-174.5643	-238.0794	63.51511	2.3215	0.5592542	0.1778902	0.7182826
2016	-180.2713	-239.3927	59.12141	2.073286	0.4904531	0.1778902	3.946072
2022	-187.9934	-247.3507	59.35727	2.914663	0.4082396	0.3306132	3.171324
2028	-174.7092	-237.3405	62.63124	2.279153	0.4082396	0.4801254	1.238232
2034	-163.9503	-226.3683	62.41808	2.385123	0.3065466	0.08842145	2.196276
2040	-178.2165	-240.2963	62.07988	2.202197	0.6777405	0.1502691	1.958941
2046	-172.0677	-235.7076	63.63989	2.363667	0.4183301	0.1104041	1.077915
2052	-170.9929	-233.7259	62.73291	2.620352	0.3391052	0.6498676	0.5650597
2058	-179.7736	-241.784	62.01038	3.063608	0.3391052	0.8649763	0.6116034
2064	-168.8228	-232.1883	63.36553	1.979929	0.8054595	0.04223718	1.419699
2070	-180.5226	-237.987	57.46442	4.21939	0.8054595	1.267432	2.443676
2076	-173.5796	-235.1332	61.55362	2.678035	0.5202818	1.013694	1.063964
2082	-175.6279	-236.5546	60.92663	2.901158	0.4260695	0.6173088	1.859619
2088	-174.1112	-235.1027	60.9915	2.652856	0.5384208	0.612037	1.859619
2094	-181.6695	-241.2878	59.61824	2.415936	0.7448414	1.056794	2.387732
2100	-185.1825	-244.3017	59.1192	2.914983	0.7448414	1.056794	2.387732
2106	-173.8837	-234.8677	60.98402	3.190889	0.4308698	1.667975	0.6792854
2112	-183.1821	-242.5834	59.40135	4.033063	0.3961039	0.1620616	2.757986
2118	-186.8968	-248.7843	61.88752	2.38407	0.4953196	0.4887709	1.601637
2124	-181.4846	-242.4182	60.93363	2.864148	0.4782112	0.589731	1.84417
2130	-167.4893	-229.9675	62.47815	2.967318	0.4782112	0.2752529	1.017273
2136	-162.7018	-225.6969	62.99508	2.240061	0.5701217	0.2752529	1.077649
2142	-165.1636	-225.1469	59.98332	2.757481	1.273584	0.4305359	2.111231
2148	-162.955	-224.3655	61.41056	2.336656	0.5123829	0.4305359	2.015883
2154	-164.493	-226.1965	61.70347	3.635469	0.5123829	0.4305359	0.3634865
2160	-166.6725	-228.1631	61.49061	2.893418	0.6696775	0.4305359	1.398791
2166	-166.8102	-228.8504	62.04017	4.72244	0.3493673	0.008824724	0.7612801
2172	-167.988	-229.5766	61.58861	4.300849	0.7147619	0.06860002	0.9222735
2178	-162.4355	-224.718	62.2825	2.698278	0.7147619	0.2361875	1.214713
2184	-166.585	-227.4382	60.8532	2.637464	0.7147619	0.8422244	1.585609
2190	-166.7462	-227.8354	61.08925	3.639991	0.5096242	0.8422244	0.7179358
2196	-174.8985	-234.3136	59.41517	3.320812	0.7296907	1.99513	1.449346
2202	-172.8582	-232.8423	59.98417	3.986279	0.3872491	1.991508	0.8073628
2208	-174.5666	-235.0267	60.4601	3.573938	0.6572886	1.269882	0.8073628
2214	-178.8027	-238.7184	59.9157	3.202321	0.9009038	1.916358	0.9928202
2220	-175.6702	-235.6631	59.99285	2.794825	0.8100735	1.22974	1.73321
2226	-180.9378	-241.113	60.17519	3.462805	0.8100735	1.315295	0.9948144
2232	-178.3061	-238.6978	60.39164	3.030024	0.8100735	1.315295	1.1944
2238	-183.4155	-245.8569	62.4414	3.030024	0.8100735	0.2122776	0.5259687
2244	-182.9885	-245.6322	62.64371	2.509441	0.6030052	0.3722454	0.8916877
2250	-182.9136	-243.5774	60.66377	2.252288	0.5173387	0.4123623	2.564759
2256	-185.9143	-241.481	55.56668	4.398782	0.7546848	1.19091	3.553312
2262	-184.0343	-241.0298	56.99547	4.42799	0.5904085	1.19091	2.818883
2268	-180.3509	-239.9802	59.62933	2.453074	0.5551557	1.477175	2.298562
2274	-181.4488	-241.9671	60.5183	3.342461	0.5551557	0.3564198	1.991593
2280	-194.5609	-254.9812	60.42031	4.771969	0.4060459	0.2602305	1.380314
2286	-189.1751	-247.1478	57.97265	4.604719	0.5719964	0.6613907	2.476075
2292	-184.8833	-246.2926	61.40925	3.345353	0.3202188	0.6613907	1.289938
2298	-187.7793	-249.9579	62.17863	3.191263	0.3202188	0.6613907	0.5974697
2304	-190.7491	-252.4534	61.70426	2.70874	0.8883712	0.4864319	1.068302
2310	-191.2698	-251.8176	60.54782	2.568188	0.7773844	0.7031327	1.91195
2316	-184.2075	-245.4725	61.26504	2.543199	0.5071517	1.358326	1.190211
2322	-183.2765	-245.7267	62.45016	2.520686	0.5071517	0.3829792	1.190211
2328	-187.4747	-245.2706	57.79598	2.07489	0.9166369	2.278878	3.069761
2334	-184.4867	-243.1142	58.62756	1.911044	0.5167405	0.7941285	3.648206
2340	-191.769	-248.5313	56.76233	1.814301	0.7611891	0.7941285	4.570839
2346	-188.1015	-248.9974	60.89585	3.238409	0.7611891	1.131367	0.6123617
2352	-171.5205	-233.9887	62.46817	3.461547	0.4862695	0.1684681	0.7984546
2358	-179.0024	-239.4849	60.48244	2.454425	0.4829174	0.1883322	2.913186
2364	-164.2808	-226.275	61.99415	3.589621	0.5774529	0.05158219	1.431929
2370	-167.5946	-229.7859	62.19126	3.01995	0.5697995	0.3147397	1.011798
2376	-174.1735	-236.4045	62.23096	2.962021	0.6647779	0.08798092	1.502449
2382	-178.9042	-242.2214	63.31714	2.397512	0.7871289	0.08798092	0.9172448
2388	-182.3066	-244.2547	61.94811	2.072244	0.7871289	0.09574637	2.180271
2394	-183.9591	-247.0807	63.1216	2.676974	0.5739995	0.203349	0.4271737
2400	-195.5697	-256.5095	60.93989	3.82903	0.3945408	1.061959	0.5758462
2406	-195.2674	-255.7255	60.45813	3.377005	0.6068295	1.061959	1.255776
2412	-180.5361	-242.9946	62.45845	3.86038	0.5423382	0.07650165	0.4364892
2418	-174.4015	-236.6304	62.22885	3.810226	0.7168069	0.07650165	0.367894
2424	-193.7147	-256.332	62.61733	3.904163	0.4005857	0.05652586	0.8234505
2430	-179.9722	-241.5663	61.59414	2.128757	0.5853998	0.06396886	2.629615
2436	-177.0782	-238.7128	61.63463	2.837667	0.5853998	0.05545849	2.182858
2442	-177.8274	-238.1507	60.32323	2.458632	0.4641161	0.1258099	3.153871
2448	-182.6351	-243.9694	61.33432	3.998475	0.8067588	0.1258099	1.116845
2454	-183.5554	-240.2066	56.65125	3.998475	0.5769382	9.626858	1.554675
2460	-185.0779	-240.8628	55.78493	4.296292	0.7004744	9.626858	1.836084
2466	-182.1677	-239.8987	57.73096	3.527339	0.7515797	8.366268	1.039275
2472	-187.1646	-244.6856	57.52096	3.527339	0.8646369	8.551125	1.080827
2478	-183.1382	-241.8961	58.75792	3.527339	0.3481244	6.843385	0.955245
2484	-183.4463	-237.9796	54.5333	5.053599	0.2916479	7.077701	2.897435
2490	-184.6325	-245.2593	60.62682	2.58557	0.3060738	0.8552704	2.231802
2496	-177.1674	-238.0896	60.92221	3.705239	0.3060738	0.8194798	1.258085
2502	-186.1935	-248.9892	62.79569	2.425787	0.8296251	0.0909356	1.310965
2508	-179.3794	-242.7883	63.40889	3.235866	0.3576254	0.07668628	0.5852421
2514	-191.0612	-250.72	59.65885	2.805542	0.3878092	1.2418	2.358804
2520	-185.0369	-248.005	62.96811	2.707169	0.3997496	0.3556047	0.6844369
2526	-180.9735	-240.5438	59.57034	2.630267	0.5411688	0.3556047	3.045765
2532	-176.1299	-238.1664	62.03644	2.679425	0.5411688	0.6046054	1.033202
2538	-181.0647	-241.7993	60.73454	2.779571	0.6133374	1.508768	1.205068
2544	-179.4706	-240.7024	61.23179	2.977548	0.3368891	0.606663	1.728989
2550	-186.8483	-249.7537	62.90536	2.109957	0.3368891	0.1550963	1.836702
2556	-184.4744	-246.7471	62.27274	2.02368	0.4788267	0.1001317	2.271577
2562	-195.3132	-257.5613	62.24818	4.079935	0.4238784	0.1001317	0.3121456
2568	-189.9429	-248.9513	59.0084	5.345648	0.58115	0.8664946	1.003781
2574	-190.9373	-251.3805	60.44318	4.62516	0.6776816	0.4627425	0.5955263
2580	-191.4615	-253.1498	61.68829	3.232102	0.7725975	0.1764889	1.349218
2586	-178.4185	-239.7689	61.35045	3.291769	0.6845819	0.7503518	0.5874469
2592	-176.5497	-238.1408	61.59114	2.787337	0.631893	0.5022364	1.345948
2598	-182.6812	-241.426	58.7448	3.237044	0.6392141	0.6016993	2.834757
2604	-183.8049	-245.0905	61.28568	3.20332	0.4714359	1.003512	0.8939077
2610	-180.9382	-241.9921	61.05388	3.055222	0.3237233	1.505695	1.132656
2616	-175.0243	-236.48	61.45572	2.866174	0.3237233	0.9418453	1.364024
2622	-171.0511	-230.9701	59.91905	4.096088	0.47713	1.868873	0.490046
2628	-177.3053	-237.4222	60.1169	4.275463	0.2777369	1.868873	0.6263427
2634	-180.762	-239.0194	58.25746	4.524543	0.4727566	4.839668	0.6263427
2640	-175.1716	-233.2562	58.08463	5.466686	0.6751675	2.055996	0.352531
2646	-181.6124	-239.8546	58.24219	2.791144	0.4019392	2.194699	2.831496
2652	-175.6708	-236.3772	60.70642	2.590171	0.4019392	1.56381	1.614579
2658	-172.9733	-233.0758	60.10256	2.829315	0.817946	1.320144	1.569205
2664	-186.1796	-248.4041	62.22455	2.689696	0.5926423	0.1664964	1.561178
2670	-186.7597	-249.6669	62.90718	3.142419	0.3223828	0.1664964	1.024149
2676	-185.0647	-248.4107	63.34604	2.360871	0.3223828	0.1719162	1.309476
2682	-182.6837	-243.0933	60.40954	5.30849	0.6228113	0.008348165	1.319275
2688	-188.115	-250.2299	62.11494	3.692635	0.6228113	0.03575376	1.263544
2694	-182.4254	-244.0925	61.66708	3.344816	0.7376917	0.4596959	0.5157401
2700	-194.6523	-252.6312	57.97885	1.952318	0.4023305	0.3419137	4.511351
2706	-193.4888	-250.8541	57.36525	2.370897	0.4023305	0.4413996	4.511351
2712	-189.8145	-251.4001	61.5856	2.946222	0.7637848	0.3289465	1.347767
2718	-186.192	-246.8291	60.63715	3.063546	0.5305642	1.183446	1.367571
2724	-178.7272	-239.0116	60.28432	3.057982	0.6101721	1.918076	1.121235
2730	-182.1183	-242.685	60.56668	3.198359	0.6101721	1.220471	1.189485
2736	-179.4904	-239.5082	60.01779	2.988001	0.6348832	2.355025	1.172315
2742	-178.1543	-240.2472	62.09294	2.586326	0.7719658	0.438254	1.022011
2748	-180.1798	-241.198	61.0182	3.475047	0.8988056	0.4252706	1.083542
2754	-176.6306	-239.7425	63.11191	2.536651	0.6868153	0.1537438	0.8406378
2760	-182.8149	-246.3559	63.54095	2.643025	0.5642634	0.08710375	0.6962794
2766	-184.9661	-247.4608	62.49471	3.092116	0.5642634	0.0652465	1.392514
2772	-182.6127	-239.877	57.26423	4.44642	0.4981686	4.422432	1.703058
2778	-187.7824	-248.1801	60.39767	2.626255	0.4363507	0.5606248	2.427059
2784	-186.8545	-243.809	56.95447	3.578633	0.6747149	0.5005156	3.753569
2790	-183.1977	-246.1928	62.99515	3.606564	0.4364159	0.05280389	0.6050763
2796	-201.0612	-262.691	61.62984	2.903607	0.4364159	0.3142057	1.729473
2802	-187.1729	-248.786	61.61309	2.758936	0.4364159	0.3142057	1.841592
2808	-185.0371	-247.7316	62.6945	2.879159	0.6619743	0.09909341	1.160792
2814	-185.7923	-246.1783	60.386	3.246255	1.073478	0.6063939	1.409948
2820	-175.3099	-236.2453	60.93545	2.685532	0.4070962	0.913654	1.775716
2826	-176.7736	-238.965	62.19141	2.045782	0.5028908	0.398392	1.733432
2832	-183.5976	-245.5907	61.99307	2.401038	0.5557065	0.5014831	1.422112
2838	-177.9798	-237.9146	59.93479	2.991146	0.291692	0.5014831	2.731533
2844	-173.3188	-238.1855	64.8667	2.178189	0.1875243	0.05203766	0.8390917
2850	-179.8931	-242.6008	62.7077	2.023893	0.1875243	0.6642673	1.571797
2856	-179.4083	-243.4769	64.06865	2.405791	0.2565704	0.1759061	0.6395267
2862	-187.6102	-251.1538	63.54359	3.173539	0.2037198	0.06392438	1.070947
2868	-170.168	-234.3548	64.18681	1.924568	0.2293443	0.06392438	1.508584
2874	-176.695	-237.3041	60.60901	2.95231	0.3960878	0.1237672	2.764691
2880	-179.7934	-242.3406	62.54716	2.82061	0.5825579	0.09963122	1.419474
2886	-175.9899	-235.7995	59.80965	2.510056	0.5825579	0.1545847	3.253111
2892	-173.7868	-235.9751	62.18828	2.206524	0.3044537	1.1136	1.201805
2898	-172.8379	-234.2589	61.42103	2.211329	0.44209	0.15863	2.590544
2904	-169.3247	-232.972	63.64729	2.649833	0.5467342	0.0566656	0.7860449
2910	-177.3928	-238.1	60.70718	2.047433	0.9537697	0.08298681	2.88971
2916	-169.258	-231.896	62.63796	2.71425	0.5714556	0.1344742	1.336216
2922	-176.2294	-236.6329	60.40343	2.722312	0.5967301	1.200744	1.708434
2928	-174.4554	-235.6661	61.21073	2.80715	0.2323169	1.200744	1.577754
2934	-175.633	-238.0387	62.40572	2.270386	0.5617446	0.4352951	1.281908
2940	-179.7654	-241.1432	61.37787	2.78711	0.5617446	0.7855169	1.281908
2946	-187.8835	-248.1392	60.25574	4.253496	0.9008234	0.6642929	0.501677
2952	-195.1038	-256.0448	60.941	2.888386	0.6510374	1.340686	0.9839074
2958	-193.0516	-257.2638	64.2122	1.857975	0.2651447	0.2344796	0.9333143
2964	-185.6138	-247.0381	61.42429	1.932405	0.2987437	0.6144893	2.344874
2970	-181.4967	-239.3942	57.89757	1.708056	0.2987437	0.6144893	4.552089
2976	-181.9091	-244.3593	62.45019	2.768177	0.338048	0.2891209	1.411834
2982	-181.8491	-240.4519	58.6028	2.344285	0.6116284	1.455797	2.958508
2988	-178.2401	-237.1879	58.94786	2.574496	0.6116284	1.431083	2.619337
2994	-175.8435	-234.5388	58.69527	2.851884	0.6116284	0.4539362	3.259411
3000	-173.0362	-234.8194	61.78319	2.636429	0.6116284	0.4539362	1.400995
3006	-189.2534	-251.5555	62.30214	1.792852	0.359973	0.8547265	1.549686
3012	-186.8576	-248.2413	61.38363	3.6326	0.359973	0.3629015	1.406106
3018	-183.8751	-240.4809	56.60582	3.741284	0.7839015	6.128541	2.046149
3024	-186.6951	-248.5002	61.80508	2.56547	0.5175562	0.1598137	2.034309
3030	-188.1892	-247.0461	58.8569	3.783389	0.5175562	0.1435893	3.14564
3036	-181.2646	-243.0088	61.74418	2.646559	0.5175562	0.449442	1.537362
3042	-178.5771	-238.4999	59.92283	3.774871	0.7196864	1.061222	1.243469
3048	-176.5529	-239.8801	63.32725	3.104688	0.4533323	0.06789287	0.7345123
3054	-183.0934	-245.3199	62.22651	3.344266	0.4533323	0.3804074	0.4329045
3060	-169.7748	-229.6361	59.86127	3.344266	0.4533323	2.647645	1.119728
3066	-169.1348	-231.1995	62.06478	2.893303	0.2636898	0.6599163	1.234244
3072	-171.5939	-232.2362	60.64228	3.075464	0.1911162	3.016435	1.048405
3078	-174.2806	-238.1181	63.83749	2.613529	0.1461079	0.07047134	1.423732
3084	-184.1004	-244.167	60.06662	5.153789	0.1461079	1.277974	0.5558193
3090	-176.2537	-237.3085	61.05477	3.96312	0.1461079	1.529503	0.4219902
3096	-187.7417	-247.7016	59.9599	3.933557	0.1623521	3.586642	0.6719166
3102	-182.8618	-244.3285	61.46672	3.675697	0.2125821	1.12911	0.4772193
3108	-172.9204	-234.3252	61.40477	3.872788	0.2211236	0.6363123	1.081393
3114	-175.3332	-236.8024	61.46923	3.39442	0.2211236	1.150203	0.9267031
3120	-182.182	-243.7293	61.54728	3.958242	0.1532822	0.2429952	1.654854
3126	-180.4287	-240.9248	60.49601	4.419966	0.9642929	0.3656737	0.4115983
3132	-188.5385	-248.8903	60.35183	4.781324	1.075249	0.1572329	0.2311348
3138	-187.2799	-247.2693	59.98941	5.209906	0.5888343	0.4593504	0.4168879
3144	-180.9751	-241.7236	60.74849	4.120349	0.4512218	0.5763188	1.069781
3150	-177.8059	-238.7913	60.98539	2.313726	0.5449096	1.702955	1.354317
3156	-173.8063	-234.5171	60.71077	2.357473	0.5449096	0.7942933	2.080028
3162	-181.9813	-239.7365	57.75525	1.847587	1.055614	0.7091707	3.867709
3168	-188.2996	-248.3846	60.08506	1.361304	0.4898962	0.1221946	3.914611
3174	-184.4773	-245.3817	60.90441	3.244892	0.3445176	0.1771248	2.347693
3180	-182.1892	-243.7391	61.54996	3.131739	0.3417377	0.04822042	2.347693
3186	-176.1257	-237.6776	61.55182	2.58751	0.8853543	0.1395062	1.912422
3192	-181.6217	-244.4337	62.81198	2.977729	0.8853543	0.07473505	0.7596808
3198	-178.2079	-240.2565	62.04855	2.738658	0.8853543	0.1536539	1.411541
3204	-174.0361	-236.8364	62.80034	2.42098	0.3996543	0.2613859	1.3648
3210	-177.0974	-236.7732	59.67576	3.535291	0.391905	0.6785196	2.254599
3216	-172.1227	-233.6938	61.57104	3.345802	0.4328642	0.7234223	0.8404167
3222	-176.0866	-237.6957	61.60907	3.212099	0.5667167	0.7234223	0.6444433
3228	-177.0544	-237.635	60.58067	2.745448	0.3980078	1.215483	1.79178
3234	-174.034	-236.3112	62.27719	2.703243	0.3980078	0.3672565	1.36765
3240	-171.6185	-233.405	61.78649	1.902949	0.3980078	0.1875768	2.547817
3246	-177.4628	-237.7114	60.24863	3.247254	0.8346538	1.62625	0.8662997
3252	-182.3069	-243.6693	61.36233	3.405975	0.4380524	0.9104765	0.731758
3258	-194.2937	-256.3094	62.01571	2.987742	0.4977902	0.6923889	0.5327115
3264	-188.0515	-248.6448	60.59327	3.220488	0.4977902	2.080896	0.6573733
3270	-189.8862	-250.8772	60.99097	3.590227	0.6036211	0.874997	0.6573733
3276	-187.1319	-247.6878	60.55599	3.590916	0.660938	1.242109	0.6573733
3282	-183.4501	-246.0635	62.61335	3.057513	0.4799769	0.2685099	0.7762025
3288	-178.3929	-241.9685	63.57564	2.857234	0.3159819	0.1438984	0.6554356
3294	-178.8869	-240.8785	61.99156	2.655919	0.5384169	0.8163265	0.8125797
3300	-177.0898	-237.7098	60.62001	3.362205	0.5384169	1.5573	0.8125797
3306	-183.4631	-244.171	60.70786	3.378025	0.5384169	1.5573	0.6461474
3312	-185.7817	-246.3079	60.52616	3.59388	0.5384169	1.5573	0.5299015
3318	-183.9081	-240.541	56.63287	5.781056	0.757659	3.212763	0.1436352
3324	-181.1315	-240.1379	59.00637	3.370874	0.8274195	3.212763	1.168685
3330	-179.903	-235.6377	55.73466	3.370874	0.630114	8.377437	2.665467
3336	-177.1875	-234.331	57.14356	4.57637	0.630114	8.377437	0.6613234
3342	-190.8945	-246.826	55.93149	5.172446	0.804312	3.773444	1.975817
3348	-192.6875	-248.0302	55.34273	5.789741	0.3290023	16.36198	0.7133562
3354	-187.5497	-246.4973	58.94759	4.263657	0.6706437	2.199321	1.013619
3360	-189.7164	-243.8349	54.11856	8.79467	0.4905738	2.199321	1.489785
3366	-189.55	-246.3152	56.7652	6.403644	0.4905738	2.199321	1.289974
3372	-182.0887	-243.612	61.5233	3.141174	0.5810938	0.7687423	0.778059
3378	-191.3563	-250.599	59.24268	3.730546	0.6576709	3.1894	0.778059
3384	-190.718	-249.2867	58.56871	6.290074	0.8211631	0.3335234	0.99188
3390	-179.6157	-239.1938	59.57812	2.841212	0.989565	3.146187	0.99188
3396	-181.5122	-241.8519	60.33965	2.458178	0.555931	0.9565128	2.128506
3402	-192.5052	-253.6672	61.16202	3.024862	1.11993	0.7443208	0.4818986
3408	-192.2424	-252.1767	59.93428	3.817926	1.11993	1.155374	0.5456224
3414	-177.8322	-239.582	61.74977	3.624622	1.11993	0.0851022	0.9239281
3420	-183.6423	-246.1752	62.5329	2.655095	1.11993	0.02102861	1.354794
3426	-187.4395	-249.6088	62.16936	3.857801	0.7976539	0.02232131	0.8926038
3432	-182.4058	-243.1789	60.77304	5.444999	0.5392676	0.005822033	0.8926038
3438	-173.6305	-235.1418	61.51131	4.607475	0.5392676	0.007108812	1.049142
3444	-180.2363	-240.1524	59.91613	4.607475	0.5392676	0.007108812	2.22193
3450	-176.1635	-239.6996	63.53602	2.012613	0.3487795	0.1762033	1.378921
3456	-173.9882	-236.2742	62.28591	2.286662	0.9506193	0.06218586	1.793035
3462	-170.7911	-232.1663	61.37521	2.948027	0.5180053	0.06218586	2.324098
3468	-177.4983	-240.7318	63.23358	2.786251	0.3661802	0.09854393	1.198449
3474	-174.261	-236.9843	62.72325	2.885367	0.6458976	0.185099	0.8308143
3480	-179.5863	-242.7116	63.12535	2.660528	0.6458976	0.1223044	0.8800538
3486	-186.2993	-247.17	60.87065	2.280311	0.4308448	0.09235051	3.050941
3492	-179.5423	-240.3558	60.81348	4.805093	0.4796298	0.2392817	0.9318997
3498	-192.1972	-251.6438	59.44661	5.698474	0.4796298	0.4601025	0.9318997
3504	-188.4011	-250.2661	61.86497	2.781125	0.8763375	0.4601025	0.8892668
3510	-174.2341	-236.7208	62.4867	2.782585	0.4799069	0.3433001	1.034376
3516	-172.2607	-233.4647	61.20396	2.081658	0.520062	1.420808	1.548189
3522	-179.804	-239.5216	59.71761	2.013709	0.520062	0.2104608	3.55119
3528	-173.5921	-234.4751	60.88295	4.449573	0.520062	0.3106317	0.9770559
3534	-177.9429	-239.2874	61.34451	3.010835	0.5150014	0.3640665	1.684251
3540	-175.9755	-238.199	62.22359	2.618359	0.5741314	0.4835494	1.045252
3546	-182.8926	-244.9141	62.02142	2.51965	0.5573342	0.4835494	1.32821
3552	-188.5553	-250.4182	61.86293	2.405338	0.3404503	0.4835494	1.816362
3558	-188.6371	-248.4199	59.78275	3.295055	0.3534743	0.1169608	3.123734
3564	-178.8099	-241.4199	62.61	2.477321	0.495933	0.1033743	1.714107
3570	-188.0755	-250.9402	62.86471	3.285224	0.3926071	0.08431659	1.091581
3576	-180.5119	-243.5447	63.03283	2.864429	0.3926071	0.1590869	1.054078
3582	-192.8486	-255.0865	62.23794	3.32575	0.3964444	0.1590869	1.335423
3588	-184.4346	-246.7327	62.29815	3.435399	0.3775661	0.1225095	1.335423
3594	-177.3547	-240.7426	63.38792	2.80961	0.410083	0.05981091	1.123599
3600	-181.4155	-243.6242	62.20873	3.661572	0.4843021	0.2065895	0.7164781
3606	-186.8964	-248.8418	61.94535	2.476436	0.4843021	0.4129713	1.603885
3612	-184.3365	-246.7278	62.39136	2.086844	0.4843021	0.5234968	1.418327
3618	-176.273	-238.7168	62.4438	3.145039	0.4843021	0.08500434	1.418327
3624	-169.1665	-232.2352	63.0687	3.13388	0.4843021	0.08500434	0.8631068
3630	-173.6032	-236.6093	63.00605	2.458608	0.4843021	0.1422986	1.334517
3636	-175.8144	-237.4316	61.61718	2.90372	0.2514572	0.9529397	1.334517
3642	-184.5805	-246.9464	62.36591	2.457268	0.6283798	0.265576	1.375159
3648	-180.5073	-238.775	58.26774	2.943329	0.4123767	1.296177	3.071009
3654	-187.7485	-245.0232	57.2747	3.613626	0.3920195	11.25888	1.424959
3660	-191.6261	-244.8952	53.26905	4.316897	0.4786244	11.25888	3.437526
3666	-189.7706	-246.3437	56.57312	5.453472	0.4334043	6.267882	1.164536
3672	-185.698	-239.7279	54.02992	3.910112	0.4090751	14.22882	3.076113
3678	-183.3158	-234.6001	51.2843	4.470383	0.6862824	37.90263	3.076113
3684	-193.0255	-247.2582	54.23274	6.874628	0.5995197	12.69169	0.3693302
3690	-190.1116	-247.7567	57.64506	3.488059	0.5012271	6.793101	1.675142
3696	-183.8243	-241.7476	57.92333	3.275502	0.2772446	2.227866	2.883649
3702	-176.0001	-232.3941	56.39397	3.726477	0.2772446	4.501795	2.987444
3708	-182.3143	-238.9238	56.6095	2.293989	0.7023095	4.501795	3.271682
3714	-182.4257	-242.3778	59.95212	2.383971	0.7244249	1.353373	2.042242
3720	-179.2911	-238.9876	59.69643	2.522237	0.4844815	2.082053	2.029337
3726	-177.7854	-237.9603	60.17488	1.945198	0.4972983	0.6509072	2.83928
3732	-179.9806	-235.9999	56.01928	2.813084	0.4352794	6.588465	3.23412
3738	-176.6483	-237.1749	60.52651	2.924839	0.3926426	1.105265	1.780499
3744	-178.465	-239.3085	60.84358	3.892094	0.3926426	1.105265	0.5598303
3750	-183.9434	-244.1431	60.1997	4.044028	0.3926426	1.684442	0.6643492
3756	-176.5991	-236.5029	59.9038	3.738938	0.8284654	1.684442	0.5438011
3762	-186.888	-244.7085	57.82043	3.211113	0.9347417	3.013327	2.121855
3768	-183.0868	-243.134	60.04715	3.24472	0.9347417	1.575233	1.006001
3774	-179.2913	-240.0201	60.72875	3.629334	0.6282762	0.3283899	1.614102
3780	-177.0037	-234.7208	57.71702	2.658143	0.6282762	0.519077	3.863688
3786	-175.3783	-236.8204	61.44207	2.498913	0.8807279	0.5398912	1.400432
3792	-172.4842	-234.2143	61.73007	3.201648	1.208685	0.2570497	0.6070396
3798	-168.4067	-230.3791	61.97241	3.195256	0.7997819	0.3383063	0.5490914
3804	-176.1954	-235.184	58.98868	2.533493	0.8299187	0.8598256	2.768852
3810	-180.0777	-237.5662	57.48848	2.986523	0.3294882	5.72746	2.489114
3816	-179.2223	-236.0569	56.83464	3.640362	0.3294882	5.72746	2.489114
3822	-181.3319	-239.4315	58.09958	3.450829	0.6637198	2.929589	2.01567
3828	-187.46	-249.8376	62.37758	3.299806	0.2904644	0.4042894	0.8733579
3834	-191.3818	-251.2803	59.89844	2.936913	0.4156338	0.6805989	2.462429
3840	-193.2648	-250.1716	56.90672	3.796003	0.1627582	12.46097	1.856224
3846	-185.1375	-239.1432	54.00565	5.557806	0.3814257	12.46097	2.242497
3852	-172.4085	-231.3704	58.96193	4.286372	0.453684	1.326292	1.709499
3858	-181.0195	-243.5888	62.56937	2.142165	0.466465	0.1379563	1.914741
3864	-182.4349	-241.973	59.53805	2.800343	0.466465	0.7833283	2.633957
3870	-178.2988	-238.4967	60.19781	2.38438	0.3482548	0.7684624	2.633957
3876	-173.662	-236.0434	62.3815	2.525639	0.606727	0.2094842	1.451352
3882	-171.373	-230.6943	59.32131	2.147388	0.3890629	2.616556	2.446033
3888	-184.9245	-244.9306	60.00606	2.058252	0.3890629	0.1101414	3.691626
3894	-187.9258	-245.9563	58.03052	2.709567	0.686007	1.027184	3.239335
3900	-178.2138	-239.3055	61.0917	2.743978	0.686007	0.7473074	1.439954
3906	-175.8561	-239.0075	63.15141	2.195224	0.5938418	0.1435505	1.287125
3912	-180.6699	-242.4939	61.82394	2.892235	0.5938418	0.2243693	1.576277
3918	-180.279	-241.5207	61.24163	3.214902	0.5938418	0.9272043	0.7913483
3924	-182.9028	-245.0144	62.11169	3.214902	0.2286647	0.8761705	0.6198234
3930	-178.7734	-240.4906	61.71725	3.493892	0.2034799	1.068662	0.5924365
3936	-172.8431	-232.7525	59.90937	4.23953	0.7986751	1.068662	0.405136
3942	-176.7937	-235.4284	58.6347	4.939317	0.7986751	1.817127	0.405136
3948	-177.092	-238.1651	61.07307	3.969093	0.7986751	0.3922904	0.405136
3954	-191.3265	-252.3375	61.01099	4.405476	0.4280358	0.4778742	0.3866942
3960	-183.5924	-243.111	59.51854	5.454509	0.7590175	0.3660934	0.2516548
3966	-185.9431	-246.5231	60.58002	4.876329	0.7931463	0.2250825	0.4971041
3972	-186.2197	-247.5344	61.31472	3.651196	0.7978567	0.1852681	1.265366
3978	-178.8725	-240.3569	61.48438	2.68142	0.4276226	0.20436	2.177874
3984	-186.9968	-244.6385	57.64177	3.952293	0.425097	3.90166	1.987424
3990	-185.218	-242.0067	56.78875	4.449892	1.076297	3.90166	1.654325
3996	-189.4469	-248.0799	58.63299	2.811836	1.052926	3.90166	1.520065
4002	-189.271	-249.0702	59.79913	3.774722	1.052926	0.7497338	1.320582
4008	-180.3321	-240.388	60.05589	4.413257	0.8241317	0.650532	0.818958
4014	-194.6355	-252.3164	57.68082	4.915266	0.8241317	0.6778154	2.240192
4020	-187.4413	-249.7729	62.33154	3.776322	0.5410356	0.1292366	0.49411
4026	-191.1515	-251.5265	60.37497	3.735184	0.6964824	0.1904163	1.969412
4032	-186.7443	-246.686	59.94166	2.616593	0.6964824	1.570418	1.806415
4038	-188.0148	-249.2232	61.20847	3.944816	0.9868416	0.2088778	0.8098188
4044	-181.5937	-244.5816	62.98792	3.073586	0.298408	0.2088778	0.2274873
4050	-184.1424	-247.3595	63.21711	2.596725	0.5872098	0.1954307	0.4836944
4056	-186.3938	-249.2747	62.8809	3.037795	0.3133087	0.3244931	0.6914103
4062	-187.1497	-248.907	61.75729	2.832283	0.5063915	0.5869893	1.220254
4068	-190.8766	-249.1298	58.25319	3.734047	0.3592074	0.79113	2.965649
4074	-186.4712	-245.6458	59.17458	2.63132	0.3010441	0.914429	3.06747
4080	-184.9772	-243.7731	58.79587	2.532067	0.3308534	3.453849	2.387571
4086	-193.9972	-253.4181	59.42088	3.487843	0.3477974	1.531885	1.975335
4092	-181.6653	-241.5307	59.86541	2.922973	0.2183727	3.008269	1.72303
4098	-177.6532	-235.9161	58.26286	3.612713	0.3545363	3.008269	2.117761
4104	-183.7385	-244.3143	60.57582	2.469112	0.3545363	1.449711	1.914935
4110	-187.1287	-246.9752	59.84641	3.34596	0.288471	1.449711	1.914935
4116	-184.0039	-245.2786	61.27477	2.612576	0.288471	0.6455851	1.987071
4122	-173.6937	-235.7175	62.02381	3.145539	0.4343081	0.6455851	0.5717499
4128	-176.1505	-237.9166	61.76613	2.924272	0.7014267	0.6455851	0.72785
4134	-175.6668	-236.9676	61.30081	3.827236	0.3976671	0.02774868	2.04686
4140	-180.4017	-243.3483	62.94655	2.729576	0.5419462	0.06887794	1.335283
4146	-177.7043	-239.0201	61.31577	2.91098	0.6699296	1.042096	0.800486
4152	-173.2759	-235.99	62.71414	2.799704	0.3433586	0.05742984	1.763871
4158	-173.6388	-234.7437	61.1049	4.968908	0.540368	0.03792515	1.131365
4164	-178.1569	-237.8102	59.65328	5.928019	0.540368	0.03847283	1.525868
4170	-177.8466	-236.3901	58.54343	4.244053	0.7809871	1.185697	1.784112
4176	-180.3088	-238.5255	58.21674	4.323062	0.7809871	2.605857	1.300714
4182	-175.9181	-236.9247	61.00665	3.153421	0.3517763	1.126532	1.300714
4188	-185.1478	-242.2699	57.1221	4.178962	0.4690995	3.864617	2.137356
4194	-176.058	-236.5181	60.46005	3.680734	0.7998806	1.092134	0.5527667
4200	-161.3067	-223.8218	62.51515	3.204796	0.5601863	0.1869329	0.8398178
4206	-163.3494	-226.6618	63.31233	1.689053	0.5601863	0.1085259	1.68739
4212	-166.336	-229.3725	63.03653	1.5456	0.5601863	0.1085259	1.975952
4218	-162.1143	-225.3071	63.19285	2.200542	0.5601863	0.07706184	1.502026
4224	-173.7442	-232.5962	58.85194	2.945469	0.4645844	0.2608781	3.48699
4230	-173.1325	-232.7155	59.58294	3.298109	0.4645844	0.4839867	2.561963
4236	-170.689	-229.4405	58.75153	2.752884	0.4645844	0.3982948	3.480926
4242	-167.8677	-228.5905	60.7228	2.242342	0.4645844	0.05527	3.22952
4248	-180.1079	-240.5453	60.43738	2.498569	0.5581263	1.085835	1.950357
4254	-177.5183	-237.2684	59.75015	3.852451	0.5169241	1.518821	1.247821
4260	-171.4481	-231.1428	59.69478	4.668321	0.3584628	0.1385228	2.27674
4266	-175.7121	-234.3422	58.6301	4.237037	0.290062	1.169337	2.27674
4272	-168.6271	-229.3149	60.68786	3.401034	0.708187	1.169337	0.7578298
4278	-169.5503	-229.7094	60.15908	3.793495	0.6686706	1.169337	0.9811468
4284	-170.5072	-230.4861	59.97883	2.698123	0.6686706	1.169337	1.966636
4290	-176.5449	-236.8054	60.26047	2.713881	1.225847	0.2116719	2.307841
4296	-176.0851	-236.4963	60.41124	3.366061	0.6242491	0.5243276	1.771284
4302	-174.3479	-237.2372	62.88931	2.438453	0.4067358	0.5243276	0.7310667
4308	-175.6838	-237.6628	61.97906	2.927907	0.4067358	0.8380825	0.7310667
4314	-185.6055	-247.9921	62.38656	2.927907	0.2277366	0.8380825	0.7310667
4320	-185.3131	-246.8242	61.51118	2.969275	0.4314027	0.242004	1.894651
4326	-181.1051	-243.8512	62.74606	2.792091	0.6558201	0.242004	0.668718
4332	-180.6056	-242.7231	62.11753	1.949186	1.037148	0.2427648	1.631123
4338	-173.6176	-235.2008	61.58319	1.936266	0.4357825	0.2427648	2.510958
4344	-183.4593	-244.5056	61.0463	2.357905	0.4357825	0.2427648	2.582662
4350	-185.8327	-248.6919	62.85919	2.333478	0.3618535	0.2145177	1.540598
4356	-181.0014	-242.6925	61.69113	2.548101	0.4939882	0.2611888	1.950047
4362	-176.6548	-238.8306	62.17586	3.885511	0.6289097	0.07549176	0.2781067
4368	-185.1294	-245.2057	60.07622	2.524708	0.7221996	1.58905	1.744489
4374	-188.3198	-248.5066	60.18676	2.947661	0.7221996	0.9571648	1.744489
4380	-181.131	-242.925	61.79406	3.341211	0.7221996	0.3314104	0.8220558
4386	-176.4689	-234.9728	58.50392	3.481265	0.7221996	2.108457	1.94363
4392	-172.3655	-232.5986	60.23309	4.641276	0.2962059	0.3623777	1.617952
4398	-176.0252	-236.2041	60.17891	2.516738	0.8306048	0.04822908	3.106588
4404	-181.8389	-244.046	62.20707	2.562452	0.8306048	0.03786438	1.83092
4410	-188.0829	-248.5658	60.48295	5.154103	0.8306048	0.07290657	1.016746
4416	-187.7068	-249.826	62.11925	3.836277	0.5499501	0.07290657	1.068136
4422	-188.33	-248.8954	60.56543	3.913194	0.5553023	1.084881	0.5331562
4428	-189.0073	-248.5408	59.5335	4.330337	0.707357	1.266917	0.9326258
4434	-178.4375	-237.5412	59.10372	4.231793	0.6908542	2.16136	0.8748583
4440	-184.8842	-244.3734	59.48918	3.622861	0.7891094	2.16136	0.9838563
4446	-182.7545	-243.9712	61.2167	3.156874	0.4916842	1.132207	0.8450233
4452	-183.8726	-245.0891	61.21654	2.834264	0.4649797	1.361097	1.032161
4458	-191.8681	-249.107	57.23881	5.022385	0.3169387	7.889775	0.8157025
4464	-179.8938	-238.0783	58.18453	4.751425	0.57149	2.849012	1.106332
4470	-178.4876	-239.2415	60.75396	2.720295	0.57149	1.049314	1.584605
4476	-184.8794	-243.0168	58.13741	2.677129	0.4986672	1.049314	3.345577
4482	-195.475	-252.1753	56.70022	3.565758	0.6685043	1.391636	3.345577
4488	-181.3764	-240.9807	59.60424	2.762029	0.6685043	1.162595	2.175582
4494	-190.3133	-248.5756	58.26231	2.938297	0.4121877	0.3793282	3.734027
4500	-187.4197	-249.2758	61.85615	3.148434	0.7630136	0.2169563	1.188344
4506	-186.7852	-247.0457	60.26047	3.484578	1.075885	0.1522779	2.016479
4512	-185.0721	-248.3029	63.23081	2.701007	0.5337462	0.1701057	0.6631581
4518	-187.1354	-248.1826	61.04723	2.640884	0.5337462	0.7045107	1.747317
4524	-184.6776	-246.7007	62.02308	2.494868	0.5295539	0.1064873	2.055924
4530	-177.674	-239.39	61.71601	2.000702	0.6250803	0.5651486	1.768388
4536	-172.6255	-234.4968	61.8713	2.281879	0.9635979	0.5651486	1.118372
4542	-181.4764	-240.2555	58.77904	2.482892	0.8409147	0.5651486	3.147698
4548	-183.3724	-244.4914	61.11898	3.859502	0.5960355	0.2947115	1.229048
4554	-189.5816	-249.4812	59.89959	4.615476	0.7419775	0.4226843	1.229048
4560	-191.2034	-252.3296	61.12623	4.296262	0.7419775	0.2284277	0.7383138
4566	-186.8077	-247.5004	60.69266	3.535917	0.8047994	0.9165989	0.7383138
4572	-174.5756	-235.4757	60.90017	3.368399	0.3700523	1.465076	0.9086024
4578	-177.3359	-234.601	57.26508	3.039201	0.3700523	4.929262	2.673872
4584	-180.2517	-237.0212	56.76952	3.122483	0.8349808	4.929262	2.499055
4590	-174.4327	-233.9772	59.5445	4.22741	0.5096863	1.846913	0.8892597
4596	-179.1459	-239.9286	60.78268	3.430933	0.3714677	1.807483	0.647304
4602	-171.4401	-233.1719	61.73181	3.080937	0.4847874	0.3869075	1.345161
4608	-176.1326	-237.8011	61.66852	2.924236	0.5929571	0.7270666	0.9084927
4614	-178.5498	-240.1526	61.60283	3.226883	0.2891396	0.7270666	1.215542
4620	-190.7495	-252.7269	61.97745	2.961789	0.2891396	0.7270666	1.119724
4626	-181.5625	-244.2033	62.64083	2.994129	0.2891396	0.1941908	1.372026
4632	-191.5726	-253.0285	61.45584	1.757653	0.4186423	0.1639173	2.862474
4638	-189.538	-250.5436	61.00554	2.177496	0.4351569	0.1639173	2.862474
4644	-184.4066	-246.3148	61.90817	2.68904	0.6711331	0.1280311	1.805552
4650	-178.9389	-242.7079	63.76901	2.237867	0.545196	0.05732561	1.097705
4656	-174.3421	-237.1379	62.79574	2.05877	0.5556832	0.4311666	1.144362
4662	-188.2414	-248.4099	60.16848	2.721447	0.6150505	0.1534287	2.886566
4668	-187.5528	-250.0739	62.52108	2.651683	0.8525885	0.3104753	0.4898484
4674	-182.9122	-244.8302	61.918	2.929467	0.8525885	0.2897246	1.064982
4680	-187.2479	-248.4447	61.19681	4.043039	0.9544687	0.124138	1.058275
4686	-184.2779	-246.999	62.7211	2.852094	0.9485163	0.1240889	0.6546104
4692	-180.7823	-241.1713	60.38905	3.790988	0.3134439	0.04886448	2.697497
4698	-174.037	-237.3917	63.35471	3.07578	0.3134439	0.08189745	0.9921609
4704	-166.1896	-228.9477	62.75808	2.588958	0.4690361	0.2710602	1.133756
4710	-174.2735	-236.8201	62.54658	2.551575	0.9962511	0.1036871	1.21996
4716	-170.2016	-232.4097	62.20809	2.493511	0.6524789	0.3322001	1.321303
4722	-173.6093	-235.102	61.4927	3.476901	0.7995088	0.4227396	0.6425729
4728	-177.5	-238.579	61.07901	3.125118	1.106828	0.5834242	0.9016376
4734	-173.3884	-235.7741	62.38571	2.732839	0.6943981	0.1477808	1.346716
4740	-184.8168	-247.0876	62.27083	2.073669	0.6943981	0.3572999	1.512734
4746	-190.5303	-251.9874	61.45714	2.817082	0.9928987	0.341042	1.330284
4752	-184.2127	-245.7461	61.53338	2.818741	0.5701177	0.9354988	0.9461217
4758	-177.2373	-238.4971	61.25977	2.707547	0.5701177	0.9354988	1.295769
4764	-186.8559	-246.2781	59.42217	2.772733	0.7139718	0.9354988	2.387736
4770	-184.0571	-244.8881	60.83101	3.727952	0.5115712	1.060613	0.5880902
4776	-185.5931	-245.5048	59.91169	4.070595	0.9705683	1.060613	0.5579003
4782	-191.8947	-252.8323	60.93751	3.944246	0.9705683	0.3852201	0.5579003
4788	-193.2369	-252.7304	59.49347	5.16693	0.5643583	0.6843089	0.2243269
4794	-190.6629	-250.3316	59.66871	5.296576	0.5867932	0.4284853	0.2027867
4800	-187.7536	-248.2888	60.53522	4.925203	0.4691589	0.4284853	0.5168111
4806	-184.7793	-245.6572	60.87787	4.410098	0.5279181	0.4284853	0.3299293
4812	-182.4739	-245.647	63.17309	3.476708	0.2965555	0.1017941	0.3850571
4818	-183.3243	-246.8278	63.50344	2.394018	0.2739038	0.1017941	1.45222
4824	-189.4195	-248.5793	59.15982	1.839372	0.2770874	1.106931	3.464621
4830	-180.0799	-241.7988	61.71894	2.025388	0.4232208	0.494298	2.046487
4836	-183.8345	-244.4262	60.5917	2.873489	0.5795076	0.242384	2.397474
4842	-178.6292	-241.305	62.67574	2.451439	0.7012598	0.2320906	1.111313
4848	-184.5997	-245.7523	61.1526	2.756636	0.6747668	1.217716	0.9738142
4854	-186.8011	-247.4972	60.6961	2.756636	0.5492424	1.543883	1.31398
4860	-187.3494	-249.553	62.20359	2.556531	0.6457222	0.3651635	1.223335
4866	-189.396	-247.8808	58.48476	2.819157	0.4944321	5.882383	1.711163
4872	-194.5082	-252.3471	57.8389	2.819157	0.6156698	5.882383	2.024928
4878	-193.6479	-254.8907	61.24284	3.384263	0.4979433	0.9129905	0.7829214
4884	-193.6657	-250.6388	56.97303	4.031394	1.079002	2.002974	2.368696
4890	-186.0802	-244.8974	58.8172	3.428093	0.644794	1.781137	1.969849
4896	-181.3219	-242.5313	61.20946	3.19095	0.2870611	1.781137	0.679168
4902	-185.5374	-246.2177	60.6803	3.19095	0.8368057	1.162266	0.848072
4908	-174.1251	-235.3673	61.24219	3.067128	0.5967876	1.162266	0.6516685
4914	-183.2298	-244.3312	61.10135	2.783938	0.985841	0.9503268	0.8833713
4920	-182.1763	-240.5874	58.41107	4.020441	0.447618	2.604766	1.7433
4926	-182.3934	-240.6152	58.22186	4.767215	0.5865828	3.536504	0.7012736
4932	-187.2277	-245.0221	57.79437	4.62108	0.3823856	3.446615	1.587437
4938	-188.6199	-247.6291	59.00923	3.40618	0.3627733	2.349835	1.952335
4944	-196.501	-255.3614	58.86043	3.640478	0.5846714	0.9413039	2.3025
4950	-190.2015	-250.1653	59.96382	3.833063	0.5846714	1.739355	0.8000602
4956	-190.368	-251.0932	60.72525	4.173389	0.5846714	0.6571739	0.6005977
4962	-192.5033	-254.187	61.68371	2.967449	0.4041111	0.6571739	1.23695
4968	-191.1182	-252.6027	61.48451	4.575464	0.4101137	0.210494	0.5508114
4974	-198.334	-260.5226	62.18858	3.268032	0.4101137	0.210494	1.2703
4980	-196.5086	-258.0324	61.52382	4.16663	0.4699755	0.3007015	0.3830586
4986	-186.4008	-249.6192	63.21845	2.753094	0.4699755	0.1511752	0.8548977
4992	-185.2876	-247.8096	62.52197	3.902578	0.4749125	0.03701885	0.8940127
4998	-180.2884	-243.0272	62.73878	3.398346	0.5995164	0.09991104	0.5046559
5004	-181.6654	-243.4843	61.81888	4.383824	0.6116011	0.06798676	0.6969015
5010	-172.0093	-234.8718	62.86249	2.99481	0.4743249	0.06639997	1.287959
5016	-182.8943	-244.0873	61.19298	3.531016	0.8383874	0.2412157	1.292853
5022	-188.6437	-251.085	62.44125	2.75406	0.7436165	0.1097654	1.350369
5028	-186.2579	-245.5548	59.29688	3.96216	0.446921	0.1097654	2.92437
5034	-191.6885	-245.2885	53.59996	4.181457	0.6753595	14.15014	2.92437
5040	-184.3939	-238.9171	54.52328	4.090293	0.7367631	14.15014	2.361738
5046	-194.2563	-253.3238	59.06751	3.261121	0.4945732	3.949421	1.362156
5052	-189.8322	-250.7374	60.90528	1.917122	0.4981422	0.4218811	2.631149
5058	-184.3089	-244.5221	60.21322	1.971893	0.4981422	0.1968474	3.33019
5064	-189.6727	-250.1497	60.47701	3.678775	0.5564416	0.6328501	1.451189
5070	-189.9697	-251.4038	61.43411	3.376142	0.7796318	0.1065338	1.617857
5076	-179.2563	-241.737	62.48071	4.031837	0.4765515	0.05974067	0.4605615
5082	-178.8524	-239.949	61.09659	4.146924	0.6917955	0.2322609	1.012569
5088	-183.0513	-243.3577	60.30639	5.079363	0.5603747	0.1365504	1.316625
5094	-195.2384	-253.9931	58.75471	4.41834	0.5603747	0.5741114	2.18721
5100	-184.4817	-246.658	62.17636	2.108227	0.5603747	0.274823	1.823959
5106	-192.3161	-253.1464	60.83036	3.836389	0.5305009	0.274823	1.586321
5112	-183.8968	-245.5614	61.6646	3.245355	0.5535871	0.1627253	1.616297
5118	-184.6564	-245.5525	60.89604	3.669289	1.397521	0.1627253	1.185427
5124	-187.8024	-246.2469	58.44451	4.587314	0.6101402	0.1627253	2.785466
5130	-193.9211	-255.2067	61.28557	2.883352	0.737884	0.8292372	1.017397
5136	-198.7254	-259.0187	60.2933	4.437426	0.5305047	0.04517736	2.102753
5142	-198.5751	-260.0305	61.45541	3.955348	1.39081	0.04517736	0.8408551
5148	-191.7032	-254.4784	62.77524	3.572203	0.5211385	0.07600977	0.5951289
5154	-197.2066	-258.6737	61.46711	2.351428	0.5211385	0.2539444	2.210059
5160	-202.0054	-262.2053	60.19997	2.147285	0.7662681	0.5994729	2.510345
5166	-188.5367	-249.9426	61.40586	2.530716	0.5574914	0.6244112	1.621364
5172	-193.4616	-253.3784	59.91681	2.98452	0.7307305	0.6244112	2.16299
5178	-188.4665	-249.4305	60.96401	3.021846	0.4823957	0.6244112	1.672806
5184	-185.4567	-246.802	61.3453	2.869642	0.7121587	0.4036272	1.523255
5190	-190.3671	-245.4611	55.09392	3.104917	0.9288125	3.429038	3.741447
5196	-183.8794	-241.573	57.69359	3.832116	0.9288125	1.263466	2.458812
5202	-191.0109	-250.2062	59.19535	4.206428	0.9735914	1.244792	1.10588
5208	-187.8194	-247.6212	59.80183	4.301901	0.6152688	1.244792	0.8203236
5214	-188.5988	-248.7437	60.14495	3.906348	0.4810978	1.244792	1.095407
5220	-191.0634	-250.5394	59.47599	2.940721	0.5027331	2.225552	1.821298
5226	-185.3516	-246.1986	60.84697	2.699484	0.5052252	1.912399	1.084894
5232	-187.2807	-247.896	60.61528	3.324808	0.6093364	1.09838	1.132762
5238	-177.573	-237.8714	60.29841	3.479538	0.5106278	1.09838	1.392538
5244	-187.1627	-249.5257	62.36297	2.295235	0.5106278	0.2269859	1.705137
5250	-199.4213	-250.8804	51.45906	8.123653	0.4928946	32.60521	0.7243845
5256	-191.429	-240.994	49.56491	6.051468	0.5280965	32.60521	3.460834
5262	-189.58	-241.7755	52.19547	4.02884	0.5517887	18.84504	3.660458
5268	-183.2401	-239.0988	55.8587	3.738321	0.3427295	18.84504	1.810713
5274	-179.7886	-237.9713	58.18274	3.488532	0.3492387	6.088587	1.606736
5280	-182.6222	-239.6122	56.98998	3.54904	0.636808	6.088587	2.05101
5286	-178.3982	-235.5973	57.19909	4.460575	0.7123725	6.088587	1.15155
5292	-183.8428	-243.1853	59.3425	2.801971	0.5618946	0.8515343	2.609045
5298	-181.5954	-240.2717	58.67627	4.876032	0.5113194	2.621996	0.5094173
5304	-176.6207	-236.296	59.67526	3.932301	0.421241	2.215492	1.000169
5310	-163.9476	-224.3703	60.42268	3.393374	0.421241	2.215492	0.7559483
5316	-173.1729	-233.5012	60.32834	3.393374	0.3270905	2.215492	1.073724
5322	-186.4398	-245.329	58.88924	4.695418	0.3971562	2.927036	0.637474
5328	-188.6191	-247.3744	58.75525	5.047887	0.3971562	2.367278	0.7229541
5334	-181.3832	-240.2158	58.83269	3.682323	0.3971562	3.529776	1.468634
5340	-181.426	-240.0326	58.60661	3.085819	0.357545	3.672485	2.063517
5346	-182.3407	-243.7112	61.37045	3.010899	0.7333953	0.40542	1.372866
5352	-171.3134	-232.5184	61.20498	3.741781	0.4285214	0.8394524	0.5073647
5358	-187.7742	-245.6544	57.8802	5.775644	0.4865278	2.448335	0.6127403
5364	-186.8308	-245.1959	58.36512	4.869597	0.4865278	3.374164	0.6505187
5370	-190.3419	-248.3236	57.98171	3.947677	0.7563616	3.059326	1.633875
5376	-180.2767	-243.1976	62.92087	2.245544	0.4334751	0.2554155	1.370129
5382	-185.0845	-246.5614	61.47693	3.475378	0.2696521	0.934492	0.9184415
5388	-182.9559	-243.68	60.72411	2.240147	0.7774307	0.8649137	1.883083
5394	-193.7594	-254.8461	61.08672	2.73997	1.035276	0.5819365	1.313602
5400	-176.5781	-239.4594	62.88126	1.946074	0.4029179	0.2432175	1.688758
5406	-185.9735	-248.1597	62.18614	3.440992	0.6975677	0.09044819	1.104114
5412	-178.683	-239.5128	60.82983	3.329163	0.4143701	0.422931	1.863227
5418	-181.6223	-244.0508	62.42854	2.994483	0.403552	0.3876088	0.9252057
5424	-182.6386	-242.6572	60.01855	3.305039	0.5948152	1.594428	1.333857
5430	-190.719	-249.0502	58.33112	3.120238	0.4974621	1.594428	2.697943
5436	-181.094	-244.2841	63.19008	3.018549	0.2936475	0.1167323	1.106172
5442	-180.2193	-240.6434	60.42413	2.445935	0.5111375	0.3735317	2.646317
5448	-171.6634	-235.102	63.43855	2.338365	0.5111375	0.09402982	1.19734
5454	-173.9471	-237.3897	63.44251	2.352234	0.5111375	0.09402982	1.181964
5460	-172.5437	-234.2892	61.74552	4.156194	0.5111375	0.2026669	0.5695107
5466	-178.4509	-236.801	58.35011	4.236069	0.4169128	5.192698	0.9138329
5472	-172.7506	-230.708	57.95744	4.339055	0.4169128	6.517351	0.8711288
5478	-173.2154	-233.7577	60.54235	4.316813	0.5752706	0.3794228	1.200642
5484	-173.3424	-235.4924	62.14995	3.041849	0.7138366	0.3794228	0.5208638
5490	-176.0392	-238.53	62.49081	2.864149	0.5946183	0.3794228	0.5208638
5496	-171.5313	-233.9751	62.44379	2.095813	0.4021951	0.3794228	1.672304
5502	-180.0527	-241.7295	61.67683	2.785432	0.6718941	0.7623817	0.8812509
5508	-192.8719	-252.9375	60.06563	3.554911	0.6905652	1.798222	0.7875313
5514	-187.0144	-247.4164	60.40199	4.54404	0.6331616	0.1528466	1.528997
5520	-181.2144	-241.6719	60.45746	3.652255	0.4028148	0.2546233	2.154505
5526	-183.9173	-245.1543	61.23696	3.67678	0.7203472	0.2546233	1.224159
5532	-181.0939	-241.0262	59.93225	1.472885	0.5520875	0.1242974	3.876241
5538	-182.2604	-244.1697	61.90926	1.872339	0.3952701	0.1242974	2.629193
5544	-197.3952	-256.7415	59.34638	3.277669	0.4476189	0.7349538	2.514092
5550	-184.5718	-245.4455	60.87366	2.552469	0.5365654	0.7349538	1.898044
5556	-182.1077	-241.6502	59.5425	2.384651	0.6012992	1.322279	2.429455
5562	-195.1648	-254.1598	58.99509	1.89082	0.6012992	0.5012279	3.60789
5568	-193.3331	-252.129	58.79588	2.663166	0.5391906	1.764909	2.580919
5574	-202.7273	-258.9349	56.20751	2.885771	0.6047861	6.903962	2.872883
5580	-183.2198	-240.3918	57.17199	2.788503	1.000889	3.995936	2.525557
5586	-185.817	-245.3277	59.5107	3.050811	0.5713963	3.995936	1.044092
5592	-179.5343	-237.8258	58.29146	4.624898	0.3569207	3.995936	1.065207
5598	-184.2025	-240.5284	56.32591	5.917658	0.3569207	5.506921	1.265364
5604	-181.0621	-240.1379	59.07585	4.64382	0.6602306	1.677825	0.8144734
5610	-182.3917	-243.1987	60.80705	2.188404	0.5146473	1.274951	1.84297
5616	-181.864	-241.3541	59.49014	3.107843	0.5146473	1.274951	2.109161
5622	-182.6644	-240.9838	58.3194	3.107843	0.7792121	2.566526	2.109161
5628	-174.5219	-232.8763	58.35439	3.348522	0.5734927	2.566526	2.109161
5634	-185.1398	-243.7713	58.63151	3.2491	0.5734927	2.019543	2.181716
5640	-187.4699	-248.255	60.78507	3.231556	0.2553595	2.019543	1.060333
5646	-179.1281	-241.4984	62.37027	2.961896	0.3979008	0.4848317	0.8381471
5652	-173.865	-236.0863	62.22127	2.97605	0.7476787	0.2285969	0.9976266
5658	-180.4819	-242.9809	62.49897	2.460695	0.7476787	0.3250595	0.9976266
5664	-179.4897	-240.9341	61.44448	3.60707	0.5881493	0.4127389	0.9403885
5670	-178.4336	-241.0856	62.65203	2.204354	0.3625936	0.4350831	1.417633
5676	-175.4299	-239.1788	63.74885	2.204354	0.5216324	0.1783881	0.591806
5682	-170.4942	-233.3753	62.88102	2.665715	0.8134	0.1783881	0.6199219
5688	-179.6011	-240.8703	61.26915	4.1	0.9349778	0.1781242	0.7090012
5694	-183.5799	-242.7241	59.14426	2.456952	0.540554	1.138658	2.785071
5700	-180.949	-242.1326	61.18362	2.448003	0.409347	1.15674	1.596201
5706	-186.7428	-250.0028	63.25998	2.13764	0.409347	0.1052659	1.596201
5712	-186.289	-246.4983	60.20926	2.183997	0.2477099	0.5512444	3.071737
5718	-191.4737	-252.8283	61.35468	2.598838	0.567747	0.04960778	2.547317
5724	-188.7755	-247.6812	58.90573	2.978598	0.4801993	0.04960778	3.859838
5730	-189.1042	-249.0009	59.89676	3.731066	0.4801993	0.08096191	2.740915
5736	-187.5084	-249.5596	62.05116	3.637378	0.4801993	0.04107058	1.509654
5742	-184.4407	-245.9892	61.54854	3.828968	0.6041806	0.04107058	1.595858
5748	-185.2997	-246.1452	60.84551	4.594761	0.5150773	0.05974653	1.581468
5754	-185.8349	-245.9014	60.06642	4.986813	0.5549014	0.07115535	1.773007
5760	-179.2176	-240.845	61.62747	3.789666	0.5549014	0.04444497	1.608296
5766	-192.6004	-251.5493	58.9489	5.215034	0.7992713	0.3203411	1.608296
5772	-187.5488	-247.5463	59.99748	3.602948	0.7992713	0.304209	2.02309
5778	-195.4106	-250.4903	55.07972	7.12328	0.7992713	2.054662	1.75045
5784	-196.6515	-251.3383	54.68679	7.053453	0.7992713	1.562742	2.268169
5790	-194.5401	-251.9721	57.43196	5.659721	0.5246483	0.6029012	2.248363
5796	-192.7664	-249.0401	56.27369	6.31256	0.6708138	0.9313083	2.176187
5802	-194.5862	-254.0431	59.45698	5.523203	0.6591368	0.07041279	1.721241
5808	-183.2381	-244.2907	61.05257	3.830265	0.6810978	0.2883587	1.222591
5814	-184.2069	-244.7045	60.49759	3.247534	0.8731053	0.443499	1.671933
5820	-197.756	-256.3686	58.61259	2.449671	1.01778	0.2765024	3.478394
5826	-185.2413	-244.8473	59.60597	3.17394	0.9180638	1.993879	1.241129
5832	-185.7186	-244.218	58.49948	3.468328	0.9180638	1.993879	1.845561
5838	-182.5587	-239.2253	56.66663	4.043556	0.7731298	3.005941	2.446304
5844	-180.2992	-238.8839	58.58476	3.835984	0.6605105	2.334346	1.611705
5850	-183.3792	-242.1435	58.76427	4.36182	0.4858203	2.482993	1.209684
5856	-190.6727	-247.9722	57.29954	2.692016	0.4858203	2.482993	3.274917
5862	-186.1685	-247.3054	61.13692	3.222948	0.6250463	0.2789728	1.698003
5868	-193.0892	-252.2762	59.18697	3.449437	0.773734	0.5855192	2.335338
5874	-187.6428	-246.4454	58.80261	3.867215	0.861316	0.6539477	2.186075
5880	-180.9605	-241.5311	60.57059	2.796557	0.4429503	0.6539477	2.112827
5886	-183.494	-245.4013	61.90731	4.213649	0.4429503	0.1621889	0.6417198
5892	-185.4103	-247.9117	62.50133	3.587705	0.4429503	0.1029254	0.9808872
5898	-193.2598	-254.2967	61.03689	2.951307	0.4424345	1.131209	1.293899
5904	-192.2712	-254.1416	61.87045	2.951307	0.7298032	0.4127276	0.9788535
5910	-190.2661	-252.5676	62.30144	2.905192	0.4343547	0.3445048	1.163193
5916	-186.7207	-246.6631	59.9424	4.669046	0.4343547	0.2900181	1.716705
5922	-188.4545	-251.7446	63.29012	2.769042	0.4343547	0.04720181	1.258412
5928	-181.0177	-244.2919	63.27426	2.801634	0.4343547	0.1657575	0.7316245
5934	-172.8314	-236.2976	63.46626	2.285584	0.4045896	0.3038412	0.7316245
5940	-161.9015	-225.5999	63.69837	2.530428	0.4045896	0.1123336	0.8634492
5946	-180.9239	-242.6547	61.73083	3.452888	0.8408362	0.2952069	0.6506186
5952	-183.0279	-242.452	59.42411	2.819704	0.5613452	2.885596	1.65271
5958	-185.5402	-245.4809	59.94064	2.415896	0.5613452	1.648885	2.034682
5964	-175.0248	-237.6661	62.64133	2.641014	0.5554704	0.344769	0.8901936
5970	-182.8867	-244.1944	61.3077	3.294969	0.4196491	1.178849	0.6110426
5976	-173.2459	-234.4496	61.20367	3.206103	0.3272356	1.178849	1.090702
5982	-172.5873	-233.8528	61.26545	2.759956	0.3652816	1.178849	1.348625
5988	-177.5514	-238.5199	60.96855	2.855766	0.2753097	1.489924	1.466531
5994	-174.1882	-236.3747	62.18647	2.369056	0.2753097	0.8971806	1.305627
6000	-170.6986	-231.783	61.08438	2.70302	0.4646702	0.9235725	1.574822
6006	-176.1609	-235.99	59.82906	2.095539	0.6543388	0.9235725	2.613895
6012	-174.8983	-235.0428	60.14451	1.780086	0.6543388	0.9235725	2.613895
6018	-179.0294	-238.8781	59.84869	2.952336	1.007846	0.9852901	1.733688
6024	-169.1151	-230.4896	61.37441	2.755714	0.4820651	0.9852901	1.235036
6030	-173.605	-233.9097	60.30471	3.40274	0.2475588	2.937143	0.9311686
6036	-182.9505	-243.1329	60.1824	3.170822	0.2484207	2.937143	1.257287
6042	-181.8221	-240.3141	58.49205	2.847813	0.5678145	2.158231	2.481401
6048	-181.3961	-240.4726	59.07649	2.825808	0.5678145	2.158231	2.121935
6054	-187.5008	-244.331	56.83025	3.577539	0.2406585	0.1627116	4.714194
6060	-177.0132	-239.555	62.54176	2.766043	0.2406585	0.4978099	1.194149
6066	-180.2389	-242.9482	62.7093	2.727435	0.4147489	0.4978099	0.4751426
6072	-185.2074	-246.3944	61.18701	3.006855	0.6402642	0.3108372	1.747042
6078	-182.4493	-243.5635	61.11417	3.681595	0.3675078	0.9633978	0.2830103
6084	-177.061	-239.1135	62.05257	3.461213	0.3143576	0.3521684	1.090835
6090	-179.7963	-243.3031	63.5068	2.659953	0.2143449	0.3521684	0.4659109
6096	-179.2093	-242.7843	63.57503	2.6146	0.1975445	0.3521684	0.6300827
6102	-182.8695	-245.1574	62.28783	2.996154	0.1975445	0.9549052	0.3325264
6108	-172.2405	-236.5311	64.2906	2.722054	0.2779593	0.02471277	0.7103653
6114	-176.1422	-236.2624	60.12018	2.60188	0.5186479	0.02471277	3.402539
6120	-177.6351	-237.8513	60.21624	3.12424	0.1903132	0.04583161	3.402539
6126	-182.1238	-244.9247	62.80087	2.920741	0.318004	0.07132086	1.6074
6132	-171.9757	-232.9468	60.97112	4.256104	0.5938203	0.07132086	1.6074
6138	-164.939	-226.6616	61.72261	2.280901	0.9480052	0.2340412	1.756263
6144	-165.5565	-226.0649	60.50846	3.356061	0.9480052	0.1934335	1.93181
6150	-182.9932	-238.8499	55.85674	3.960282	0.8954727	4.664597	2.551667
6156	-186.6485	-241.9207	55.27218	3.389223	0.8954727	16.58626	2.038027
6162	-179.12	-237.2577	58.13769	3.450754	0.4680756	0.6553099	3.184169
6168	-172.6432	-235.2599	62.61677	2.116727	0.5314833	0.2382472	1.605141
6174	-174.3194	-236.6564	62.33703	2.621463	0.6973368	0.2803331	1.155562
6180	-177.7759	-239.2789	61.50304	3.171304	0.6895798	0.639465	0.7868019
6186	-178.41	-239.6148	61.20482	3.426171	0.7231133	0.639465	0.7868019
6192	-180.3726	-241.5591	61.18652	3.911607	0.373961	0.7985798	0.524639
6198	-172.2371	-233.8727	61.63563	3.278421	0.5010025	0.5574929	0.9697307
6204	-179.1087	-241.5321	62.42349	3.304585	0.4540555	0.1892006	1.01308
6210	-182.9468	-243.7449	60.79807	3.433661	0.8589974	0.7487929	0.9022764
6216	-173.7666	-234.2506	60.48396	3.755748	0.6827216	1.023501	0.7843994
6222	-170.2541	-230.6451	60.39105	3.278956	0.3244983	1.023501	1.781134
6228	-174.1169	-234.1732	60.05629	3.118185	0.5450159	2.172966	1.224292
6234	-171.0038	-231.7379	60.73413	4.077053	0.4723327	0.7036731	0.2360767
6240	-174.0135	-233.3496	59.33604	4.340504	0.739892	1.731227	0.3647227
6246	-178.8525	-239.5382	60.68565	4.070155	0.2840047	1.357013	0.4472277
6252	-169.6178	-229.3268	59.70896	4.749162	0.2840047	1.571621	0.2780179
6258	-172.8564	-234.3018	61.44546	3.482594	0.1674874	1.571621	0.5060633
6264	-178.1466	-239.4357	61.28917	4.254337	0.3405392	0.506241	0.6315122
6270	-178.1991	-240.6551	62.45593	3.330373	0.7020057	0.1502654	0.5955092
6276	-179.5312	-242.4774	62.94623	2.848196	0.6508314	0.1502654	0.7216449
6282	-188.2539	-246.7628	58.50893	6.302275	0.4491377	0.2905689	1.552625
6288	-186.2231	-246.106	59.88291	4.98995	0.3625553	0.2265237	1.74519
6294	-176.8001	-237.8922	61.09208	4.365277	0.2535415	0.1006409	1.810786
6300	-183.461	-246.2227	62.76168	2.642389	0.414801	0.1006409	1.598116
6306	-185.7064	-246.3026	60.5962	3.404679	0.9415696	0.2562998	1.721486
6312	-181.0632	-242.7087	61.64553	4.406171	0.6114246	0.08093219	0.2724354
6318	-175.5064	-236.705	61.19859	4.406171	0.7977488	0.1382615	0.2918292
6324	-180.2988	-241.8367	61.53788	4.406171	0.6072174	0.1144352	0.2918292
6330	-174.3342	-236.4169	62.08273	3.131582	0.5758314	0.4376214	0.6912773
6336	-178.0838	-239.9146	61.83085	3.131734	0.6172663	0.1246721	1.608832
6342	-173.938	-236.1276	62.18957	2.793705	0.6172663	0.5734318	0.4490173
6348	-181.9179	-240.9235	59.0056	4.159124	0.48515	2.10848	1.341202
6354	-170.4831	-230.2554	59.77231	3.887488	0.4374074	2.467667	0.7497995
6360	-171.2713	-230.6243	59.35296	3.672207	0.5745839	2.467667	1.181736
6366	-177.4206	-236.4834	59.06273	2.588102	0.5745839	2.467667	2.173603
6372	-167.3938	-226.5492	59.15546	3.899899	0.6707392	2.467667	1.029569
6378	-165.2409	-225.5714	60.3305	3.899899	0.397176	1.724167	0.6139467
6384	-177.1265	-237.7497	60.62319	3.92263	0.7415662	0.7324602	0.3470223
6390	-184.9793	-244.3491	59.3698	4.620677	0.7822376	1.278218	0.4247229
6396	-181.2852	-240.3804	59.09518	4.616835	0.7822376	1.64903	0.4247229
6402	-186.479	-246.0624	59.58344	3.861635	1.001664	1.64903	0.3718204
6408	-188.5157	-243.4973	54.98152	4.306945	0.7429393	1.33052	3.885103
6414	-183.9021	-241.9834	58.08128	4.51689	0.5175917	1.33052	2.076029
6420	-193.7641	-251.0832	57.31906	2.959329	0.3375708	2.397946	3.297084
6426	-186.8043	-246.0968	59.29256	3.041896	0.5529089	2.397946	1.760334
6432	-187.9708	-249.6531	61.68236	2.695242	0.5529089	0.9837799	0.8923207
6438	-191.9655	-252.7516	60.78614	3.792711	0.5529089	0.9837799	0.5471104
6444	-190.9759	-252.8188	61.84295	2.942658	0.4867996	0.7706923	0.8125512
6450	-191.1686	-252.0641	60.89552	3.184535	0.3963042	1.613965	0.9404331
6456	-193.4539	-250.3615	56.90761	3.731279	0.3963042	5.118788	2.400018
6462	-196.1731	-256.5662	60.39309	4.148176	0.4594778	0.9740946	0.891843
6468	-191.5393	-251.5076	59.96832	4.187262	0.4594778	0.8252051	1.385688
6474	-188.9085	-246.2764	57.36792	5.208766	0.6715826	3.715815	0.9847214
6480	-187.1775	-243.9002	56.72271	2.819048	0.451765	4.69666	3.082433
6486	-188.8086	-245.8869	57.07833	2.574673	0.3919774	4.69666	3.082433
6492	-174.2703	-235.6769	61.40656	3.569042	0.7706405	0.4275193	0.6827487
6498	-180.4644	-241.3592	60.89474	2.568704	0.8370077	0.08597882	2.524404
6504	-175.349	-238.4776	63.12857	2.689527	0.5161797	0.08094166	1.20516
6510	-174.9861	-236.5233	61.53719	3.078911	0.6842279	0.401099	1.24074
6516	-177.3977	-240.6665	63.26878	2.823386	0.457274	0.1426658	0.7655097
6522	-182.4056	-242.0037	59.59815	2.657736	0.457274	0.07865903	3.586455
6528	-185.9969	-243.3651	57.36818	4.989099	0.457274	0.05760052	3.586455
6534	-182.3082	-245.3662	63.05798	2.721211	0.2280934	0.1625254	1.459729
6540	-175.4651	-236.3472	60.88216	2.830162	0.393713	0.7656223	1.847066
6546	-181.3365	-238.4344	57.09795	3.612982	0.6367309	4.650064	2.188676
6552	-182.6543	-241.8264	59.17206	2.761822	0.6367309	4.650064	1.327021
6558	-190.6625	-250.2762	59.61369	3.913234	0.932969	1.545772	0.7590812
6564	-189.035	-247.5808	58.54585	6.554712	0.6128718	0.177905	1.369189
6570	-184.0857	-243.6929	59.60714	4.862848	0.5568695	0.3134299	1.63309
6576	-191.7953	-252.5608	60.76551	3.513746	1.056279	0.5794749	0.8769691
6582	-185.8887	-244.8065	58.91775	3.145271	0.4441474	3.490819	1.744079
6588	-183.8096	-243.7138	59.9042	3.66916	0.6238361	1.960851	0.8368428
6594	-192.1167	-252.2857	60.16896	3.448568	0.4742688	1.156721	1.52041
6600	-181.5191	-242.5914	61.07226	2.846261	0.6963038	1.238897	0.9144048
6606	-182.304	-243.1038	60.79986	2.951852	0.8733306	1.238897	0.8621929
6612	-183.2811	-244.081	60.79986	2.951852	0.8733306	1.238897	0.8621929
6618	-182.007	-242.3073	60.30027	3.64437	0.8463039	1.238897	0.5974529
6624	-176.5874	-239.585	62.99767	2.323906	0.8463039	0.1741601	0.9151272
6630	-179.4333	-242.7516	63.31825	3.300612	0.3424976	0.09158491	0.4602664
6636	-186.0194	-247.9086	61.8892	2.228824	0.394273	0.4082913	1.935793
6642	-184.36	-244.2428	59.8828	3.064769	0.4373067	0.4810877	2.553789
6648	-186.5046	-249.0824	62.57774	2.639361	0.3344672	0.1852077	1.629115
6654	-183.2432	-244.646	61.40285	1.277714	0.6306952	0.0924302	3.141007
6660	-175.3099	-239.3876	64.07763	1.855305	0.3887284	0.07082298	1.336456
6666	-176.7741	-238.8788	62.1047	3.371381	0.3061794	0.04167273	1.900646
6672	-179.4072	-240.8544	61.44719	4.380742	0.4523797	0.2675154	0.5564502
6678	-178.7184	-237.7605	59.04213	3.840742	0.658296	0.4598726	2.400888
6684	-177.783	-238.9102	61.12716	2.611787	0.658296	0.1202236	2.400888
6690	-181.1953	-245.0065	63.81118	1.791752	0.6870289	0.09682438	1.113446
6696	-177.154	-239.5379	62.38388	3.002098	0.3711637	0.5718436	0.6074284
6702	-176.4642	-240.85	64.38574	2.366068	0.1704789	0.02622783	1.28658
6708	-178.8382	-242.7892	63.95105	2.262217	0.1704789	0.1505388	1.28658
6714	-176.1305	-236.3696	60.23906	3.136268	0.5563544	0.4629794	2.17643
6720	-178.567	-238.6206	60.05369	3.721976	0.9687851	0.1063057	2.179909
6726	-178.9817	-241.8007	62.819	2.277489	1.020418	0.1794597	0.9416039
6732	-190.0174	-252.7676	62.75022	3.181655	0.6308696	0.1292159	0.3671149
6738	-188.8294	-251.1247	62.29526	3.758729	0.8143789	0.04897943	0.3671149
6744	-191.0143	-252.5021	61.48775	3.558146	0.8143789	0.3246856	0.811757
6750	-185.8699	-246.9903	61.12044	3.463116	0.8143789	0.6487948	0.6628993
6756	-190.6507	-252.0736	61.42285	3.810721	0.8143789	0.2846036	0.6628993
6762	-195.2494	-254.2859	59.03658	4.638918	0.6553839	1.975046	0.4552228
6768	-189.0447	-249.3046	60.25995	4.665149	0.6204462	0.3463651	1.145059
6774	-190.5922	-249.9621	59.36988	6.363797	0.4095997	0.2973889	0.7671492
6780	-190.141	-249.5058	59.3648	4.981724	0.4095997	0.3217921	1.88141
6786	-182.2524	-243.811	61.55863	3.294565	0.4095997	0.212678	1.721232
6792	-186.1842	-246.6536	60.46944	4.499917	0.7660128	0.08928657	1.56773
6798	-183.6502	-245.5019	61.8517	4.311076	0.7660128	0.01547164	0.7716444
6804	-181.2199	-243.5465	62.32658	3.403003	0.7660128	0.06741917	1.026644
6810	-186.7564	-248.6555	61.89911	4.227419	0.6966024	0.06741917	0.6187881
6816	-186.0048	-248.5381	62.53326	3.578829	0.6966024	0.07556925	0.4943891
6822	-173.7905	-236.8738	63.08334	3.462027	0.4169775	0.07556925	0.5183243
6828	-182.8655	-245.8181	62.95266	2.738637	0.5165059	0.1679575	1.012118
6834	-187.9944	-249.5823	61.58792	3.979715	0.5165059	0.3174908	0.6535326
6840	-189.4569	-253.0618	63.6049	2.554076	0.6291086	0.07670121	0.6535326
6846	-186.772	-249.6879	62.91594	2.451666	0.5848731	0.2255446	1.054546
6852	-179.4407	-240.922	61.48128	2.085046	0.3690932	0.7545321	1.988173
6858	-177.193	-237.0982	59.90516	2.030772	0.7313426	1.732858	2.119837
6864	-175.5228	-238.366	62.84316	2.452424	0.6641018	0.2214564	1.027066
6870	-176.3677	-237.1854	60.81776	3.76298	0.5090306	0.8286679	0.9296181
6876	-189.5417	-250.1329	60.59124	3.412524	0.5090306	0.8286679	1.435276
6882	-187.7657	-250.1879	62.42216	2.108702	0.4003291	0.2848777	1.825833
6888	-187.6616	-248.2289	60.56733	2.542538	0.4142955	0.7844508	2.206009
6894	-183.6017	-242.6705	59.06885	2.041071	0.3024216	1.161256	3.335347
6900	-184.1285	-246.0467	61.91823	1.828954	0.2830259	0.5384528	2.191372
6906	-195.0295	-252.2388	57.2093	2.624939	0.2830259	1.771019	3.83603
6912	-187.1628	-248.8857	61.72286	2.524523	0.5362286	0.4336604	1.640993
6918	-186.9973	-248.9698	61.97246	2.547344	0.4942277	0.4336604	1.490799
6924	-177.9697	-240.5846	62.61499	2.914291	0.5315468	0.3354944	0.5879062
6930	-175.9009	-238.7854	62.88451	2.914291	0.6551432	0.1609021	0.6315262
6936	-183.2619	-245.6085	62.34662	2.738667	0.6551432	0.3919445	0.8388368
6942	-182.0366	-244.6815	62.64489	3.179465	0.3443315	0.357452	0.5890815
6948	-178.7517	-240.6721	61.9204	3.657554	0.8715139	0.1404172	0.3500398
6954	-176.7277	-237.9163	61.18856	4.053521	0.5225844	0.2224704	0.1325259
6960	-187.7801	-248.1959	60.4158	3.368366	0.5262404	1.883875	0.8143044
6966	-185.4916	-245.7657	60.27413	3.525311	0.5262404	1.883875	0.7941133
6972	-184.8873	-244.9713	60.08395	3.521627	0.6580254	1.883875	0.7941133
6978	-185.3842	-245.6748	60.29063	4.319495	0.6580254	0.8075324	0.583587
6984	-179.6499	-241.8844	62.23443	3.532122	0.2710891	0.4221566	0.7770882
6990	-186.2351	-246.1962	59.96112	3.757161	0.2710891	3.105646	0.7556587
6996	-182.1399	-243.5783	61.43842	2.6366	0.7139493	0.9628173	0.9966264
7002	-183.3796	-245.2747	61.89509	2.576684	0.7139493	0.131837	1.843387
7008	-179.3496	-239.4162	60.0666	2.189888	0.7139493	0.6969613	2.524013
7014	-193.8976	-246.6655	52.76797	1.793632	0.346937	2.157788	6.552468
7020	-191.9632	-245.6693	53.70613	1.128011	0.2871158	2.376934	6.414667
7026	-191.8575	-252.6861	60.82855	1.881264	0.3564488	2.376934	1.750012
7032	-179.1349	-240.0649	60.93006	2.221819	0.7474377	0.9031379	1.750012
7038	-175.1571	-235.668	60.51088	3.841713	0.6356164	0.9967715	0.7524432
7044	-181.0958	-242.1213	61.02556	2.562937	0.7413959	0.9967715	1.361135
7050	-184.1958	-243.547	59.35119	2.999947	0.7413959	3.773393	1.095383
7056	-176.6082	-235.6899	59.08163	3.230966	0.615663	4.395424	1.095383
7062	-188.1498	-244.9238	56.77399	4.284535	0.6678037	4.395424	1.983051
7068	-189.3913	-247.7972	58.40596	4.404327	0.6678037	2.011525	1.446866
7074	-180.7286	-240.3134	59.58474	3.19841	0.6678037	3.175921	0.9888256
7080	-176.0766	-237.9143	61.8377	3.393977	0.447162	0.4135514	0.9888256
7086	-182.5566	-244.3906	61.83395	3.410738	0.447162	0.4135514	0.9755747
7092	-175.1268	-235.1179	59.99109	1.912218	0.9048864	0.4135514	2.873874
7098	-170.9537	-232.6086	61.65494	2.250942	0.6252776	0.4135514	1.814245
7104	-180.2755	-239.1405	58.86497	2.005821	0.6759488	0.7037887	3.383866
7110	-175.4393	-238.0864	62.6471	1.831458	0.9659129	0.1054239	1.710522
7116	-170.4744	-232.9542	62.47982	2.336453	0.5821675	0.3558274	1.268499
7122	-176.1005	-237.4822	61.38165	3.5324	0.7020738	0.2033144	1.358802
7128	-178.0975	-239.6018	61.5043	3.733145	0.4288252	0.5838004	0.6543636
7134	-176.3689	-234.8514	58.48255	3.362092	0.5543428	3.228601	1.839318
7140	-181.2018	-239.9795	58.77768	3.766522	0.8394475	2.300616	1.364503
7146	-181.6804	-240.9162	59.2358	3.928889	0.7874299	2.63277	0.5024885
7152	-192.8436	-252.9067	60.06314	5.53813	0.633267	0.09487769	1.186943
7158	-194.0721	-251.7268	57.65471	6.620916	0.633267	0.6755958	1.218401
7164	-199.0073	-256.8087	57.80139	5.294876	0.3540552	0.6755958	2.379049
7170	-187.4629	-248.3443	60.88137	2.876345	0.2814392	0.6412467	2.088162
7176	-189.5247	-252.3436	62.8189	2.366473	0.5619524	0.2171457	1.266115
7182	-179.0755	-241.5876	62.51214	2.909741	0.5198543	0.1619334	1.266115
7188	-177.0791	-238.7582	61.6791	3.312905	0.5198543	0.1218695	1.701092
7194	-179.3134	-242.4298	63.11638	2.480648	0.6062829	0.1218695	1.126863
7200	-186.3954	-246.1477	59.75233	2.514475	1.06445	1.132516	1.965369
7206	-185.5306	-246.6794	61.14882	2.796911	0.7498243	0.3980876	1.691969
7212	-187.4304	-250.2901	62.85968	3.642321	0.4131166	0.07376996	0.6933136
7218	-168.4855	-231.2562	62.77071	3.849196	0.4131166	0.04640753	0.3291219
7224	-171.1966	-234.6605	63.46391	3.289513	0.3721368	0.04640753	0.6148398
7230	-180.4325	-242.4485	62.01596	3.423219	0.7069642	0.2716995	0.5271124
7236	-178.2438	-240.4561	62.21225	3.753854	0.5938319	0.1459993	0.5159636
7242	-178.4387	-240.8546	62.41589	3.47269	0.5938319	0.1459993	0.7243369
7248	-180.3914	-237.5818	57.19047	3.665716	0.4846142	4.270139	2.320199
7254	-181.0566	-243.3467	62.29007	2.597394	0.4375674	0.6252938	1.006804
7260	-177.5264	-240.0522	62.52588	2.664493	0.4375674	0.5784682	0.7254536
7266	-188.4682	-249.701	61.23278	3.249569	0.8220908	0.7125251	0.6778389
7272	-186.1275	-246.7588	60.63129	3.795868	0.3740132	1.526567	0.4391997
7278	-183.847	-244.7768	60.92981	2.675156	0.6531214	1.526567	1.062273
7284	-181.7448	-243.2731	61.52825	3.22225	0.6531214	0.4539461	1.073245
7290	-177.1634	-238.6685	61.5051	2.226126	0.7425266	0.4539461	1.776518
7296	-174.1408	-236.4	62.25919	2.143246	0.4727967	0.2346888	1.911127
7302	-179.9871	-238.7968	58.80972	2.373107	0.4208707	0.3056328	3.825839
7308	-178.1813	-239.1037	60.92234	2.626471	0.6402047	0.09879289	2.590072
7314	-178.1707	-239.7721	61.60136	1.726626	0.6402047	0.1566614	2.590072
7320	-178.8819	-236.2477	57.36577	2.66122	0.6402047	0.2377562	4.380518
7326	-175.2533	-233.5914	58.33805	2.508069	0.3625228	0.1265919	4.380518
7332	-176.9429	-230.5358	53.59285	1.798469	0.2373205	0.05397561	7.697229
7338	-179.0528	-238.7423	59.6895	5.444654	0.6841081	0.04606541	1.673668
7344	-174.414	-234.9113	60.49728	4.729499	0.5781825	0.3629583	0.8706669
7350	-178.2876	-239.1966	60.90896	3.90199	0.4692399	0.5162065	1.177762
7356	-190.8423	-248.4781	57.63579	4.501843	0.6043647	1.192824	2.362464
7362	-192.8718	-248.6199	55.74817	4.700532	1.311523	6.273455	1.595823
7368	-191.9158	-247.6541	55.73834	5.503463	0.3843932	7.827846	1.595823
7374	-195.2621	-251.2005	55.93837	5.157017	0.3434479	7.827846	1.760077
7380	-190.9686	-248.7793	57.81067	4.362537	0.5276605	5.178395	1.135251
7386	-192.0333	-249.6696	57.63627	2.457668	0.7147401	2.804103	2.923973
7392	-175.3176	-237.3715	62.05396	2.809439	0.3694095	0.4511423	1.378845
7398	-176.343	-237.6625	61.31951	2.398167	0.4298888	0.4511423	2.104831
7404	-180.3828	-244.2534	63.87067	1.697282	0.2086658	0.2818971	1.404334
7410	-184.1021	-247.8869	63.7848	2.241866	0.1613935	0.2133985	1.301084
7416	-188.2388	-249.8726	61.63387	2.908603	0.2431023	0.9940107	1.301084
7422	-183.0274	-244.4001	61.37264	3.326208	0.2235561	1.306693	0.9522709
7428	-189.5207	-249.9523	60.43156	2.137093	0.304131	1.306693	2.371376
7434	-183.7469	-243.2772	59.53035	2.473172	0.620993	1.306693	2.371376
7440	-179.4223	-242.3463	62.92402	2.653668	0.6831771	0.2223302	0.6182092
7446	-178.9538	-242.1653	63.21148	2.550796	0.6831771	0.146089	0.7269521
7452	-181.349	-242.725	61.37609	4.373372	0.6831771	0.1301819	0.2732899
7458	-178.5094	-241.2871	62.77772	3.4962	0.4239885	0.1301819	0.3884267
7464	-180.1322	-243.156	63.02374	2.894184	0.4239885	0.2094752	0.7917351
7470	-179.3241	-240.4265	61.10235	2.444338	0.6370254	0.05762434	2.711687
7476	-186.0116	-247.9617	61.9501	4.245394	0.7108848	0.01946093	0.824419
7482	-184.8582	-247.3417	62.48347	3.513249	0.6834316	0.09064688	0.7010817
7488	-186.4984	-244.6982	58.19975	2.1502	0.6834316	0.1375869	4.341888
7494	-181.934	-241.9126	59.97865	2.438218	0.5679165	0.527	2.701595
7500	-174.7391	-237.0272	62.28808	1.992526	0.4152044	0.527	1.65217
7506	-177.689	-237.9588	60.26977	2.903954	0.4279215	1.516564	1.691998
7512	-179.8613	-239.326	59.46472	3.561996	0.6176548	1.021723	1.871139
7518	-190.373	-248.3725	57.99942	3.18174	0.6176548	2.881808	2.31104
7524	-186.8904	-244.8153	57.92494	1.98437	0.4523831	0.5728982	4.23959
7530	-187.9375	-244.0263	56.0888	2.423144	0.6169935	1.780163	4.23959
7536	-189.726	-248.6599	58.93386	2.92839	0.6169935	4.098923	1.536277
7542	-185.7674	-244.2662	58.49882	2.946625	0.3101699	4.098923	2.196143
7548	-186.0407	-242.9302	56.88956	2.231713	0.3101699	1.720749	4.225388
7554	-184.6025	-243.336	58.73344	2.096657	0.3101699	1.08045	3.532093
7560	-176.4777	-237.5855	61.1078	2.222308	0.3101699	0.6299656	2.33107
7566	-188.2833	-246.4845	58.20113	4.104415	0.6666917	0.6954862	2.533365
7572	-179.9346	-242.3737	62.43915	3.080179	0.6666917	0.2088286	0.8172889
7578	-189.4392	-246.5067	57.06745	4.4305	1.104975	0.1807306	3.33003
7584	-185.7913	-243.9894	58.19805	4.55018	0.4230642	0.08041755	3.33003
7590	-179.8315	-240.932	61.10053	4.049188	0.5133909	0.08041755	1.720945
7596	-179.3084	-242.1236	62.81527	2.965906	0.5133909	0.08041755	1.242234
7602	-174.5243	-236.608	62.08374	3.198684	0.5434507	0.4448129	0.6253798
7608	-172.4723	-234.1306	61.65834	2.350057	0.7566227	0.3540938	1.704282
7614	-172.8532	-233.0856	60.23237	2.715078	0.7566227	0.9407227	1.855975
7620	-189.6951	-248.6747	58.97962	2.592082	0.7459509	0.9407227	2.746382
7626	-187.0324	-249.4152	62.38279	2.762495	0.4584119	0.2494546	1.36381
7632	-188.2251	-251.5528	63.3277	3.176587	0.4015632	0.0827691	0.6501588
7638	-180.6978	-243.1116	62.41378	2.842522	0.6356477	0.2283664	1.083234
7644	-187.3991	-247.6008	60.20163	5.014112	0.42256	0.6330513	0.4687639
7650	-192.0873	-252.9841	60.89684	4.350228	0.4069821	0.6330513	0.5020091
7656	-188.4167	-250.3089	61.89219	3.10559	0.4069821	0.6675751	0.8883176
7662	-191.6156	-250.3568	58.74117	4.161434	0.2464513	4.373936	1.198651
7668	-190.9953	-250.0041	59.00877	3.696965	0.5075535	3.148952	1.281176
7674	-192.5304	-251.9897	59.45937	4.26921	0.5794587	2.076373	0.4835734
7680	-197.332	-257.2274	59.89539	4.288987	0.3302522	1.455875	1.084639
7686	-199.708	-259.3277	59.61966	4.740633	0.3812136	1.455875	0.7762604
7692	-195.5297	-248.539	53.0093	6.570369	0.6850069	18.95389	1.403486
7698	-197.6482	-252.1367	54.48851	7.054858	0.6850069	9.19561	0.5230355
7704	-195.7348	-254.0617	58.32686	4.759309	0.2879538	3.104291	1.336578
7710	-197.0298	-256.0866	59.05683	5.267848	0.4742199	1.360303	0.3576873
7716	-189.6687	-248.6033	58.93455	5.267848	0.661647	1.166547	0.3576873
7722	-184.4588	-244.633	60.17421	4.865114	0.661647	0.1504075	0.09915648
7728	-189.3549	-251.1148	61.7599	4.519674	0.661647	0.04136896	0.3617228
7734	-180.9212	-242.4988	61.57753	4.092716	0.6016724	0.2203459	0.3579148
7740	-185.0759	-245.1116	60.0357	2.980478	0.6016724	0.9991479	1.909146
7746	-184.7418	-244.4176	59.67586	2.98027	0.7596225	1.62874	1.652698
7752	-181.8464	-242.9001	61.05369	2.98027	0.595086	1.087695	1.074974
7758	-183.576	-244.4597	60.88364	2.9545	0.5498395	1.087695	1.303141
7764	-190.5695	-251.2037	60.63416	2.290902	0.8130802	1.087695	1.723573
7770	-190.3527	-249.1799	58.82712	3.422638	0.7058271	2.941506	1.481695
7776	-194.1744	-253.5758	59.40133	4.664496	0.7058271	1.215523	0.7361777
7782	-182.1253	-243.0216	60.89629	3.422067	0.7058271	0.04424588	2.211154
7788	-182.2491	-243.7173	61.4682	3.56309	0.7058271	0.0175413	1.800457
7794	-180.5665	-239.9944	59.42783	2.672531	0.5293681	0.0175413	3.76029
7800	-177.4852	-238.2281	60.7429	2.399747	0.5293681	0.2890868	2.574005
7806	-180.4529	-240.5741	60.12122	2.204141	0.6852465	0.8239452	2.406549
7812	-182.8437	-241.7358	58.89214	3.081597	0.6171105	3.694559	1.556591
7818	-175.6895	-232.2744	56.58484	2.866457	0.7717458	3.694559	3.053221
7824	-174.1438	-230.3805	56.23665	2.641811	0.5412854	3.694559	3.576775
7830	-178.7487	-237.1834	58.4347	2.48289	0.4533128	0.675876	3.576775
7836	-169.9427	-232.5455	62.60279	2.398557	0.4533128	0.3446944	1.306835
7842	-179.3107	-240.7303	61.41952	3.22437	1.284428	0.3446944	0.6535602
7848	-168.6907	-229.9572	61.26644	3.786519	0.5644407	0.5810299	0.5340375
7854	-170.5439	-231.1392	60.59527	2.592042	0.5644407	0.891486	1.906767
7860	-178.4728	-239.2361	60.76327	2.452583	0.9241554	1.021034	1.46835
7866	-182.9108	-244.0888	61.17805	2.773959	0.59067	1.021034	1.210656
7872	-169.9064	-232.861	62.95468	3.082806	0.3215093	0.2838639	0.4173706
7878	-182.5262	-243.4389	60.91273	3.631158	0.5892499	0.1006876	1.994208
7884	-184.6087	-245.118	60.50925	4.173344	1.02476	0.03203677	1.76718
7890	-176.1407	-236.2604	60.1197	4.660054	1.046578	0.03203677	1.683812
7896	-173.191	-232.794	59.603	5.046598	0.7870374	0.1214487	1.683812
7902	-174.5768	-234.8245	60.24774	5.201676	0.5677622	0.1214487	1.302272
7908	-173.5888	-234.6944	61.10557	3.862967	0.5677622	0.5595042	0.7782421
7914	-185.8311	-247.5566	61.72545	4.289295	0.3492127	0.2748252	0.5066564
7920	-191.7629	-252.4586	60.69571	3.611065	0.8789516	0.6191252	0.9818974
7926	-189.9847	-250.4479	60.46319	2.101588	0.8789516	0.6191252	2.272467
7932	-187.3577	-248.1828	60.82513	3.918965	0.5925177	0.6735506	0.8115282
7938	-196.2479	-256.034	59.78616	4.108858	0.2953034	2.787294	0.4862948
7944	-188.0983	-247.7933	59.69503	3.663305	0.3604391	3.452605	0.7849856
7950	-188.2665	-245.9078	57.64133	5.443933	0.563636	3.452605	0.6418933
7956	-182.268	-239.4418	57.17378	4.118661	0.3893686	10.9013	1.139608
7962	-179.6619	-235.9741	56.31229	4.15476	0.510139	11.84406	1.522771
7968	-183.2967	-241.7618	58.4651	3.842169	0.510139	6.303986	0.6978094
7974	-175.8131	-235.4053	59.59224	3.90691	0.5561225	2.579725	0.5374069
7980	-188.9187	-248.3184	59.39974	3.512834	0.5561225	2.579725	1.254608
7986	-192.5333	-253.4233	60.88998	3.847282	0.6712553	0.3416831	1.254608
7992	-191.6649	-249.7018	58.03694	3.9287	0.3168326	3.795152	1.91055
7998	-191.6041	-248.5232	56.91907	3.544394	0.6253392	7.467844	1.91055
8004	-191.0667	-246.38	55.31325	4.326733	0.6253392	14.17132	1.779922
8010	-203.1723	-254.2834	51.11115	6.865367	0.6792781	42.79301	1.490982
8016	-204.0042	-255.1572	51.15305	6.472817	0.6592421	42.79301	1.763789
8022	-200.7577	-251.9252	51.16745	6.458416	0.6592421	42.79301	1.763789
8028	-193.1342	-245.366	52.23172	6.014271	0.6592421	29.4608	1.823648
8034	-190.2715	-245.214	54.94256	5.40591	0.4891616	16.75797	1.186274
8040	-186.5156	-241.2683	54.75266	5.345175	0.727215	16.75797	1.102182
8046	-194.4057	-250.7936	56.38793	5.172317	0.5300788	9.068786	0.9193676
8052	-190.8246	-248.2715	57.44694	4.671815	0.4978023	6.160455	0.9978013
8058	-201.1564	-258.0387	56.8823	3.405186	0.4978023	6.160455	2.339505
8064	-192.9549	-248.9464	55.9915	5.566126	0.6917447	7.897587	0.8992885
8070	-190.6898	-246.314	55.62414	5.833465	0.8642544	7.897587	0.7628818
8076	-196.5037	-252.3351	55.83143	5.645626	0.7085391	7.897587	0.9627422
8082	-190.3605	-246.4081	56.04761	4.402688	0.9004459	7.897587	1.624632
8088	-187.901	-243.5969	55.69592	4.958557	0.611067	7.897587	1.734683
8094	-190.8549	-248.2261	57.37122	3.948527	0.611067	7.897587	1.230243
8100	-187.6208	-246.1905	58.56966	4.898179	0.5260046	2.690461	0.6300191
8106	-190.2789	-250.4651	60.18625	3.984699	0.8944265	0.9576957	0.506954
8112	-189.9689	-251.6295	61.66064	3.52482	0.3313982	0.5396539	1.04593
8118	-188.3437	-251.029	62.68526	3.627396	0.4783256	0.08835331	0.3403434
8124	-194.9783	-258.2054	63.22705	2.795933	0.4783256	0.1392422	0.8262396
8130	-191.6057	-249.3288	57.72305	3.793211	0.482079	6.521526	1.461403
8136	-185.3908	-243.1539	57.76309	3.327788	0.482079	7.350591	1.644264
8142	-203.2493	-259.0278	55.77852	4.185464	0.482079	14.94931	1.644264
8148	-190.1694	-249.0697	58.90024	3.010619	0.5156263	3.753792	1.697879
8154	-191.932	-250.3418	58.40982	3.12858	0.736159	3.753792	1.73984
8160	-191.7083	-249.1327	57.4244	3.901142	0.736159	3.753792	1.886816
8166	-197.8353	-247.9711	50.13582	9.023749	0.736159	3.753792	3.24017
8172	-186.6156	-241.1996	54.58391	7.21261	0.7417068	1.668988	2.229543
8178	-184.5545	-243.7262	59.17176	4.386786	0.9381986	0.2843285	1.979292
8184	-188.8329	-249.0127	60.17982	4.700328	0.5201455	0.04962929	2.000147
8190	-187.2746	-248.1067	60.83212	3.694773	0.6013152	0.4883594	1.279953
8196	-200.8961	-255.9959	55.09984	6.697881	0.5326272	0.5256923	3.109864
8202	-192.0841	-249.5335	57.44938	4.859478	0.8394123	3.911143	0.9769403
8208	-186.1508	-244.7321	58.58128	4.44438	0.3615277	3.911143	0.9769403
8214	-185.8763	-244.9455	59.0692	3.069681	0.3726397	4.270987	1.59441
8220	-182.3555	-241.2768	58.92131	3.370574	0.6741617	4.016996	1.151486
8226	-176.6445	-236.7343	60.08979	4.224694	0.4892931	1.363334	0.6386313
8232	-180.7218	-240.0579	59.33609	4.958683	0.4892931	1.363334	0.6795038
8238	-188.2085	-247.7751	59.5666	3.977191	0.6013596	2.069728	0.8346839
8244	-186.0287	-245.2124	59.18366	2.961026	0.4364657	3.231656	1.766951
8250	-178.325	-237.5627	59.23767	2.731455	0.5263159	3.289002	1.766951
8256	-168.7821	-229.5607	60.77856	2.731455	0.4767005	1.269615	1.524686
8262	-174.857	-236.9736	62.11662	3.106044	0.4379221	0.5938509	0.6151384
8268	-183.6111	-244.9591	61.348	4.769008	0.4379221	0.08549609	0.190859
8274	-188.2741	-247.5621	59.28792	2.233817	0.5626556	0.6185426	3.163151
8280	-180.2809	-241.2172	60.93629	2.820436	0.7118272	0.5891269	1.631895
8286	-181.4415	-242.6837	61.24215	2.2424	0.658879	0.5891269	1.871464
8292	-189.5438	-249.8731	60.32933	2.958607	0.8113967	1.011745	1.515381
8298	-176.0682	-238.9551	62.88682	2.676355	0.5040336	0.2569247	0.8968488
8304	-204.7504	-266.4904	61.73999	3.621718	0.5885495	0.2569247	0.9721753
8310	-196.8391	-256.0006	59.16151	2.629058	0.5885495	0.9827186	2.716085
8316	-183.7439	-241.9018	58.15792	4.166877	0.5885495	0.5295338	2.736664
8322	-186.1993	-246.6395	60.44016	5.570609	0.6357004	0.09088399	0.7780388
8328	-189.726	-249.9663	60.24026	4.116485	0.6357004	0.369435	1.544017
8334	-186.7102	-248.7871	62.07697	3.294823	0.4570584	0.4888409	0.5475492
8340	-183.0272	-243.9647	60.93745	3.593799	0.628727	0.3620964	1.431229
8346	-183.9521	-245.0804	61.12837	3.638716	0.5981706	0.6824196	0.7517185
8352	-176.8927	-238.8777	61.98502	3.085845	0.414009	0.6824196	0.7517185
8358	-183.3813	-244.5495	61.16812	2.917075	0.414009	1.152778	1.240884
8364	-175.9119	-235.7748	59.86298	3.712736	0.3363288	0.8482186	1.953883
8370	-193.5712	-250.6141	57.04281	3.968935	0.5918933	4.655106	2.032582
8376	-187.8	-245.7411	57.94107	3.606626	0.5918933	4.655106	1.66481
8382	-182.0498	-241.526	59.47616	3.415384	0.442193	4.655106	0.621914
8388	-183.1859	-242.2641	59.07821	3.537308	0.6311701	4.655106	0.4648517
8394	-197.9705	-257.5087	59.53822	5.185901	0.6440491	0.7375014	0.4648517
8400	-189.0177	-246.8776	57.85995	4.503862	0.6440491	3.736015	1.208811
8406	-193.5243	-251.8362	58.31194	4.051875	0.6440491	3.736015	1.208811
8412	-189.2241	-247.5314	58.30726	4.215978	0.6440491	3.736015	1.066448
8418	-196.7726	-254.5261	57.75344	4.881741	0.6440491	4.479459	0.4108764
8424	-184.843	-242.9986	58.15566	4.685145	0.4009239	4.479459	0.8932363
8430	-182.4008	-239.9211	57.52028	5.078189	0.6745767	4.479459	0.4228282
8436	-187.3028	-245.3161	58.01333	5.078189	0.3708588	4.517823	0.5408164
8442	-188.6007	-247.1282	58.52758	3.62599	0.4930088	0.2620148	3.247693
8448	-196.9518	-253.5767	56.62488	4.473699	0.7035631	1.029198	3.011081
8454	-189.2421	-247.2004	57.95826	2.513921	0.7035631	1.838466	3.011081
8460	-188.6531	-246.0163	57.36325	4.358113	0.3977232	0.8904912	3.011081
8466	-188.8814	-250.8045	61.92311	2.634545	0.3452564	0.8904912	1.176043
8472	-194.1067	-254.0863	59.97959	2.967171	0.7449051	0.4525396	2.296989
8478	-190.3287	-250.167	59.83822	3.130303	0.7275515	0.4525396	2.296989
8484	-188.8558	-248.7448	59.88897	2.737852	0.7275515	1.554585	1.738689
8490	-187.1939	-248.911	61.71707	2.959995	0.5078975	0.7017735	0.9926665
8496	-189.3646	-250.4911	61.12651	3.329605	0.3858036	1.097692	0.9998102
8502	-183.1459	-245.9288	62.78286	2.285899	0.6948728	0.3627575	0.8654142
8508	-182.1467	-243.9895	61.84274	3.087714	0.6948728	0.3835137	0.9713397
8514	-187.7937	-250.6884	62.89466	3.253836	0.4789642	0.1457681	0.4926608
8520	-189.9419	-251.8812	61.93934	3.904479	0.240788	0.2948539	0.1806135
8526	-188.4801	-249.863	61.3829	5.19202	0.2569821	0.1552723	0.4969581
8532	-183.2651	-245.3638	62.09874	2.327557	0.3853322	0.1552723	2.16253
8538	-177.7708	-239.241	61.47023	3.216311	0.3853322	0.5117806	1.411529
8544	-187.7832	-249.087	61.30377	2.667774	0.6613683	0.5117806	1.611252
8550	-172.1892	-235.1965	63.00727	2.682334	0.6613683	0.189149	0.6531743
8556	-168.007	-228.2998	60.29285	3.78927	0.6613683	1.327766	0.6429591
8562	-175.1173	-234.826	59.7087	4.151941	0.6720239	1.637074	0.4269955
8568	-184.317	-245.5982	61.28115	2.98119	0.9222156	0.7950303	0.3477177
8574	-183.2696	-245.971	62.7014	2.629926	0.5834655	0.3681746	0.7001161
8580	-183.0331	-245.9925	62.95942	2.795081	0.6495556	0.1762111	0.63518
8586	-181.0446	-244.0341	62.98949	2.795081	0.5113465	0.2282045	0.3548979
8592	-183.4631	-245.247	61.78383	4.140163	0.9390803	0.01994219	0.8328997
8598	-187.3999	-249.5581	62.15821	3.988636	0.3701983	0.1982755	0.3834594
8604	-191.6312	-251.6343	60.00314	3.017724	0.5983506	1.722909	1.49654
8610	-185.4177	-248.6654	63.24775	2.672703	0.6699317	0.06249074	0.9828258
8616	-184.5631	-246.3645	61.80135	1.887439	0.9189129	0.06786142	2.379204
8622	-176.109	-238.8528	62.74377	2.969996	0.3595507	0.03923296	1.662722
8628	-186.404	-249.9287	63.5247	2.096543	0.464479	0.04020768	1.582494
8634	-194.2845	-252.5746	58.29005	2.72738	0.2756639	0.07805522	4.509092
8640	-188.016	-247.3894	59.3734	2.298127	0.2782334	0.8691393	3.209075
8646	-187.317	-248.16	60.84294	3.531585	0.2782334	0.9121827	1.429933
8652	-187.3452	-246.0526	58.70738	3.057207	0.3989326	3.230156	2.072087
8658	-186.2918	-244.5033	58.21141	3.808099	0.3872834	3.230156	1.917118
8664	-194.4312	-250.8587	56.42756	4.937893	0.4484313	3.230156	2.271747
8670	-188.7027	-250.7496	62.04693	2.315298	0.4484313	0.6626484	1.397951
8676	-184.2661	-243.8452	59.57909	2.620638	0.7004801	2.13161	1.807545
8682	-193.1192	-250.9448	57.82562	2.831121	0.6484264	1.413354	3.12065
8688	-190.6656	-250.5104	59.84474	3.606807	0.3690176	2.136277	1.270209
8694	-191.543	-249.9763	58.43332	4.241814	0.9071409	2.136277	1.270209
8700	-186.722	-248.0707	61.3487	3.292876	0.9071409	0.5332216	0.6792652
8706	-189.1133	-250.8627	61.74938	2.131494	0.5233679	0.6088077	1.715187
8712	-193.5243	-254.8469	61.32255	2.655229	0.5233679	0.1902542	2.220756
8718	-183.776	-242.5973	58.82125	5.219346	0.4851605	0.1902542	2.220756
8724	-176.8731	-238.1499	61.27676	4.372142	0.4851605	0.01953339	1.592464
8730	-175.3089	-238.067	62.75813	3.385579	0.4851605	0.04749235	1.106575
8736	-170.3695	-233.6199	63.25038	2.796755	0.6085972	0.04749235	1.016214
8742	-174.1755	-236.9357	62.76021	2.39392	0.4550242	0.1665587	1.547068
8748	-172.7353	-235.3776	62.64229	2.737358	0.4550242	0.3838843	0.8758664
8754	-172.2017	-232.8489	60.64722	3.15793	0.6295171	1.477924	0.9297616
8760	-174.6949	-236.6592	61.96428	2.967184	0.6295171	0.5182361	0.7945333
8766	-181.8132	-242.6844	60.87117	3.34928	0.488852	0.1311679	2.22995
8772	-181.9924	-244.1353	62.14287	1.749531	0.8785705	0.1311679	2.102363
8778	-185.2106	-243.8981	58.6875	1.928792	0.8081884	0.5131371	3.596912
8784	-186.8032	-245.5703	58.76702	2.592438	0.3670316	0.4691189	3.596912
8790	-188.933	-248.3168	59.38381	1.412736	0.3941021	0.6172275	3.757251
8796	-190.5849	-250.8881	60.30324	3.440848	0.3941021	1.658905	1.228897
8802	-177.2346	-237.1914	59.95683	3.744726	0.9608274	1.207398	0.8426263
8808	-181.2014	-242.6385	61.43712	3.206906	0.8919351	0.4741627	0.8426263
8814	-176.7103	-237.04	60.32965	3.311324	0.2882015	0.7647972	2.048567
8820	-178.0233	-238.9679	60.94454	2.402718	1.083822	0.3058002	1.990072
8826	-179.7834	-240.0804	60.29698	2.497176	1.083822	0.4780236	2.131204
8832	-179.2302	-237.1742	57.94399	3.384174	1.083822	3.996779	1.560711
8838	-186.9775	-244.2398	57.26232	3.043429	0.8489458	3.144903	2.607095
8844	-183.5519	-240.1208	56.56889	2.994227	0.8489458	0.6809721	4.034578
8850	-182.4586	-241.2351	58.77645	1.807078	0.4231192	0.388405	4.065919
8856	-177.2323	-236.5571	59.32478	1.453623	0.4231192	0.388405	3.954598
8862	-173.4616	-235.9824	62.52076	3.066804	0.5751673	0.08389389	1.309207
8868	-177.5796	-239.3303	61.75068	2.712287	0.5751673	0.07460674	2.138244
8874	-168.99	-232.0704	63.08037	1.847246	0.3000781	0.1711604	1.916059
8880	-172.6361	-233.8114	61.17533	2.294542	0.6627989	1.19012	1.392273
8886	-168.2557	-231.4967	63.24097	2.294542	0.6627989	0.2541694	0.5654546
8892	-180.6046	-243.6445	63.03988	3.301256	0.3442743	0.1631173	0.5421746
8898	-184.4118	-245.9092	61.49738	3.522857	0.3341007	0.9145258	0.6378875
8904	-185.4677	-246.2886	60.82097	3.63393	0.7201723	0.8488479	0.6517584
8910	-184.1865	-243.4698	59.28331	3.090495	0.4496301	2.901025	1.68624
8916	-184.6675	-247.6598	62.99236	2.56704	0.6127788	0.1534394	1.04579
8922	-190.1005	-252.3145	62.21402	2.89417	0.5515063	0.1480755	1.509956
8928	-177.5071	-238.2587	60.75152	2.756178	0.5515063	0.3266217	2.267783
8934	-178.2478	-240.0322	61.7844	2.575312	0.5515063	0.3266217	1.696728
8940	-180.8678	-242.2657	61.39784	2.73739	0.6381537	0.4276334	1.621172
8946	-171.5135	-233.8331	62.31955	2.923462	0.5501601	0.4308903	0.7294821
8952	-184.7715	-245.429	60.65755	4.193728	0.5275498	0.4308903	1.186161
8958	-191.3584	-251.5379	60.17952	3.505619	0.5275498	0.3509996	2.143387
8964	-186.0925	-245.8436	59.75115	2.840593	0.5275498	2.039172	1.744001
8970	-176.0605	-234.0096	57.9491	4.618449	0.3077468	6.332805	0.8672442
8976	-179.8209	-238.5725	58.75161	5.046841	0.2620698	3.089793	0.6701012
8982	-171.9166	-230.2791	58.36241	3.896728	0.7410778	3.089793	1.392024
8988	-180.5809	-236.9589	56.37801	4.052433	0.7066927	3.089793	2.65013
8994	-183.6436	-242.0877	58.44405	2.877559	1.082771	0.7616845	2.801117
9000	-176.5767	-236.5371	59.96037	3.434591	1.082771	1.275524	0.9850372
9006	-180.6902	-240.6011	59.91088	3.837555	0.753383	1.275524	0.9850372
9012	-181.4704	-240.3477	58.87738	4.075976	0.3837356	3.968286	0.9850372
9018	-182.6087	-243.1542	60.54546	4.37192	0.6928365	0.384698	0.9850372
9024	-179.8239	-241.7145	61.89054	3.087276	0.8854604	0.384698	0.4755497
9030	-171.9799	-234.1492	62.16933	2.877261	0.8083574	0.3296138	0.2834961
9036	-177.4461	-239.4827	62.03655	2.765456	0.8083574	0.5283432	0.4317695
9042	-175.6068	-237.5392	61.93233	2.998082	0.5625159	0.4232507	0.1779586
9048	-174.3445	-236.3151	61.97052	3.328048	0.5625159	0.2540466	0.1779586
9054	-183.0218	-245.1255	62.10364	3.147475	0.2672082	0.5736653	0.1787693
9060	-176.029	-239.0118	62.98285	3.032693	0.2672082	0.1547603	0.1435151
9066	-176.4616	-240.0382	63.57659	3.032693	0.2368756	0.1052653	0.2430533
9072	-170.7376	-234.0971	63.35958	2.158716	0.5328508	0.1226858	1.286215
9078	-174.4369	-237.4758	63.03891	2.757867	0.5328508	0.1589841	0.9058905
9084	-174.7729	-235.2431	60.47024	3.825038	0.5328508	0.1800012	2.024125
9090	-176.7438	-238.4776	61.73377	2.612582	1.099293	0.375356	1.122014
9096	-185.7579	-246.4906	60.73271	2.541122	1.099293	0.7399806	1.527492
9102	-185.3503	-247.5671	62.2168	3.147937	0.4918892	0.1003568	1.527492
9108	-196.4799	-257.802	61.32207	3.023068	0.4145641	0.6328036	1.489889
9114	-195.2603	-256.3862	61.12595	2.998489	0.5156651	0.7448071	1.411225
9120	-184.8553	-245.3456	60.49029	3.280612	0.5156651	1.288372	1.257887
9126	-185.6349	-246.5163	60.88138	3.905827	0.3899434	0.4847687	1.360714
9132	-190.0746	-248.9325	58.85787	3.44744	0.422955	0.4847687	2.958524
9138	-177.9906	-233.2808	55.29015	3.287547	0.422955	8.18115	3.206237
9144	-175.2385	-237.1029	61.86438	2.787721	0.422955	0.2715587	1.734432
9150	-175.6438	-238.2929	62.64906	2.410511	0.422955	0.1357037	1.734432
9156	-175.9191	-237.5019	61.58283	2.332659	0.4013958	0.1357037	2.512043
9162	-176.2248	-237.4313	61.20654	2.761861	0.7749469	0.1357037	2.119785
9168	-176.1669	-237.4954	61.32847	2.962438	0.4925299	1.009381	1.054976
9174	-190.5551	-251.0913	60.53618	3.714099	0.2434701	1.009381	1.515183
9180	-183.3109	-241.782	58.4711	4.596165	0.6250585	2.200301	1.201906
9186	-188.7113	-247.822	59.11063	4.061179	0.6250585	2.200301	1.109743
9192	-194.6684	-251.2291	56.56078	5.508145	0.4014368	8.427	0.6908185
9198	-182.321	-240.6557	58.33469	3.643728	0.4014368	8.427	0.8245494
9204	-181.6576	-240.0257	58.36813	3.643728	0.467411	5.603678	1.263301
9210	-183.631	-242.5892	58.95819	3.556636	0.467411	5.603678	0.753321
9216	-179.825	-237.4724	57.64743	4.226432	0.644011	5.603678	1.148427
9222	-187.2075	-247.4715	60.26401	3.275316	0.644011	0.9971211	1.497032
9228	-191.099	-250.4798	59.38085	3.913171	0.7340204	0.6668072	1.859817
9234	-186.1336	-248.8129	62.67931	2.870705	0.7340204	0.1564806	0.8746247
9240	-189.2058	-251.5855	62.37974	2.721186	0.7340204	0.06770867	1.573605
9246	-184.1312	-245.8581	61.72689	2.621175	0.6089214	0.410314	1.519085
9252	-187.0494	-247.941	60.89156	2.621175	0.4153183	1.237568	1.623068
9258	-182.8705	-244.8262	61.95569	2.632074	0.3583875	1.237568	0.7667723
9264	-175.5444	-236.9124	61.36804	3.190623	0.4072776	0.4857107	1.509242
9270	-177.7587	-240.4561	62.69731	3.361245	0.5643114	0.07648631	0.9255541
9276	-188.1912	-251.115	62.92377	3.713017	0.3838707	0.06097734	0.6618762
9282	-185.9496	-248.4887	62.5391	3.078612	0.6498156	0.06097734	1.286019
9288	-190.9574	-249.9876	59.03017	3.108614	0.5685592	0.903454	2.570835
9294	-191.1481	-249.2165	58.06839	2.372588	1.229737	1.1409	3.013604
9300	-186.0461	-241.5591	55.513	2.153031	0.5083662	1.113588	5.091517
9306	-173.6961	-235.2744	61.57832	3.217498	0.4796865	0.5446315	1.135585
9312	-171.5193	-230.4311	58.91175	3.885062	0.5300865	3.384967	1.089733
9318	-176.4432	-232.2474	55.80422	3.874307	0.4474385	7.747603	2.562907
9324	-183.4057	-240.6738	57.26807	4.145816	0.4502755	7.747603	1.38497
9330	-184.0313	-240.4472	56.41592	4.081033	0.5039217	7.747603	1.975042
9336	-205.158	-261.7165	56.55842	3.911513	0.5039217	8.603714	1.885421
9342	-194.8203	-245.2766	50.45623	6.610495	0.553161	44.7789	2.182384
9348	-185.9266	-238.9491	53.02246	6.398764	0.5779209	30.22889	0.9373587
9354	-182.6463	-237.9112	55.26489	5.714252	0.4501224	16.13366	0.5736732
9360	-190.5159	-249.5037	58.98783	4.51907	0.5556947	2.339784	0.7797592
9366	-183.8702	-243.7058	59.83568	3.615546	0.5556947	2.339784	0.8517514
9372	-185.5943	-244.7023	59.10803	4.048586	0.7725153	2.339784	0.8517514
9378	-187.421	-248.1365	60.71544	3.265218	0.4991393	1.774348	0.68898
9384	-179.6086	-240.1607	60.55214	2.598009	0.4991393	1.21409	1.789351
9390	-181.3579	-241.951	60.59307	3.04054	0.6302565	0.9935473	1.442815
9396	-175.5457	-235.9535	60.40775	3.525786	0.6302565	0.726783	1.442815
9402	-178.6806	-240.8567	62.17611	2.98244	0.3398939	0.4895887	1.128959
9408	-175.0397	-236.2752	61.23548	2.254983	0.5794886	0.3873597	2.169878
9414	-178.4531	-239.7549	61.30173	2.84801	0.5414306	0.2431145	1.990192
9420	-182.9347	-244.2703	61.33563	1.818766	0.7667157	0.4195632	2.184653
9426	-188.5043	-248.2783	59.77398	2.213623	0.7305369	0.8195449	2.584391
9432	-184.7854	-244.8817	60.09634	2.050295	0.4471132	1.071029	2.584391
9438	-182.1056	-242.3297	60.22414	2.178571	0.6903224	1.056227	2.196949
9444	-185.5761	-247.2007	61.62462	2.667581	0.4363481	0.1507813	2.196949
9450	-174.7261	-238.2535	63.52737	2.513269	0.4363481	0.1507813	0.8449717
9456	-175.2721	-238.6192	63.3471	2.619042	0.3360903	0.1874158	1.01071
9462	-180.0561	-240.8848	60.82866	4.068807	0.7469066	0.1874158	1.365006
9468	-176.5841	-236.562	59.9779	4.050514	0.5635535	0.1072282	2.336774
9474	-186.9883	-248.838	61.84976	2.883227	0.946796	0.0407326	1.758573
9480	-189.272	-251.857	62.58496	2.144487	1.056458	0.1565342	1.310856
9486	-187.1861	-248.9351	61.74896	3.541036	1.056458	0.1565342	0.7541823
9492	-190.1357	-249.5652	59.42942	4.162211	1.056458	1.378294	0.6494694
9498	-181.4052	-242.0095	60.60434	3.768503	0.4460181	1.378294	0.6494694
9504	-180.8057	-242.7806	61.97489	3.009639	0.4460181	0.6841995	0.7877436
9510	-184.5626	-244.7944	60.23173	3.642847	0.5852964	1.806707	0.4394341
9516	-178.6177	-240.1763	61.55859	2.545889	0.3239487	1.119997	1.397353
9522	-176.2887	-237.334	61.04535	2.746499	0.59336	1.475109	0.9996167
9528	-178.8648	-239.6654	60.80066	3.696819	0.5476253	0.812752	0.9721035
9534	-195.4251	-256.1668	60.74166	3.327194	0.3516845	1.540183	1.091665
9540	-187.0358	-247.8399	60.80412	2.938924	0.4710789	1.545753	1.17682
9546	-192.1661	-251.2848	59.11875	4.109141	0.8114078	2.143442	0.8367662
9552	-185.4706	-245.4636	59.99301	4.220652	0.5590542	0.9514026	1.083003
9558	-182.0486	-242.9084	60.85982	2.755994	0.5590542	1.673911	1.083003
9564	-187.229	-248.3305	61.10142	2.950389	0.457619	0.8000812	1.490234
9570	-180.3191	-240.0545	59.73541	2.679971	0.6777344	1.371831	2.020231
9576	-192.8249	-253.2242	60.39932	2.887674	0.458407	1.218316	1.739778
9582	-186.4112	-246.7549	60.34364	2.907025	0.458407	2.007514	1.355527
9588	-190.8547	-251.5718	60.71714	2.849713	0.6947977	1.087785	1.355527
9594	-189.0836	-247.9486	58.86491	3.415625	0.4858665	1.087785	2.448998
9600	-184.732	-246.0746	61.34259	3.144852	0.4936555	1.087785	0.7419061
9606	-192.1733	-254.8267	62.65345	2.481737	0.3781151	0.5115382	1.043566
9612	-190.2733	-250.5446	60.27129	4.481621	0.4772012	0.1217177	1.915682
9618	-185.8037	-246.6072	60.80351	2.498558	0.3936901	1.170361	1.841401
9624	-197.3268	-257.3854	60.05852	3.304295	0.3936901	0.1945692	2.741162
9630	-195.0003	-256.5518	61.5515	4.349242	0.7232607	0.05565557	0.2150812
9636	-191.379	-253.799	62.42002	3.56581	0.7232607	0.09159103	0.408261
9642	-195.8105	-256.3367	60.52621	4.493354	0.9776648	0.09942493	1.315222
9648	-185.6649	-246.5074	60.84251	3.032581	0.427874	0.2706123	2.249602
9654	-192.3808	-247.3092	54.92847	5.293189	0.4586983	17.94837	1.238631
9660	-197.6666	-249.9094	52.24286	5.356585	1.041751	27.75618	2.039634
9666	-206.6205	-255.9539	49.33343	3.907305	1.215447	27.75618	4.539646
9672	-198.8283	-250.0019	51.17364	6.232499	0.4962442	27.75618	2.597363
9678	-189.224	-241.9121	52.68811	6.973242	0.4962442	27.75618	0.9849071
9684	-190.3387	-249.7371	59.39844	3.713229	0.7360416	1.81637	1.229905
9690	-183.1338	-243.6613	60.52749	3.327705	0.3308914	1.81637	1.156581
9696	-187.0172	-247.6065	60.58929	4.325677	0.4322182	0.8025881	0.7073965
9702	-189.0526	-248.7048	59.65217	3.675742	0.3039595	2.28847	1.415333
9708	-179.7	-240.5836	60.8836	4.40532	0.6208108	0.3829229	0.6128329
9714	-191.3179	-250.0348	58.71682	3.220694	0.6208108	1.152415	2.496191
9720	-187.9505	-245.4465	57.49593	2.911114	0.6208108	4.145646	2.496191
9726	-203.3354	-260.3149	56.97946	4.525163	0.5440939	6.321349	1.428167
9732	-201.2332	-255.7384	54.50527	5.294799	0.5346838	1.457937	3.701004
9738	-194.5744	-255.7969	61.22253	2.809012	0.5346838	1.030277	1.207786
9744	-199.1185	-259.1839	60.06539	4.205669	0.487806	1.030277	1.061776
9750	-192.9503	-252.7658	59.81545	3.788121	0.5278591	2.297938	0.7335653
9756	-186.4554	-245.3888	58.93343	4.279297	0.4277904	3.583305	0.7344745
9762	-192.5776	-249.1143	56.53671	3.663033	0.7157731	5.462116	2.304213
9768	-196.2119	-252.984	56.7721	3.961204	0.3782897	5.462116	2.304213
9774	-197.1579	-256.7474	59.58952	4.45598	0.6384376	0.9713359	1.112345
9780	-194.6699	-252.7807	58.11081	4.66323	0.6384376	2.374592	1.351981
9786	-188.9906	-245.4595	56.46892	3.431703	0.6817773	5.002063	2.598132
9792	-197.0897	-257.0181	59.92835	3.840534	0.6817773	0.5997486	1.6402
9798	-199.9531	-260.8873	60.9342	2.794921	0.6817773	0.5900688	1.678786
9804	-194.5446	-255.0317	60.48715	2.508315	0.6890785	0.6986866	2.07054
9810	-186.5628	-245.4289	58.8661	2.989191	0.6894697	2.076055	2.07054
9816	-187.6143	-248.1218	60.50759	3.283953	0.2652938	2.169409	1.164791
9822	-182.9206	-240.5039	57.58329	2.687678	0.3645599	6.468163	2.459758
9828	-192.3949	-250.8189	58.42401	3.971549	0.5186935	5.330615	0.8878694
9834	-196.8422	-253.4212	56.57897	5.681653	0.5186935	1.796197	2.078
9840	-191.1887	-247.9763	56.78759	5.132425	0.5186935	1.796197	2.298788
9846	-188.1113	-245.4891	57.3778	5.640988	0.5186935	1.796197	1.553455
9852	-180.6095	-241.0959	60.48637	3.652609	0.4065982	1.796197	0.6736706
9858	-183.8539	-243.9984	60.14453	3.232018	0.5144456	2.111734	1.120043
9864	-192.7063	-249.7433	57.03706	3.450256	0.3819806	0.8506068	3.77927
9870	-174.3085	-233.7593	59.45081	2.779228	1.011997	0.6321447	2.385472
9876	-173.82	-233.3732	59.55322	4.812175	1.011997	0.6321447	0.3324282
9882	-180.2396	-241.6936	61.45399	4.279507	0.3840087	0.2997004	0.2733218
9888	-184.5594	-245.458	60.89859	4.736434	0.407804	0.2997004	0.2452225
9894	-177.1492	-237.2891	60.13992	4.315024	1.153631	0.4136896	0.2452225
9900	-175.2651	-234.8543	59.58927	5.030313	0.5015707	0.477418	0.1149543
9906	-176.4347	-235.4147	58.98	5.018844	1.261659	0.01415128	2.104448
9912	-174.071	-234.1007	60.02972	5.683748	0.9111494	0.01415128	1.07844
9918	-168.7759	-230.6561	61.88013	3.366795	0.5626364	0.3497981	0.9057823
9924	-167.8482	-229.0304	61.18229	2.800891	0.6618787	0.9722524	1.138626
9930	-166.8543	-228.9966	62.14235	3.154189	0.5939903	0.3493027	0.7892155
9936	-169.5561	-232.3943	62.83818	3.004324	0.5939903	0.1765881	0.6085441
9942	-175.007	-237.8172	62.81024	2.585345	0.4396059	0.1765881	1.358927
9948	-172.7135	-235.8694	63.15588	3.041756	0.4396059	0.1452023	0.4022542
9954	-167.2484	-229.9406	62.6922	3.257475	0.4396059	0.212055	0.3507397
9960	-168.0052	-230.3022	62.29704	3.566228	0.4801026	0.212055	0.3339962
9966	-170.3184	-232.6379	62.31951	2.830083	0.4801026	0.1466615	1.568628
9972	-166.0616	-228.08	62.01847	3.111055	0.4801026	0.5853987	0.6838931
9978	-170.2129	-231.0953	60.88241	2.605242	0.4801026	1.563711	1.36429
9984	-169.4269	-229.3791	59.95222	3.643324	0.36773	2.281809	1.078012
9990	-168.7358	-229.3133	60.57755	3.862061	0.6258349	1.004495	0.5921578
9996	-175.7053	-236.16	60.4547	3.572142	0.5317908	1.004495	1.237163
10002	-167.428	-227.4553	60.02728	4.643346	0.466664	1.004495	0.383184
10008	-171.8995	-231.2075	59.30798	4.754581	0.6523521	1.004495	0.1876444
10014	-169.884	-230.5312	60.64714	4.082207	0.416504	1.038636	0.6340276
10020	-181.769	-242.2356	60.46657	3.919994	0.416504	1.038636	1.0645
10026	-180.7305	-238.7099	57.97941	3.535897	0.8206361	0.6732027	2.917821
10032	-169.4663	-230.7659	61.29958	3.850704	0.8206361	0.1525679	1.177813
10038	-167.1668	-229.3686	62.20177	3.72407	0.5194659	0.1879894	0.5939527
10044	-174.5636	-236.8355	62.27189	3.544964	0.325913	0.1554808	1.258057
10050	-182.4298	-244.6803	62.25052	2.762979	0.6143794	0.0861624	1.690123
10056	-182.7639	-243.8865	61.12261	4.408324	0.6143794	0.2756816	0.6217244
10062	-187.7709	-249.3857	61.61483	3.966866	0.3943973	0.4276726	0.6002005
10068	-179.9801	-240.8683	60.88824	4.605263	0.5927283	0.3042373	0.623626
10074	-181.354	-241.0162	59.66226	4.515733	0.4546649	1.466149	0.8255306
10080	-184.1213	-244.6164	60.49505	4.605084	0.3650161	0.5229087	0.1764269
10086	-186.6775	-248.3538	61.67632	3.461223	0.3039625	0.1195749	1.892574
10092	-174.2126	-236.0659	61.85333	2.597155	0.4944779	0.1276134	2.082807
10098	-171.8934	-231.6375	59.7441	2.989019	0.4953417	1.345902	2.00262
10104	-180.3752	-239.6859	59.31069	1.94025	0.4953417	0.8892831	3.188044
10110	-189.6999	-250.0102	60.3103	2.45448	0.7253519	0.9426936	2.004224
10116	-182.0933	-243.2257	61.1324	2.043466	0.5999332	0.6595036	2.067215
10122	-177.6195	-237.6061	59.98661	2.503732	0.5745064	0.4491763	2.730772
10128	-174.6527	-236.3215	61.66874	3.754373	0.4693903	0.4491763	0.5026221
10134	-179.086	-241.0224	61.93639	3.550278	0.3887413	0.3335992	1.004923
10140	-175.5273	-237.6264	62.0991	2.714034	1.00603	0.386714	0.6466956
10146	-181.0959	-243.5112	62.41534	2.858338	1.00603	0.1959651	0.6466956
10152	-175.3638	-237.4469	62.08309	2.77566	1.00603	0.2418632	1.013871
10158	-177.4649	-240.5622	63.09725	2.915823	0.3680756	0.2418632	0.6695822
10164	-180.535	-239.9987	59.46379	5.031742	0.3867042	0.2418632	1.942121
10170	-168.9753	-230.3815	61.40618	2.833378	0.5445285	0.5587215	1.483821
10176	-185.6023	-246.11	60.50771	2.762923	0.5445285	0.9898652	1.800112
10182	-181.4001	-242.4809	61.0808	2.799084	0.5445285	0.7806283	1.528668
10188	-178.4048	-238.8445	60.43973	3.065053	1.153085	0.7806283	1.270353
10194	-175.0985	-236.0844	60.98585	3.154849	0.5891801	0.9984658	1.06409
10200	-186.007	-243.3601	57.35315	3.539136	0.5891801	3.106439	2.459387
10206	-178.589	-241.3008	62.71173	2.486731	0.5535028	0.2902264	1.101446
10212	-196.3644	-256.958	60.59357	3.764083	0.9185104	0.570258	0.9589999
10218	-193.065	-252.8895	59.82456	4.171202	0.9706046	0.8750395	0.8666269
10224	-198.3583	-259.0465	60.68821	4.12558	0.9706046	0.3764054	0.7457564
10230	-185.0904	-246.2689	61.17841	3.58624	0.9706046	0.3764054	0.8142747
10236	-185.8189	-246.0415	60.22261	2.588404	1.418047	0.3764054	2.057424
10242	-187.5751	-246.9574	59.3823	3.086846	0.8785536	0.06174954	3.169122
10248	-185.1781	-246.0801	60.90192	4.869968	0.3494446	0.05749703	1.570009
10254	-192.0376	-248.2792	56.24159	9.03845	0.6004166	0.286628	0.9624082
10260	-186.7042	-248.5713	61.86709	3.272037	0.5340868	0.5344619	0.6427837
10266	-189.4617	-248.55	59.08828	3.04731	0.4385673	0.5344619	2.994574
10272	-195.7165	-252.5636	56.84713	2.1968	0.4385673	0.07899033	5.414299
10278	-190.1881	-252.5893	62.40119	3.755345	0.4385673	0.1640245	0.494146
10284	-188.0494	-250.6506	62.60119	2.641122	0.3119765	0.4763993	1.129181
10290	-182.9081	-243.0582	60.15002	3.893053	0.3019141	0.6429057	1.862994
10296	-181.7414	-242.8747	61.13328	2.536327	0.3275385	0.7685445	1.966403
10302	-185.0168	-245.1082	60.09143	3.959528	0.5635496	1.523021	0.687681
10308	-192.6966	-254.506	61.80939	3.42547	0.5673011	0.4256782	0.7157313
10314	-188.9295	-248.3504	59.42089	4.23919	0.6226973	0.3124148	2.121568
10320	-183.5	-244.57	61.07	3.667565	0.7726885	0.3124148	1.199777
10326	-185.6218	-246.5194	60.89762	4.01015	0.7726885	0.1803107	1.349465
10332	-187.7818	-250.7891	63.00732	2.919557	0.3123674	0.3161357	0.7133041
10338	-183.977	-244.5579	60.58093	4.460603	0.3282716	0.5400849	1.182227
10344	-189.431	-249.6356	60.20461	2.935511	0.8830665	1.108842	1.495722
10350	-182.972	-243.7861	60.81411	2.772336	0.4491067	1.583195	1.317532
10356	-193.5275	-254.9808	61.45328	2.550703	1.13641	0.479191	1.223505
10362	-186.6142	-247.1469	60.53272	2.680145	0.8799647	0.09080491	2.636636
10368	-178.6143	-242.17	63.55572	2.879903	0.3812554	0.06958914	0.8949472
10374	-182.3917	-245.699	63.30732	2.929433	0.5399866	0.08723336	0.6663824
10380	-189.4396	-250.1164	60.67678	4.722031	0.5399866	0.3994533	0.4865868
10386	-189.0952	-250.1146	61.01943	4.531989	0.4156871	0.4276592	0.4417834
10392	-179.6647	-240.4666	60.80193	3.81139	0.4156871	0.890516	0.9936178
10398	-172.8153	-235.5892	62.7739	3.27005	0.3905726	0.1362182	0.9936178
10404	-171.7165	-233.7408	62.02429	2.386106	0.577451	0.2424859	1.776332
10410	-178.7319	-241.9508	63.21891	2.497516	0.6439418	0.105372	1.027618
10416	-180.4843	-242.3097	61.82542	3.043523	0.6439418	0.09380688	1.738965
10422	-184.0951	-245.9725	61.87743	2.375143	0.6439418	1.088117	0.7522738
10428	-180.8571	-242.3867	61.52951	2.800814	0.6439418	0.6907285	1.140639
10434	-186.7202	-246.6977	59.97748	2.167591	0.9103149	0.2516519	2.939483
10440	-177.4875	-239.2335	61.74595	3.24301	0.9329074	0.2736187	0.8674859
10446	-174.7066	-236.5095	61.80292	2.774475	0.5109004	0.2736187	1.675614
10452	-184.7428	-244.8011	60.05839	2.247617	0.6343677	0.4284301	2.813294
10458	-173.9549	-235.6681	61.71314	2.445827	0.6378043	0.1875174	1.995634
10464	-171.8336	-232.5875	60.75394	4.565553	0.4526777	0.2191408	1.298451
10470	-171.6943	-234.587	62.89276	3.105892	0.4321955	0.1970808	0.3410165
10476	-172.4621	-235.2884	62.8263	3.258848	0.304573	0.2841793	0.4500567
10482	-172.2914	-234.2918	62.00044	3.336148	0.8007125	0.237123	0.3278032
10488	-180.5401	-242.0632	61.52314	2.93812	0.6366945	0.6993764	1.017343
10494	-187.237	-249.3549	62.11791	2.618933	1.2091	0.161098	1.175261
10500	-181.36	-242.3607	61.00073	1.673184	1.2091	0.5262324	2.083778
10506	-187.7516	-247.7386	59.98694	3.244408	0.8125159	0.91467	1.62917
10512	-191.4008	-250.2792	58.87841	3.436352	0.4857009	3.080033	1.62917
10518	-191.16	-254.5886	63.42861	2.181364	0.3158504	0.4843731	0.6822954
10524	-179.7473	-242.4284	62.68106	2.385397	0.6509459	0.4843731	0.4131952
10530	-182.5919	-245.3057	62.71388	3.023946	0.4681835	0.2084634	0.917308
10536	-183.6153	-244.2952	60.67992	2.647422	0.4133032	1.012929	1.899196
10542	-182.9681	-240.6738	57.70577	3.460976	0.4133032	4.777104	2.101857
10548	-180.1651	-240.2083	60.04315	2.677305	0.4386111	2.507517	1.581803
10554	-180.911	-240.5996	59.68861	3.054925	0.4386111	2.507517	1.564887
10560	-176.4661	-235.8017	59.33566	3.354547	0.5176211	2.507517	1.504363
10566	-172.5604	-230.9201	58.35967	3.800619	0.4397703	4.07083	1.532311
10572	-182.8917	-241.3932	58.50146	4.065033	0.4397703	4.07083	1.211921
10578	-183.7195	-242.5089	58.78943	3.904929	0.5616731	3.499808	1.098636
10584	-181.7104	-239.9927	58.28238	3.830321	0.9694559	3.710822	1.098636
10590	-185.1349	-244.8593	59.72443	3.100508	0.8067305	1.616578	1.493667
10596	-191.5558	-251.7617	60.20585	3.219143	0.7661015	1.616578	1.034039
10602	-183.806	-245.2262	61.42015	3.219143	0.3732221	0.9050204	1.034039
10608	-191.0022	-250.9727	59.97045	3.741498	0.3732221	2.132159	1.034039
10614	-179.0945	-237.7007	58.60617	3.653811	0.3732221	3.485624	1.701739
10620	-177.2633	-236.3953	59.13192	3.476515	0.4821219	0.761312	2.465865
10626	-184.4472	-245.9028	61.45562	3.72486	0.8612542	0.1349087	1.166383
10632	-183.578	-242.8047	59.22664	4.438075	0.3858632	0.4048	2.248999
10638	-180.3461	-241.8708	61.52466	3.623486	0.3858632	0.3584513	1.26617
10644	-190.1438	-252.1053	61.9615	2.66201	0.4747171	0.5816528	1.243025
10650	-184.8965	-244.6882	59.79168	3.089402	0.4234149	2.035409	1.667267
10656	-186.3926	-243.8595	57.46689	5.866364	0.901114	2.035409	0.5874453
10662	-194.9924	-252.473	57.48058	5.914808	0.8570056	2.035409	0.4913814
10668	-190.9892	-249.1329	58.14375	5.474277	0.8570056	1.553334	0.3196332
10674	-188.8243	-247.9533	59.12902	4.618025	0.6595947	1.553334	0.8870683
10680	-186.3273	-248.3641	62.0368	2.689937	0.6613194	0.2714793	1.403438
10686	-189.797	-251.4978	61.70081	4.036737	0.2897668	0.1371524	1.438833
10692	-187.8892	-250.8295	62.94026	2.759387	0.6624464	0.1182253	0.9668881
10698	-187.0208	-248.5357	61.51489	3.624407	0.3691604	0.5906788	0.9338187
10704	-192.3677	-251.2388	58.87115	3.344707	0.3691604	1.260212	2.528733
10710	-179.04	-241.3822	62.3422	2.836196	0.6189801	0.2772245	1.05921
10716	-180.1865	-239.8181	59.63167	3.400983	0.476597	0.7344564	2.223347
10722	-178.3593	-239.0749	60.71559	2.814995	0.3500108	0.1286145	2.828817
10728	-179.9096	-241.0628	61.15321	3.280924	0.3514014	0.9162289	1.246522
10734	-176.8429	-237.3702	60.52726	1.84204	0.3528396	0.1363214	3.498305
10740	-178.505	-240.5203	62.01525	2.554621	0.4236085	0.2001727	1.923717
10746	-188.5368	-250.7229	62.1861	1.826974	0.2679021	0.6304573	1.950625
10752	-172.3925	-234.7909	62.39844	2.625864	0.3007719	0.6304573	1.134289
10758	-178.726	-241.6636	62.93767	2.245138	0.1662246	0.4573434	1.523592
10764	-178.2385	-241.1865	62.94797	2.490891	0.1662246	0.2780212	1.606895
10770	-166.2014	-228.7573	62.55584	2.287898	0.3084631	0.385426	1.585769
10776	-172.2259	-235.2601	63.03421	2.526592	0.5749805	0.2377485	0.8271982
10782	-181.7084	-243.9979	62.28953	2.975423	0.5391339	0.2687409	1.108959
10788	-181.5084	-243.703	62.19456	3.50534	0.5391339	0.2455687	0.6672344
10794	-180.9634	-243.1301	62.16665	3.494663	0.5391339	0.2455687	0.7346535
10800	-184.5335	-246.6042	62.07068	3.238943	0.655552	0.2455687	0.958374
10806	-193.5544	-255.1084	61.554	2.884982	0.655552	0.6385656	1.091619
10812	-187.5914	-243.793	56.20156	3.105776	1.83411	2.686388	2.842935
10818	-179.3255	-241.2041	61.87867	2.610159	0.8462465	0.6522241	0.7539887
10824	-173.7983	-233.8924	60.09414	2.604161	0.7963819	0.6381855	2.229993
10830	-168.5741	-231.3507	62.77658	2.21292	0.9004728	0.1168227	1.3469
10836	-177.5138	-236.7343	59.22052	3.14074	1.05232	0.1168227	2.98082
10842	-174.0422	-235.0804	61.03822	2.329771	0.9274486	0.8179117	1.514376
10848	-177.2372	-237.6805	60.44329	2.88032	0.598309	1.384954	1.450669
10854	-180.2767	-240.3392	60.06242	2.519214	0.4704192	1.468902	2.068117
10860	-177.5827	-238.4553	60.87254	2.886772	0.7427944	1.468902	0.8157692
10866	-174.7561	-235.599	60.84288	2.927097	0.7427944	1.468902	0.8017934
10872	-171.2337	-232.1419	60.90815	2.984263	0.7560287	1.447118	0.5695976
10878	-172.3315	-233.9088	61.57723	3.034468	0.7560287	0.6099024	0.2798005
10884	-166.2179	-228.9045	62.68657	3.161765	0.6755043	0.1248201	0.7312983
10890	-166.5165	-228.7887	62.27216	1.930833	0.357404	0.1680291	2.315076
10896	-165.9777	-227.0296	61.05197	2.178612	0.7521709	0.3066453	2.297168
10902	-178.8197	-241.2428	62.42315	3.361129	0.3004625	0.3066453	0.95497
10908	-181.5266	-243.8504	62.32381	3.258394	0.3659905	0.3066453	1.015125
10914	-184.128	-247.5858	63.45779	2.372112	0.3490418	0.04086278	1.588976
10920	-188.6503	-250.9619	62.31155	2.415652	0.4145466	0.1815913	1.867106
10926	-184.3445	-244.3878	60.04328	3.253312	0.5906298	0.6090392	2.043038
10932	-182.4835	-243.8564	61.37291	2.041951	0.5906298	0.6287174	1.945434
10938	-188.4417	-249.6287	61.18698	1.673488	0.4776804	0.3015304	2.781809
10944	-186.4433	-247.074	60.63076	2.150003	0.6657813	0.1658586	2.884512
10950	-182.1615	-243.4685	61.30705	2.227134	0.6657813	1.222055	1.31612
10956	-188.3155	-248.1887	59.87313	2.376945	0.6657813	1.900509	1.896886
10962	-190.6571	-251.1258	60.46875	2.92833	0.5902912	0.6670713	1.922167
10968	-187.3969	-247.1566	59.75975	2.583156	0.4917264	1.304884	2.282775
10974	-189.5395	-251.3628	61.82323	3.720578	0.3198563	0.2415525	1.28007
10980	-183.2761	-244.939	61.6629	2.105434	0.6932131	0.1659651	2.247558
10986	-182.1142	-242.8264	60.7122	2.902623	1.239575	0.062956	2.247558
10992	-176.7018	-240.0233	63.32152	2.623843	0.3062486	0.1118763	1.321944
10998	-175.9568	-238.1442	62.18739	3.002118	0.3062486	0.6074046	0.9974824
11004	-182.1106	-242.7214	60.61077	3.573739	0.4781259	0.4754685	1.701054
11010	-190.7466	-251.8865	61.13999	3.995881	0.6213653	0.4754685	0.4562631
11016	-188.5947	-247.0533	58.45864	4.920453	0.5303309	2.928589	0.4562631
11022	-194.6007	-251.3442	56.74354	6.545988	0.5372617	2.526958	0.2176212
11028	-193.6536	-250.6886	57.03501	5.926442	0.4243892	2.526958	0.1027999
11034	-183.2026	-244.4639	61.26129	3.699482	0.698752	0.476819	0.3337487
11040	-185.0369	-245.076	60.03914	3.464588	0.401471	1.44384	1.52782
11046	-195.1117	-254.8052	59.69347	3.786742	0.9440031	1.232059	1.071601
11052	-192.8034	-253.5274	60.72406	3.619494	0.9049151	0.4002315	1.250282
11058	-184.6741	-241.3849	56.71085	4.010041	0.9049151	0.4002315	3.588841
11064	-179.2283	-241.8972	62.66885	2.903518	0.919708	0.1420613	0.545722
11070	-183.132	-247.041	63.90894	2.676114	0.2689938	0.1420613	0.4472644
11076	-187.5095	-249.6775	62.16803	3.038911	0.2960346	0.5041639	1.152024
11082	-191.1968	-251.0235	59.8267	4.131544	0.4004609	1.552525	1.095076
11088	-191.683	-249.8132	58.13021	4.159167	0.8684389	2.909899	1.309741
11094	-194.221	-252.4198	58.19884	3.071957	0.464116	2.909899	2.399428
11100	-190.4766	-247.6818	57.20518	2.867998	0.6090384	2.909899	2.994618
11106	-188.8368	-249.9114	61.07463	2.46918	0.6090384	0.7220262	1.75319
11112	-172.214	-234.9573	62.74329	2.170681	0.6090384	0.2288324	1.401335
11118	-184.6179	-246.7539	62.13601	2.294725	0.3468378	0.7591577	1.401335
11124	-181.607	-243.0347	61.42764	2.848339	0.3468378	0.7591577	1.519035
11130	-179.8373	-241.456	61.61872	3.883495	0.3468378	0.5320932	0.4164534
11136	-196.6575	-257.4546	60.79717	4.16243	0.3468378	0.9758446	0.4726401
11142	-193.0502	-253.3346	60.28443	4.234753	0.5702308	0.7860144	0.9463157
11148	-192.8373	-253.4903	60.65307	2.71417	1.048189	1.432186	0.9176901
11154	-185.2554	-248.0296	62.77421	2.828243	0.4532146	0.3683105	0.4634464
11160	-178.7032	-238.3949	59.69164	3.059613	0.8729333	0.8763939	1.94402
11166	-190.7832	-250.9377	60.15452	2.025669	0.9531685	0.8763939	2.262436
11172	-182.8259	-245.0652	62.23929	1.975816	0.642641	0.06599451	2.262436
11178	-167.0012	-231.1106	64.10944	1.975816	0.2980554	0.2243045	0.8574725
11184	-182.4625	-245.3153	62.85276	2.218568	0.2980554	0.8381772	0.8217293
11190	-180.6374	-241.8785	61.24108	2.489729	0.219439	2.935485	0.9876035
11196	-182.9872	-245.7667	62.77951	1.917715	0.4186791	0.444734	1.442073
11202	-180.8881	-244.5743	63.68625	2.25438	0.4385548	0.1966911	0.7758377
11208	-184.3959	-246.9855	62.58965	1.709279	0.4385548	0.7091456	1.413183
11214	-176.4462	-238.2469	61.80075	1.544912	0.5052291	0.5770662	2.128782
11220	-170.7749	-233.2464	62.47144	1.665643	0.3465683	0.4923023	1.887198
11226	-182.696	-243.6019	60.90586	1.815143	0.8338188	0.08437615	2.984835
11232	-185.1119	-247.0323	61.92047	2.705877	0.6219898	0.06959596	2.00125
11238	-178.7606	-239.2309	60.47027	3.125813	2.590994	0.05162353	1.732576
11244	-187.6538	-250.7353	63.08156	2.74198	0.3672164	0.3406399	0.4634422
11250	-194.639	-255.9041	61.26516	4.451934	0.6867365	0.1709151	0.3782089
11256	-183.1685	-243.928	60.75944	3.873977	0.7326267	0.6390392	0.7673473
11262	-176.6355	-238.7422	62.10668	2.481438	0.898184	0.5903336	0.6283133
11268	-187.1944	-247.3263	60.13185	2.606822	1.549048	1.881642	0.807528
11274	-183.755	-245.8599	62.10494	2.867318	0.5031932	0.696559	0.6034892
11280	-185.5316	-245.6082	60.07669	3.786376	0.5326011	1.204215	1.217624
11286	-190.35	-251.5247	61.17464	2.542621	0.6329828	0.9929644	1.37547
11292	-194.5728	-255.4944	60.92163	2.806302	0.4313676	0.5294259	2.009481
11298	-189.606	-250.522	60.91608	2.239655	0.6468559	0.6900955	2.009481
11304	-195.2629	-253.3037	58.04081	5.014978	0.4006122	0.7969652	2.248066
11310	-186.2781	-248.7353	62.45724	2.952588	0.5686752	0.2141329	1.068023
11316	-191.0673	-251.555	60.48771	4.100697	0.7676326	0.6617113	0.7225883
11322	-193.4509	-254.2757	60.82483	5.038018	0.7554285	0.1124781	0.420818
11328	-189.685	-251.3123	61.6273	4.114709	0.7554285	0.1474066	0.5399396
11334	-197.8909	-258.7928	60.90192	3.778406	0.7554285	0.2583527	1.370598
11340	-201.2675	-257.6174	56.34983	4.06976	0.2500235	11.55653	1.956419
11346	-194.9847	-254.3452	59.3605	3.382573	0.4118176	4.971187	0.8113747
11352	-187.5533	-246.2058	58.65247	3.068131	0.3654611	4.971187	1.753507
11358	-190.3279	-247.0591	56.73123	2.623757	0.5180548	4.971187	3.079765
11364	-195.5936	-257.5551	61.96153	1.813192	0.5180548	0.08743173	2.593912
11370	-190.0193	-249.193	59.17371	4.449358	1.101552	1.199285	0.299701
11376	-178.7551	-237.8994	59.1443	4.687593	0.6973859	1.61355	0.3997449
11382	-178.3254	-238.4234	60.09797	4.56275	0.4922771	0.99647	0.4440063
11388	-170.1648	-231.1173	60.95246	3.651656	0.4922771	0.99647	0.6997564
11394	-173.9759	-234.6404	60.66444	3.919386	0.4922771	1.054925	0.6236389
11400	-172.0196	-232.7125	60.69289	4.60497	0.3815271	0.4832921	0.2333627
11406	-179.3688	-240.9322	61.56341	4.006858	0.4089	0.4156986	0.6165315
11412	-171.1574	-231.7926	60.6352	4.054916	0.4229487	0.9747284	0.292332
11418	-169.7901	-230.6698	60.87962	3.545128	0.1858415	2.060856	0.8048619
11424	-176.6248	-238.6642	62.03939	3.163123	0.174575	1.047272	0.8048619
11430	-172.9685	-234.6298	61.66129	3.306881	0.2591191	1.047272	0.7945165
11436	-175.4526	-235.7557	60.30309	4.208838	0.556201	1.047272	0.4606999
11442	-175.3059	-235.5611	60.25515	3.203563	0.6010063	1.457741	1.29751
11448	-180.7938	-241.5176	60.7238	2.292034	0.8859936	1.833424	1.15195
11454	-191.0759	-249.6802	58.60434	4.297258	0.8859936	1.72239	1.308513
11460	-188.2368	-249.0855	60.84871	3.015894	0.4932053	1.731844	0.8985458
11466	-176.0422	-236.9683	60.92606	2.882683	0.4405997	1.731844	1.049994
11472	-182.9928	-241.8814	58.88866	2.538601	0.4405997	2.426859	2.469329
11478	-186.4395	-245.0055	58.56602	3.379096	0.5605932	4.772356	1.377564
11484	-192.3449	-250.6989	58.35396	3.379096	0.2994519	4.772356	1.883611
11490	-179.3422	-238.1502	58.80798	3.299099	0.34709	3.843271	1.756318
11496	-179.6379	-239.2848	59.64688	3.083448	0.6923879	1.441173	1.756318
11502	-181.9837	-240.6312	58.64749	3.0159	0.5192388	1.441173	2.614137
11508	-172.0981	-234.4133	62.31526	2.290522	0.5192388	0.5358717	1.254541
11514	-176.8999	-236.5572	59.6573	2.769924	0.5281327	2.034551	1.859081
11520	-179.4797	-240.2849	60.8052	2.662802	0.2988834	1.61192	1.62367
11526	-177.8907	-237.6868	59.79605	2.559925	0.5533249	3.033017	1.533754
11532	-182.0023	-242.9838	60.98141	3.31985	0.6595459	0.2713303	1.718962
11538	-179.5381	-237.4352	57.89713	3.680281	0.5612441	0.8914401	2.928759
11544	-181.6237	-241.2396	59.61598	3.861847	0.6125596	0.6966645	1.818205
11550	-183.9579	-239.7626	55.80471	3.383609	0.8564661	2.11517	3.563072
11556	-186.6132	-246.6829	60.06968	2.919421	0.358789	2.11517	1.64803
11562	-189.024	-250.2982	61.27427	3.645516	0.358789	0.3276024	1.537891
11568	-173.3939	-233.5715	60.17763	4.459079	0.5562433	0.6553476	1.018126
11574	-170.374	-230.2362	59.86221	2.279334	0.5562433	0.8089254	2.646405
11580	-177.5886	-238.9067	61.31816	2.807059	0.5562433	0.3961925	1.755479
11586	-174.391	-235.7658	61.37474	2.997325	0.5562433	0.8350635	1.057268
11592	-170.876	-231.4667	60.59074	1.963492	0.6669763	0.1777778	2.996622
11598	-176.5807	-238.5952	62.01442	1.779	0.7215927	0.5242828	1.667987
11604	-167.9165	-229.4369	61.52037	1.457258	0.9612744	0.1552587	2.573558
11610	-183.1997	-244.2925	61.09279	1.956833	0.5654351	0.1552587	2.830203
11616	-184.7661	-245.8816	61.11555	2.249306	0.7409264	0.1179627	2.573217
11622	-183.2896	-245.2671	61.97755	2.333581	0.4827792	0.09751009	2.265004
11628	-189.1501	-248.3149	59.16488	2.600412	0.213861	2.169075	2.660012
11634	-193.1752	-255.9591	62.78391	2.016641	0.5724677	0.1514808	1.701574
11640	-186.7112	-247.5211	60.80987	2.617022	0.4604	1.120074	1.70026
11646	-171.4501	-233.8402	62.39009	2.755877	0.4604	0.2566765	1.345652
11652	-172.2908	-234.5191	62.22835	2.497999	0.9282634	0.1142555	1.533656
11658	-183.1169	-244.5905	61.47363	3.355939	0.3256669	1.147733	0.5845189
11664	-180.9292	-240.441	59.51183	5.581068	0.3256669	0.6719185	0.959869
11670	-187.1036	-248.4353	61.33171	4.226207	0.3069323	0.5581808	0.4414607
11676	-175.9612	-239.0574	63.09617	3.28186	0.4180302	0.100479	0.3520582
11682	-171.3633	-234.2403	62.87697	3.301847	0.5323441	0.100479	0.3486804
11688	-174.5911	-236.2376	61.64649	3.62599	0.5777185	0.2743528	0.1920831
11694	-174.0345	-236.1102	62.07577	3.322611	0.5777185	0.2743528	0.2395498
11700	-173.6993	-231.1173	57.41804	5.843998	0.5777185	1.587893	0.1040408
11706	-178.4875	-238.0644	59.57696	3.875219	0.9850903	1.606755	0.3271172
11712	-170.5612	-229.402	58.84082	3.368893	0.7048126	3.41707	1.364708
11718	-176.0617	-235.1816	59.11989	2.28811	0.8500417	1.7485	2.36205
11724	-164.297	-224.917	60.61997	2.471948	0.3717158	1.084918	2.064519
11730	-161.9423	-223.5899	61.64757	2.318311	0.3773433	0.7409652	1.714402
11736	-167.3123	-227.3667	60.0544	3.406174	0.4472833	0.3768646	2.340789
11742	-173.2745	-233.3997	60.12527	4.828184	0.3613959	0.1874765	1.770547
11748	-180.878	-242.9384	62.06042	2.430666	0.6922027	0.1874765	1.717996
11754	-178.716	-234.566	55.84995	2.106826	0.3071061	0.09334589	6.120428
11760	-180.4137	-241.2704	60.85678	2.294767	0.4435274	0.2907702	2.655592
11766	-180.5617	-244.1726	63.61095	2.396576	0.3505707	0.1789744	0.964351
11772	-179.4817	-241.84	62.35831	3.163764	0.5619839	0.0733714	1.415208
11778	-173.5431	-235.5752	62.03212	3.090197	0.5619839	0.1030333	1.615023
11784	-178.5231	-237.0677	58.54454	3.571624	0.5359699	4.485542	1.340253
11790	-179.363	-237.185	57.822	4.237433	0.5359699	4.485542	1.385057
11796	-180.2453	-241.7209	61.47557	3.145407	0.7520221	0.5795662	0.8629819
11802	-174.3355	-236.2685	61.93297	3.078936	0.5251296	0.5795662	0.7677751
11808	-176.3978	-236.7529	60.35514	3.582895	0.5251296	1.699648	0.7677751
11814	-188.0331	-247.1757	59.14265	4.403424	0.5251296	2.055061	0.9717924
11820	-184.4274	-244.395	59.96759	2.863512	0.4546751	1.704114	1.806798
11826	-175.4896	-234.7295	59.23985	3.880843	0.4546751	1.00134	1.99521
11832	-175.5039	-234.755	59.25112	3.549016	0.3570165	1.460417	2.069545
11838	-182.6813	-241.6629	58.98158	2.4592	0.5131373	3.860611	1.997463
11844	-175.3047	-234.8748	59.57015	3.085506	0.5131373	3.860611	1.084776
11850	-182.3197	-243.5962	61.2765	2.832421	0.5527997	0.5942513	1.532203
11856	-175.8271	-238.61	62.78288	1.956282	0.5701232	0.2357884	1.562222
11862	-170.3806	-231.6217	61.24113	2.076956	0.9385321	0.7954474	1.562222
11868	-169.9187	-230.9665	61.04782	2.675101	0.6327021	0.9310964	1.420957
11874	-172.5719	-233.587	61.01515	1.828249	0.6327021	1.312326	1.804222
11880	-178.6296	-242.3711	63.74148	1.840694	0.3343671	0.1262732	1.510501
11886	-178.3975	-241.5269	63.12945	2.297949	0.8843942	0.1262732	0.936711
11892	-181.6627	-244.8699	63.2072	2.313419	0.3334302	0.046549	1.811844
11898	-179.7542	-242.3633	62.60912	2.86197	0.3692071	0.046549	1.794057
11904	-182.3935	-245.396	63.00249	2.985435	0.4471934	0.1236199	0.9912718
11910	-176.7006	-239.9158	63.21523	3.326036	0.4471934	0.0611141	0.4085816
11916	-180.8048	-242.4359	61.63106	4.693543	0.4471934	0.01386892	1.096354
11922	-180.973	-243.7618	62.78884	3.884898	0.4471934	0.01386892	0.6909534
11928	-179.0485	-241.2359	62.18736	2.74832	0.4786292	0.284722	1.430857
11934	-175.3415	-238.3444	63.00291	3.447496	0.4786292	0.07139954	0.5527983
11940	-177.8568	-238.8324	60.97562	3.28387	0.8175084	0.9506911	0.5527983
11946	-187.8906	-246.1276	58.23702	3.766003	0.4161116	2.613106	2.070358
11952	-179.051	-238.4048	59.35378	3.898081	0.6742465	2.613106	0.7026406
11958	-176.8116	-238.0719	61.26028	2.644457	0.6221165	1.358871	0.9320941
11964	-178.515	-240.0199	61.50497	2.922263	0.3069114	1.358871	0.9719346
11970	-173.6297	-236.7968	63.16716	2.70038	0.498761	0.1933955	0.7449828
11976	-178.5493	-241.6511	63.10187	2.648069	0.916097	0.09777605	0.5466635
11982	-177.1335	-238.0953	60.96178	3.104952	0.9005884	0.9443946	0.774569
11988	-178.7825	-240.07	61.28742	3.676096	0.5846263	0.1255607	1.639932
11994	-183.8047	-244.9764	61.17174	3.796965	0.3950676	0.6327146	0.9949023
12000	-182.8228	-242.0074	59.18452	4.345619	0.3950676	2.471215	0.9949023
12006	-194.8784	-253.9447	59.06632	4.793293	0.3120418	2.471215	0.2758337
12012	-194.5902	-253.7401	59.14988	3.5476	0.5208934	4.370224	0.8542577
12018	-196.5489	-251.6865	55.13762	5.5772	0.9550006	7.13071	1.500628
12024	-193.3854	-250.6155	57.2301	6.582561	0.5713049	1.949724	0.4646627
12030	-197.9472	-254.722	56.77483	6.970439	0.5713049	1.985551	0.672728
12036	-186.6565	-246.746	60.08952	5.85817	0.5277451	0.1022964	0.2096109
12042	-183.0424	-242.6786	59.63629	5.682978	0.7367062	0.2830783	0.351256
12048	-174.0725	-235.8834	61.81092	4.364023	0.7367062	0.04075254	0.349581
12054	-176.0575	-238.3446	62.28707	3.84412	0.6774169	0.07638736	0.5356767
12060	-179.409	-240.0293	60.6203	3.836542	0.6774169	0.8377859	0.7650731
12066	-182.2535	-244.869	62.61552	3.431644	0.3064285	0.2988868	0.5469467
12072	-181.3311	-241.9507	60.61957	3.712218	0.7020324	1.022214	0.4665195
12078	-176.5705	-239.056	62.48544	3.039065	0.7020324	0.2063596	0.3096351
12084	-173.324	-236.0501	62.72603	2.895693	0.7020324	0.2063596	0.475233
12090	-183.7977	-244.8318	61.03412	3.279455	0.6425079	0.3287644	1.631323
12096	-172.386	-233.6109	61.22482	2.725878	0.469157	0.765147	1.58136
12102	-177.4008	-239.3428	61.94199	3.258639	0.469157	0.3433376	1.115736
12108	-183.5788	-244.4655	60.88668	3.19876	1.052993	0.3433376	1.428183
12114	-179.8043	-242.3061	62.50175	3.172995	0.4659462	0.0883038	1.364268
12120	-178.9317	-241.657	62.72532	2.833865	0.703964	0.05322321	1.306285
12126	-174.2184	-236.1578	61.93943	3.71748	0.703964	0.1934373	0.467531
12132	-177.8875	-237.5387	59.65123	4.084181	0.6776567	1.322206	1.055425
12138	-186.4572	-246.9199	60.46264	3.054762	0.4451334	0.4255061	2.247052
12144	-175.3657	-235.7361	60.37038	2.451115	0.4451334	0.9693015	2.223711
12150	-173.6447	-234.7315	61.08672	2.426679	0.6401348	1.200008	1.375751
12156	-174.4084	-234.719	60.3106	3.208997	0.5798243	1.200008	1.438192
12162	-173.6718	-234.98	61.30823	3.858267	0.5798243	0.4497525	0.7254011
12168	-180.9243	-241.4475	60.52317	4.182287	0.5798243	0.6769313	0.8764493
12174	-184.0537	-244.1323	60.07863	4.182287	0.5511557	1.178931	0.8138115
12180	-178.2232	-238.8808	60.6576	2.657298	0.5566637	0.2298505	2.534671
12186	-176.7865	-237.3988	60.61235	2.44306	0.3600998	1.012528	2.149832
12192	-174.4921	-235.425	60.93286	2.285943	0.7463132	0.5955356	1.968017
12198	-166.5839	-228.7585	62.17462	3.100375	0.7463132	0.3160679	0.5775823
12204	-168.9836	-232.0346	63.05099	3.010452	0.4033923	0.2116264	0.5846661
12210	-169.2656	-231.156	61.89041	2.987249	0.5062225	0.7159602	0.7329065
12216	-182.3295	-242.6262	60.29674	1.869191	0.8703957	0.9198685	2.298216
12222	-183.0713	-245.4487	62.37738	2.635759	0.6344761	0.3477986	1.042937
12228	-178.294	-239.0335	60.7395	3.164734	0.8548306	1.088127	0.8654127
12234	-178.0081	-238.0834	60.07533	3.205831	0.6630492	1.856899	1.143611
12240	-180.2973	-241.0615	60.76415	2.359114	0.2919017	1.057205	2.175485
12246	-177.7503	-239.6902	61.93989	2.346471	0.5245308	0.2898383	1.836232
12252	-167.508	-230.1997	62.69164	2.629731	0.4838123	0.2276067	1.232758
12258	-174.5386	-235.0383	60.49973	2.879537	0.8803665	0.5852185	1.761749
12264	-171.5012	-234.1201	62.61884	2.337055	0.7662105	0.06476566	1.660095
12270	-186.3305	-247.907	61.57658	3.394534	0.3360265	0.08862282	2.042782
12276	-180.0074	-241.6625	61.65514	3.435505	0.3686943	0.4431795	1.206158
12282	-190.8046	-251.1476	60.34293	3.721849	0.7598798	0.7941944	1.127827
12288	-189.5131	-249.058	59.54488	4.286607	0.7598798	1.533405	0.5267551
12294	-184.1217	-242.4779	58.35628	4.480255	0.7699317	3.163934	0.7820048
12300	-182.041	-240.6931	58.65212	4.73788	0.3212181	3.163934	0.9777081
12306	-185.2279	-240.2256	54.99772	6.791439	0.6316585	8.216556	0.5256166
12312	-179.2307	-234.3878	55.15713	6.696029	0.3991189	8.216556	0.1996685
12318	-177.4347	-233.7968	56.36215	5.415173	0.6053325	8.216556	0.6762824
12324	-182.2652	-238.4692	56.20393	5.415173	0.6053325	8.408578	0.8549224
12330	-186.5336	-242.7446	56.21105	5.609288	0.5843972	8.408578	0.5385938
12336	-184.9698	-239.9417	54.97187	7.141908	0.6213363	6.289208	0.3164586
12342	-185.9477	-241.4152	55.46749	7.035543	0.3507489	6.289208	0.2655041
12348	-191.4678	-247.5168	56.04893	6.098381	0.6586537	6.289208	0.5516304
12354	-190.532	-246.9539	56.42191	5.771866	0.6251147	6.289208	0.5516304
12360	-188.4068	-246.6907	58.28391	4.814047	0.5735478	0.7691053	2.051496
12366	-189.6776	-247.2321	57.55447	4.730549	0.5735478	0.7691053	2.570786
12372	-189.974	-245.809	55.83507	3.257199	0.5735478	7.634324	2.810162
12378	-185.1155	-241.95	56.83454	5.802098	0.6972926	1.360132	1.860013
12384	-178.2794	-238.5428	60.26337	3.637503	0.8218069	1.252876	0.7223662
12390	-181.8874	-242.7979	60.91052	3.488644	0.8218069	0.7587947	0.7223662
12396	-174.8732	-235.5918	60.71867	2.593202	0.8689659	0.7587947	1.653276
12402	-179.2932	-239.9958	60.70255	2.514964	1.002652	0.7587947	1.619965
12408	-179.3162	-241.1645	61.84829	2.545682	1.058511	0.1359898	1.619965
12414	-183.1178	-243.731	60.61325	3.749629	0.6229754	1.003585	0.7534216
12420	-186.5567	-246.1508	59.59414	4.504391	0.6239885	1.416479	0.5001862
12426	-183.0969	-243.6014	60.50455	4.319562	0.4841785	0.8612937	0.5014926
12432	-186.2518	-248.9226	62.67088	2.586101	0.4477941	0.5157347	0.7448852
12438	-191.0551	-251.3114	60.25629	2.586101	0.5820844	2.363538	1.366453
12444	-192.8745	-252.3152	59.44069	2.905289	0.5352038	2.3442	1.790702
12450	-173.1323	-235.0495	61.91724	3.458118	0.6288704	0.3209165	0.6841247
12456	-171.3285	-232.0303	60.70185	1.86529	0.5951356	0.3209165	2.820718
12462	-165.8364	-226.4835	60.64711	1.848536	0.5951356	0.1005321	3.26009
12468	-170.2207	-231.9534	61.73268	2.077719	0.5357651	0.7336802	1.631754
12474	-179.1967	-240.0778	60.88104	1.933304	0.5357651	0.1178124	3.08243
12480	-180.3752	-241.2336	60.85841	3.822264	0.6906441	0.6509395	0.7531755
12486	-175.911	-237.0751	61.16411	4.46531	0.5140937	0.2398107	0.8527897
12492	-170.9893	-233.6218	62.63253	2.523496	0.5003006	0.2320704	1.335545
12498	-173.1929	-235.0439	61.85101	2.780426	0.5003006	0.400353	1.445852
12504	-183.986	-243.937	59.95105	2.724338	0.6956063	0.9939442	2.054102
12510	-177.8989	-237.9169	60.01804	2.294317	0.8118128	1.231331	2.054102
12516	-177.9742	-237.7743	59.80015	3.222925	0.8118128	0.1863015	2.583952
12522	-182.6483	-245.4057	62.75739	2.128282	0.465276	0.2352753	1.580114
12528	-184.8169	-246.9793	62.16241	2.80664	0.6188062	0.2352753	1.333003
12534	-185.48	-246.0861	60.60605	3.861815	0.5364152	0.2352753	1.793582
12540	-186.2275	-248.4012	62.17365	4.322775	0.5460263	0.0405987	0.4710996
12546	-189.7581	-252.0783	62.32024	3.014624	0.3087661	0.0405987	1.995206
12552	-197.9082	-260.257	62.34877	3.313272	0.3087661	0.432228	0.771672
12558	-190.6084	-251.6014	60.99304	3.942262	0.4205071	0.8542692	0.5726245
12564	-192.0973	-252.6631	60.56579	3.589172	1.010055	0.7967898	0.7173965
12570	-182.586	-244.3989	61.81286	2.755422	0.561688	0.7043631	1.013145
12576	-181.9668	-245.1535	63.18674	2.39139	0.4980729	0.1523758	1.191927
12582	-184.2831	-247.826	63.54287	2.686574	0.19935	0.1523758	1.191927
12588	-183.4423	-244.0973	60.655	2.164258	0.2791514	0.3579476	2.975047
12594	-173.0578	-234.5039	61.44614	2.240456	0.8524689	0.252107	2.009824
12600	-164.7368	-226.5894	61.85254	2.573783	0.3292205	0.08413103	2.416722
12606	-179.2237	-239.5502	60.32659	3.539998	0.3292205	2.004484	1.044532
12612	-172.3683	-232.9236	60.55533	3.35966	0.8961429	0.4594075	1.508989
12618	-163.5784	-224.5119	60.93344	3.235026	0.4488945	0.6571055	1.54972
12624	-181.0278	-239.0778	58.05	2.438299	0.7163304	1.932501	2.956813
12630	-182.6396	-243.3162	60.67658	3.484514	0.3559158	1.673381	0.8959494
12636	-180.1186	-239.7447	59.6261	2.728532	0.7555445	1.673381	1.846061
12642	-180.2492	-242.6023	62.35314	3.026703	0.3841967	0.3774304	1.028844
12648	-193.4485	-255.1702	61.7217	2.188388	0.7108486	0.4136212	1.730941
12654	-184.9119	-245.9388	61.0269	2.557092	0.5009387	0.5007819	2.05553
12660	-184.3926	-246.1859	61.79334	2.384885	0.2820804	0.4152365	2.049013
12666	-190.312	-252.3645	62.05253	2.41037	0.468497	0.8910994	1.047206
12672	-193.8498	-255.2253	61.37546	2.321798	0.5078497	0.7331443	1.744462
12678	-193.2488	-254.1166	60.86788	2.626749	0.5078497	0.7331443	1.884342
12684	-192.0494	-252.328	60.27866	3.623649	0.68727	0.2746589	1.961851
12690	-191.4417	-250.8241	59.3824	4.523846	0.5500776	1.059147	1.269273
12696	-188.839	-246.0827	57.24367	4.731099	0.5500776	5.203434	1.269273
12702	-187.0784	-245.1842	58.10582	3.233083	0.5753798	0.9076544	3.04861
12708	-186.3467	-247.4327	61.086	3.854368	0.5554321	0.6055322	0.7471606
12714	-183.869	-245.0114	61.14233	2.72174	0.406586	0.6960767	1.785789
12720	-181.6807	-243.3561	61.67545	1.907619	0.4984143	0.07397829	2.769435
12726	-182.166	-244.0532	61.88722	2.598639	0.564221	0.6915745	1.103468
12732	-177.4623	-237.4208	59.95849	2.452033	0.9185341	1.421365	1.803774
12738	-168.6093	-227.9568	59.34751	2.311601	0.9185341	1.421365	2.301268
12744	-172.4404	-233.9471	61.50672	3.705368	0.4125785	0.4899558	0.93398
12750	-165.8978	-226.5209	60.62306	3.128985	0.5360582	1.197471	1.309847
12756	-173.2478	-234.636	61.38824	1.487602	0.6038768	0.3128012	2.635101
12762	-178.2969	-237.865	59.56814	1.73531	0.7674813	1.124431	2.784313
12768	-182.4254	-242.3622	59.93677	1.720349	0.4909054	1.124431	2.807859
12774	-186.3785	-244.5249	58.14637	4.193935	0.4804181	0.5543232	2.807859
12780	-178.7284	-238.5545	59.82602	3.793572	0.4202623	0.3303541	2.332955
12786	-180.9529	-243.792	62.83904	2.875244	0.4202623	0.2694284	0.8545822
12792	-186.7591	-249.2182	62.45907	2.057823	0.2917817	0.5593938	1.632659
12798	-187.2681	-248.6712	61.4031	4.246929	0.2859454	0.4024857	0.2325497
12804	-182.772	-243.6272	60.85516	3.369317	0.291127	0.1737305	2.383029
12810	-191.6004	-253.7055	62.10509	4.2707	0.3262209	0.02695704	1.252659
12816	-196.0593	-256.8029	60.74361	4.085858	0.8503577	0.02251849	1.815884
12822	-193.4635	-252.919	59.45552	7.03565	0.5331168	0.03531617	0.680033
12828	-194.508	-256.5665	62.0585	3.766305	0.3794134	0.1193655	1.268294
12834	-185.2884	-246.5189	61.23047	3.205655	0.5380954	0.8987045	0.9509032
12840	-192.9666	-252.9519	59.98523	4.399628	0.4458018	0.8987045	1.148015
12846	-191.7469	-252.2531	60.50624	4.651755	0.6624166	0.08873935	1.52842
12852	-186.0813	-247.7664	61.68511	2.478994	0.4359964	0.4039232	1.856888
12858	-193.5905	-256.1101	62.51964	2.638864	0.7939402	0.3444267	0.5637035
12864	-196.2548	-251.7319	55.47713	3.792311	0.7939402	1.135896	3.955783
12870	-193.8433	-255.1086	61.26533	2.26117	0.5402854	0.2574176	2.371716
12876	-197.7325	-256.6455	58.91306	3.102494	0.5402854	0.2878808	3.246429
12882	-201.2751	-258.7868	57.5117	3.200767	0.3819992	2.868098	2.850117
12888	-193.817	-254.3478	60.53074	3.844343	0.7167811	0.9060939	0.6928129
12894	-191.287	-252.6639	61.37695	4.411571	0.7167811	0.1477085	0.545711
12900	-188.3899	-248.2006	59.81073	5.804594	0.5212193	0.06153808	1.436497
12906	-189.4473	-251.5345	62.08726	3.423724	0.5112533	0.3314371	0.7170508
12912	-194.0847	-255.5463	61.46152	4.023377	0.545682	0.3314371	0.665109
12918	-185.9064	-247.3359	61.42954	4.054746	0.545682	0.3314371	0.6663405
12924	-184.4543	-245.6513	61.19703	3.63689	0.6266154	0.3314371	1.243657
12930	-174.8252	-237.0103	62.18501	1.948058	0.6266154	0.1297343	2.152998
12936	-184.6142	-246.621	62.00685	2.150828	0.8347016	0.5801099	1.216971
12942	-186.5541	-247.7202	61.16611	2.696698	0.4394653	0.5801099	1.855978
12948	-187.1218	-246.234	59.11215	2.772983	0.6358145	2.191471	2.056334
12954	-197.0074	-255.9276	58.92024	3.55124	0.6021522	2.191471	1.688576
12960	-184.5306	-244.6794	60.14887	3.193161	0.6021522	2.191471	0.9825696
12966	-175.3707	-236.8318	61.46111	2.993598	0.6021522	0.5417391	1.267176
12972	-183.9399	-246.9661	63.02617	2.198003	0.6021522	0.3795367	0.7870603
12978	-186.6668	-247.1071	60.44029	3.091114	0.6021522	0.8939713	1.625639
12984	-184.3	-247.461	63.16101	2.917044	0.5044236	0.05838947	1.087305
12990	-188.2724	-247.8345	59.56211	2.015791	0.6868967	0.515094	3.118481
12996	-221.3156	-281.7088	60.39323	2.337342	0.3029952	2.77356	1.68357
13002	-199.557	-254.3501	54.79309	4.546803	0.5002102	14.77683	2.064692
13008	-193.0373	-247.9852	54.94787	3.564446	0.6339817	8.503201	3.008471
13014	-192.1744	-247.903	55.72859	2.503541	0.9588385	8.503201	2.943701
13020	-183.7788	-244.268	60.48918	2.105124	0.7878144	1.840078	1.572232
13026	-181.696	-242.3508	60.65477	2.409011	0.533108	1.840078	1.482058
13032	-190.483	-252.682	62.19891	2.726824	0.533108	0.2837588	1.370888
13038	-183.9496	-244.3704	60.42082	2.763448	0.533108	0.5804185	2.201264
13044	-172.7363	-233.4824	60.74611	2.524985	0.3185065	0.6049857	2.379151
13050	-189.1132	-248.903	59.78981	2.824528	0.3185065	1.264962	2.343519
13056	-185.1488	-244.3968	59.24793	2.485401	0.4400566	2.223863	2.343519
13062	-178.242	-237.5941	59.35214	3.284819	0.7700679	2.694561	1.195915
13068	-171.6285	-232.5805	60.952	2.781471	0.4808006	1.603711	1.134473
13074	-179.1216	-235.4605	56.33894	3.445797	0.4856937	17.54066	1.57315
13080	-186.1221	-239.6177	53.49559	4.36179	0.4674848	17.54066	2.849411
13086	-186.1026	-241.3441	55.24147	3.569875	0.4674848	19.92155	2.11261
13092	-191.345	-247.2379	55.89289	4.299939	0.7995558	16.90087	0.9042912
13098	-181.7016	-238.341	56.63937	4.320601	0.4167458	16.90087	0.4295758
13104	-192.819	-250.3071	57.48809	4.07737	0.5161207	9.60422	0.8352929
13110	-184.2863	-244.2089	59.92259	3.428905	0.3685123	3.082393	0.947888
13116	-184.0264	-243.6444	59.61799	3.287338	0.6930156	2.224334	1.249619
13122	-193.4296	-255.0698	61.64022	2.717507	0.4462943	0.8126413	1.253416
13128	-187.4488	-246.7351	59.28625	2.964307	0.2744223	5.464103	1.417434
13134	-186.0138	-245.6837	59.66987	3.438119	0.2744223	4.061079	1.039557
13140	-186.6174	-246.7616	60.14419	3.112499	0.3285867	4.061079	0.715314
13146	-180.6135	-243.2676	62.6541	2.907235	0.3544393	0.3531935	0.9569852
13152	-188.4684	-249.8915	61.42317	2.844614	0.504994	1.180133	0.8930476
13158	-188.7914	-250.4513	61.65985	3.124741	0.504994	0.7711897	0.7720938
13164	-190.539	-251.8185	61.27953	2.555556	0.504994	0.3774084	2.033143
13170	-179.1044	-241.0496	61.94517	2.634299	0.3978469	0.1609761	2.033143
13176	-182.8977	-244.8693	61.97155	2.123334	0.2350332	0.1609761	2.579697
13182	-187.223	-247.4682	60.24527	2.825222	0.2350332	3.532876	1.322433
13188	-179.0803	-241.4087	62.32839	2.657315	0.4306158	0.7873322	0.6012282
13194	-191.5421	-252.3149	60.77275	2.980732	0.4236094	1.93148	1.011896
13200	-180.9852	-239.3403	58.35508	2.857086	0.5053416	2.675917	2.458791
13206	-187.7725	-247.0947	59.32217	2.537434	0.2142688	2.616629	2.458791
13212	-179.1293	-237.8642	58.73491	3.821254	0.4936761	3.840532	1.207691
13218	-179.4237	-238.0127	58.58905	3.471232	0.4864532	3.840532	1.603394
13224	-188.0761	-246.8368	58.76076	3.465994	0.4864532	3.840532	1.480177
13230	-182.0861	-240.462	58.37594	3.854975	0.4864532	5.693538	1.018318
13236	-185.2178	-242.3596	57.14179	3.305412	0.6743129	6.532274	2.009823
13242	-188.7523	-247.1827	58.43044	3.703716	0.7755721	4.585784	1.010173
13248	-188.0023	-246.0314	58.02903	4.39581	0.536731	4.585784	1.046278
13254	-193.8045	-250.441	56.63652	5.229469	0.6874116	4.824095	1.285046
13260	-187.7376	-245.443	57.70546	3.984936	0.5033828	5.467572	1.495629
13266	-197.5466	-256.5877	59.04108	3.519384	0.5214569	5.066804	0.7637162
13272	-194.5295	-253.6016	59.07209	3.145607	0.5214569	2.586978	1.811057
13278	-186.7856	-245.2683	58.48262	3.673593	0.5214569	4.666398	1.282445
13284	-190.903	-252.9381	62.03511	2.786403	0.3557711	0.56744	1.282445
13290	-191.1791	-253.179	61.99989	2.583011	0.3984801	0.4639926	1.531489
13296	-185.2502	-246.0195	60.76926	3.818249	0.5115222	0.6162347	1.178441
13302	-189.4498	-247.2024	57.75255	3.622825	0.3494584	0.6701682	3.431039
13308	-190.1761	-248.9354	58.75931	4.776133	0.3494584	1.007109	1.84797
13314	-183.7804	-243.7579	59.97748	4.847399	0.3939999	1.007109	0.5702505
13320	-185.7354	-246.6678	60.93244	3.961156	0.3477731	1.007109	0.6422094
13326	-191.1833	-251.3124	60.12903	3.987969	0.3477731	0.4622817	1.933793
13332	-180.3815	-243.2112	62.82971	2.364832	0.3477731	0.1269702	1.767054
13338	-177.4557	-237.9529	60.49717	3.254329	1.050483	0.8076991	1.112144
13344	-179.1217	-240.2836	61.16194	2.587024	0.9121065	0.3810618	1.722768
13350	-180.0773	-240.3735	60.29621	2.130433	0.8471099	0.09830708	3.115183
13356	-187.5667	-248.8217	61.25508	2.130433	0.7243984	0.3216174	2.198113
13362	-186.6264	-247.9992	61.37281	2.099695	0.4633665	0.4752834	2.198113
13368	-185.3608	-246.5049	61.14406	2.059459	0.3486742	0.6342775	2.353999
13374	-180.1385	-242.601	62.46245	2.878326	0.3486742	0.5697307	0.7797568
13380	-187.8141	-244.2618	56.44779	2.484719	0.6113803	3.516061	3.522302
13386	-183.7653	-241.7198	57.95453	2.963312	0.3363083	2.580851	2.863011
13392	-184.2754	-243.0572	58.7818	2.417807	0.5724567	2.37189	2.493657
13398	-172.5212	-234.3824	61.86119	3.135359	0.6711326	0.5029834	0.6292202
13404	-191.124	-249.0691	57.94514	2.689555	0.4166078	1.547706	3.293851
13410	-183.4011	-243.1414	59.74034	3.02529	0.4927003	3.210072	1.231237
13416	-182.9538	-241.7947	58.84088	2.855791	0.4113442	0.9115673	2.996596
13422	-185.1138	-246.1049	60.99117	3.714089	0.4113442	0.1081331	2.062782
13428	-185.7806	-247.7646	61.98404	3.714089	0.3702437	0.1255582	1.365936
13434	-179.0389	-242.2937	63.25477	2.878771	0.3609695	0.03376954	1.365936
13440	-182.9366	-243.8919	60.95526	3.16421	0.5770462	0.5298829	1.569646
13446	-182.935	-239.5243	56.58924	2.721078	0.3576585	2.211401	3.891691
13452	-193.6073	-252.0849	58.47761	2.708074	0.3817382	2.211401	2.757235
13458	-186.0354	-246.8406	60.80517	2.278786	0.4777459	2.311651	1.327712
13464	-192.016	-251.7215	59.70551	2.88511	0.4488577	2.311651	1.732664
13470	-189.6283	-249.9298	60.30159	2.821867	0.5239787	1.294132	1.732664
13476	-189.9447	-250.0865	60.14175	3.32732	0.8510294	1.294132	1.12662
13482	-173.5955	-235.2356	61.64016	2.889911	0.5590966	0.9765064	0.6768222
13488	-181.9199	-243.1621	61.2422	2.092255	0.7004962	0.519432	2.007586
13494	-188.8096	-247.974	59.16448	2.820393	0.4238135	2.247581	2.193057
13500	-191.4188	-252.7759	61.35715	2.018472	0.4107442	0.6026007	2.193057
13506	-185.9251	-248.3091	62.38401	1.87744	0.4978289	0.1314664	2.193057
13512	-179.3109	-242.4105	63.09965	1.653008	0.7639023	0.1314664	1.602311
13518	-192.1068	-250.2476	58.14077	2.444674	0.7639023	0.3967301	3.764652
13524	-175.6268	-235.3189	59.69209	3.758952	0.624397	2.358308	0.6942555
13530	-182.0702	-240.0662	57.99605	4.252195	0.624397	5.896801	0.6654835
13536	-186.0714	-243.8588	57.78744	4.147715	0.5162467	5.211312	1.342978
13542	-181.3257	-241.6941	60.36841	2.596626	0.2821942	1.0395	2.30333
13548	-169.9546	-233.4138	63.45925	2.348543	0.6590749	0.09317562	0.9672514
13554	-174.313	-237.2401	62.92708	2.852906	0.3908252	0.1793126	1.104659
13560	-173.8372	-236.4492	62.61206	1.941887	0.5462254	0.1336598	1.943468
13566	-170.2775	-233.2904	63.01286	2.088031	0.5457481	0.1794444	1.442825
13572	-170.0212	-233.4177	63.39649	2.90452	0.4746964	0.1037803	0.4142419
13578	-170.9246	-233.3455	62.4209	3.509937	0.6042402	0.1037803	0.8665517
13584	-175.1301	-236.5465	61.41645	3.507351	0.7003702	0.5257106	0.6224673
13590	-170.6429	-232.5307	61.88772	3.441292	0.7003702	0.3047497	0.3700286
13596	-174.6926	-237.7416	63.04895	2.866067	0.7003702	0.08411225	0.8295661
13602	-185.9137	-248.5091	62.59531	2.634525	0.343431	0.08411225	1.87191
13608	-176.987	-239.4512	62.46415	2.491665	0.343431	0.2162331	1.735429
13614	-173.2576	-235.0674	61.80977	3.097263	0.6790025	0.2820557	1.217299
13620	-179.8217	-241.5771	61.75536	2.641031	0.4250705	0.6035281	1.467845
13626	-177.6861	-240.2427	62.5566	2.641031	0.9381635	0.2516086	0.621812
13632	-179.0013	-240.1562	61.1549	4.300294	0.6157414	0.1953184	1.011195
13638	-176.8565	-237.4339	60.57737	5.264649	0.4435485	0.1337627	1.10059
13644	-168.1325	-231.2632	63.13067	3.246673	0.4974972	0.07476829	0.3862946
13650	-167.5846	-229.156	61.57142	2.550351	0.3921274	0.3188215	2.059019
13656	-177.6468	-238.6412	60.99446	1.818202	0.4999938	0.3188215	2.764053
13662	-177.1422	-235.895	58.75278	1.972792	0.5554049	0.1651646	4.17784
13668	-176.6237	-236.7398	60.11604	2.401105	0.5262014	0.09350631	3.32725
13674	-175.6068	-233.4031	57.79634	2.676196	0.5262014	1.915752	3.134328
13680	-177.7215	-238.8487	61.12718	2.468894	0.4294781	1.047447	1.668003
13686	-171.7092	-233.8026	62.09339	2.797836	0.4294781	0.7845476	0.7837069
13692	-180.6274	-241.0932	60.46575	3.728341	0.6379384	1.269642	0.5350327
13698	-181.2807	-240.2718	58.99115	3.418744	0.6379384	5.096884	0.7148168
13704	-189.0839	-247.4861	58.40218	3.872697	0.6379384	4.500235	1.071212
13710	-180.8571	-238.9343	58.07719	4.100652	0.8404383	4.500235	0.9123902
13716	-176.8344	-235.7576	58.92321	3.686235	0.438403	3.326562	1.396346
13722	-176.846	-235.6639	58.818	4.33945	0.5001505	3.326562	0.7738205
13728	-177.4491	-236.3794	58.9303	4.200105	0.5001505	3.326562	0.8104892
13734	-179.5842	-238.207	58.62272	4.629831	0.5001505	3.326562	0.594232
13740	-182.696	-240.8176	58.1216	4.640791	0.7467882	3.679101	0.4019492
13746	-175.3473	-234.0523	58.70493	4.054515	0.7545752	3.721505	0.5119478
13752	-175.1863	-234.2396	59.05333	4.142926	0.9012585	2.260687	0.6217274
13758	-184.1027	-241.1948	57.09214	4.121085	0.9012585	5.609258	1.43163
13764	-191.5992	-249.4978	57.89853	4.121085	0.9012585	5.609258	0.5512335
13770	-195.7627	-253.1103	57.34757	3.14873	0.6524772	5.609258	2.14245
13776	-193.9345	-250.6859	56.75139	3.617062	0.5051622	5.609258	2.366251
13782	-186.5409	-244.6856	58.14475	4.022457	0.7150567	5.609258	0.7211099
13788	-180.3874	-238.6504	58.26301	3.938057	0.6889852	5.609258	0.7211099
13794	-181.8247	-242.2227	60.39808	3.043974	0.4319193	1.837035	1.323049
13800	-180.1451	-241.8918	61.74664	3.043974	0.3418046	0.9070132	0.9448547
13806	-185.6746	-245.074	59.39939	3.706515	0.3418046	3.529136	1.072406
13812	-188.836	-246.2649	57.42884	3.294431	0.6197905	3.529136	2.433613
13818	-176.0721	-237.264	61.19193	2.314978	0.4991658	0.2526753	2.433613
13824	-170.4305	-231.8995	61.46903	3.553039	0.4991658	0.5686748	0.8323562
13830	-180.4657	-242.0538	61.58802	3.809481	0.4991658	0.4329765	0.54888
13836	-186.5505	-248.7831	62.23268	3.809481	0.676617	0.09661988	0.4710757
13842	-182.5652	-245.1222	62.55707	2.949178	0.4136792	0.2258952	1.185858
13848	-182.7083	-243.5083	60.79994	2.949178	0.3974395	1.443972	1.345383
13854	-189.8174	-249.9384	60.12103	2.524686	0.3974395	0.2676409	3.048702
13860	-183.6302	-245.865	62.23473	2.837751	0.5377068	0.04199446	1.877429
13866	-182.7681	-244.9618	62.19371	4.028528	0.6722556	0.02878652	0.8229889
13872	-182.5219	-245.1768	62.65485	3.625297	0.632801	0.02878652	0.8180118
13878	-179.4273	-242.0526	62.62533	3.805659	0.4215728	0.02878652	1.024837
13884	-176.0514	-237.7386	61.68724	3.732633	0.6400259	0.3175008	0.4671066
13890	-171.5569	-230.2762	58.71936	2.823394	0.6400259	0.3175008	3.397833
13896	-187.2465	-245.8811	58.63463	2.619977	0.7037053	1.219802	2.811275
13902	-180.46	-241.8162	61.35618	2.058257	0.4126815	0.1339832	2.811275
13908	-174.4063	-234.488	60.08169	2.458974	0.5323074	0.3638215	2.839066
13914	-176.0953	-236.9579	60.86257	3.659216	0.5323074	0.3638215	1.543933
13920	-185.1863	-246.4081	61.22178	3.188286	0.5668719	1.059774	0.7224137
13926	-193.9639	-249.6417	55.67786	4.054184	0.5668719	1.059774	3.905155
13932	-194.9354	-254.7369	59.80157	3.292794	0.5668719	0.3017639	2.549337
13938	-196.8566	-256.3317	59.47516	5.674353	0.5668719	0.1330122	1.502326
13944	-196.3929	-255.7302	59.33727	4.85194	0.5668719	0.513703	1.548686
13950	-187.6082	-244.9586	57.35039	5.387237	0.5668719	1.746476	1.724764
13956	-192.8823	-252.1585	59.2762	3.613741	0.5668719	2.898479	1.134527
13962	-189.2183	-248.2276	59.00925	3.628585	0.9437445	2.39502	1.151632
13968	-190.2051	-248.6005	58.39538	4.014745	0.9437445	4.038873	0.6224193
13974	-191.5823	-248.8164	57.23406	4.652727	0.6029432	6.691834	0.944152
13980	-189.1208	-245.9805	56.85968	4.439964	0.3838032	6.691834	1.723032
13986	-195.1511	-250.2669	55.11577	4.605145	0.6901453	11.42055	1.906079
13992	-188.8411	-244.3434	55.50234	5.703456	0.4299075	11.42055	1.080591
13998	-181.8121	-237.2932	55.48114	5.384755	0.3812018	11.42055	1.440973
14004	-198.6359	-250.9388	52.30292	4.586928	0.5574677	11.42055	3.754578
14010	-194.1743	-248.5009	54.32657	4.534897	0.5574677	11.42055	2.581457
14016	-192.1536	-251.4201	59.26647	2.912551	0.7271498	2.987277	1.499623
14022	-193.5235	-254.4369	60.91342	3.501917	0.6812766	0.5570314	1.187857
14028	-177.9027	-238.8035	60.90084	4.160148	0.4613526	0.5570314	0.8840297
14034	-175.4542	-236.5734	61.1192	3.870825	0.5767142	0.5570314	0.3230642
14040	-172.7798	-234.0585	61.2787	3.340929	0.5767142	0.8442793	0.7220882
14046	-178.4759	-241.3618	62.88594	3.072867	0.5767142	0.1520861	0.5805118
14052	-177.4604	-240.0081	62.54765	2.836119	0.5767142	0.1520861	1.252538
14058	-180.9948	-244.244	63.2492	1.971895	0.6835481	0.2395051	1.025981
14064	-178.2473	-241.1451	62.8978	2.265602	0.5914999	0.2111286	1.262027
14070	-176.4319	-239.1204	62.68852	2.9048	0.4230641	0.3001824	0.9029077
14076	-179.8903	-238.1942	58.30395	3.436246	1.077744	2.609054	1.665929
14082	-168.2033	-227.6004	59.39713	4.094133	0.3764824	3.240605	0.6460071
14088	-172.6824	-231.5259	58.84349	4.094133	0.3673498	3.156069	1.298015
14094	-168.389	-227.8457	59.45669	4.094133	0.3891832	2.363595	1.039314
14100	-171.2586	-231.7941	60.53549	2.915759	0.6413609	1.183812	1.433702
14106	-173.1175	-232.1138	58.99622	3.115931	0.6413609	3.646995	1.440004
14112	-171.2374	-230.245	59.00758	3.542874	0.658285	3.646995	1.052485
14118	-174.79	-234.5421	59.7521	3.90041	0.515913	1.688034	1.102949
14124	-176.7029	-237.1719	60.46899	3.472611	0.4158127	1.688034	0.9929921
14130	-181.1169	-244.3311	63.21421	2.497828	0.4158127	0.2296477	0.9808792
14136	-171.1304	-234.3578	63.22737	2.68138	0.4158127	0.235285	0.7207157
14142	-169.7115	-232.4867	62.77518	2.692186	0.5168012	0.379798	0.4421407
14148	-166.8381	-229.1498	62.31164	2.559928	0.7179512	0.1404252	1.532884
14154	-165.9326	-226.8834	60.95078	2.047118	0.7179512	0.3533102	2.40725
14160	-169.0337	-230.7444	61.71069	2.466099	0.5537936	0.167562	2.107304
14166	-171.3785	-232.6288	61.25034	2.407897	0.5814149	0.4280133	2.006804
14172	-178.5185	-239.6277	61.1092	2.597413	0.6195847	0.344751	2.047116
14178	-178.0484	-239.4064	61.35799	2.544118	0.6176906	0.344751	1.91819
14184	-178.4682	-238.9597	60.49149	3.289095	0.6124046	1.225516	1.169453
14190	-175.3275	-235.8915	60.56406	2.495757	0.6124046	0.5214444	2.263332
14196	-172.967	-234.5078	61.54076	1.860155	0.4930237	0.2225889	2.557033
14202	-179.7688	-243.5035	63.73473	1.860155	0.3544868	0.04050234	1.749879
14208	-176.5711	-237.2032	60.63205	1.995197	0.7537359	0.07935171	3.111541
14214	-177.1975	-236.569	59.37141	3.119774	0.5507059	3.753665	1.211064
14220	-182.2799	-240.6828	58.40285	3.352315	0.3947179	5.827405	1.524017
14226	-192.5134	-247.6383	55.1249	4.107264	0.383594	17.5158	2.084618
14232	-183.0025	-244.4171	61.41457	3.583092	0.3430122	0.4442771	1.325673
14238	-186.299	-246.0881	59.78918	2.77143	0.6845541	1.163141	2.033757
14244	-177.7205	-237.3591	59.63859	3.289058	0.5822865	0.7988425	2.131422
14250	-183.5955	-245.8499	62.25438	3.073892	0.5705648	0.2816771	0.9705704
14256	-188.3905	-250.2396	61.84908	4.032334	0.4027277	0.2816771	0.5703236
14262	-194.5753	-254.6356	60.06032	4.264454	0.5654019	1.173541	0.6930623
14268	-198.0861	-256.405	58.31895	5.05288	0.550464	2.444685	0.8916618
14274	-183.6224	-242.8315	59.2091	3.44475	0.4404676	3.225975	1.389857
14280	-189.636	-248.3113	58.67529	4.165414	0.6663577	1.27619	1.794656
14286	-178.2113	-240.2404	62.0291	2.748164	0.6779661	0.6500104	0.6013246
14292	-190.5742	-250.9344	60.36022	4.318945	0.6779661	0.6500104	0.781257
14298	-189.346	-249.7813	60.43528	4.083045	0.3052685	1.588358	0.609087
14304	-185.5898	-246.2516	60.66179	3.724001	0.7265232	0.8279657	0.7909885
14310	-185.3277	-247.0214	61.69376	3.510648	0.4304203	0.5484801	0.7909885
14316	-185.3241	-246.0558	60.73173	3.510648	0.3470839	0.9105416	1.412502
14322	-180.1901	-241.8722	61.68208	2.379436	0.4541318	0.4759068	1.815587
14328	-183.6783	-241.5318	57.85354	3.225332	0.6142395	0.4060092	3.583003
14334	-188.4013	-250.2744	61.87312	1.622349	0.6142395	0.4928266	2.007696
14340	-180.3718	-242.879	62.50724	2.134938	0.5411769	0.3588122	1.450836
14346	-197.5569	-259.1098	61.5529	3.925477	0.5411769	0.3588122	0.4904269
14352	-190.5825	-250.1062	59.52377	3.380261	0.4813726	1.376477	1.887104
14358	-191.027	-247.5208	56.49374	4.496756	0.4998102	9.70229	1.378716
14364	-176.1994	-237.7872	61.58782	2.916352	0.7435127	0.479083	1.150317
14370	-172.9905	-234.1182	61.12773	3.425624	0.7435127	0.4791803	1.105994
14376	-178.2348	-240.5868	62.352	3.167495	0.6461531	0.2303519	0.7727313
14382	-181.6618	-244.4324	62.77069	3.095655	0.4458994	0.1970512	0.853564
14388	-176.7638	-236.2421	59.47828	2.920444	0.6479165	3.001964	1.40704
14394	-176.9315	-238.8353	61.90379	2.825277	0.6479165	0.7198457	0.5904889
14400	-181.7205	-240.0866	58.36608	2.041005	0.4855164	0.7198457	3.806674
14406	-184.5736	-245.5089	60.93534	2.461397	0.4855164	0.7198457	1.986708
14412	-187.4851	-248.5772	61.09215	2.968171	0.4855164	0.8113789	1.437204
14418	-188.8904	-250.2489	61.35849	3.012319	0.4855164	0.6213953	1.385665
14424	-188.0276	-248.823	60.79535	3.647486	0.3967758	1.24024	0.8527885
14430	-173.1532	-236.6645	63.51125	3.063861	0.3967758	0.0427992	0.8513108
14436	-172.0253	-234.3064	62.28113	3.515237	0.7152407	0.03934837	1.152278
14442	-182.2732	-244.0243	61.75112	4.570517	0.2969387	0.01476992	1.360936
14448	-178.2937	-240.644	62.35031	4.671208	0.2957807	0.01297678	0.4200553
14454	-177.5948	-239.5398	61.945	4.181907	0.6649826	0.07645047	0.400092
14460	-181.6277	-244.6179	62.99027	3.098394	0.685881	0.07645047	0.3815894
14466	-184.8475	-247.4552	62.60768	3.5395	0.6955654	0.05688879	0.6880592
14472	-179.8509	-242.4038	62.55296	3.154621	0.6955654	0.1728552	0.6258046
14478	-187.8169	-248.4861	60.66917	3.86415	0.3309801	1.407857	0.7289433
14484	-177.5211	-238.0318	60.51072	3.689942	0.4743734	1.546736	0.6412524
14490	-182.5902	-243.3132	60.72302	3.845928	0.2804416	1.546736	0.347897
14496	-172.8129	-232.7063	59.89335	2.21102	0.3372438	1.546736	2.501532
14502	-173.138	-232.5203	59.38226	2.395292	0.4685041	1.627291	2.512318
14508	-167.404	-227.2059	59.8019	2.077227	0.6796794	1.627291	2.246098
14514	-175.0965	-238.1225	63.02601	2.351974	0.6796794	0.210246	0.9551429
14520	-173.4845	-236.4386	62.95414	2.976265	0.4851768	0.210246	0.5222917
14526	-177.3425	-239.8623	62.51974	3.315546	0.4851768	0.2375916	0.6056846
14532	-171.7755	-234.6354	62.85981	3.682672	0.4851768	0.04903364	0.5821854
14538	-171.8566	-234.681	62.82441	3.298174	0.4851768	0.04903364	1.118707
14544	-171.8719	-234.691	62.81913	3.096693	0.7097391	0.04903364	1.002304
14550	-180.8262	-241.701	60.87479	2.326282	0.6912891	0.3491034	2.305828
14556	-175.2364	-236.2497	61.01334	2.967875	0.902739	0.3491034	1.610843
14562	-179.6353	-237.9723	58.33696	3.412708	0.391029	1.016064	2.923557
14568	-175.5451	-236.5086	60.96351	3.756304	0.391029	1.064598	0.700659
14574	-176.6556	-238.0234	61.36787	3.73513	0.391029	0.7548328	0.5922417
14580	-179.7523	-240.7977	61.04542	4.185647	0.3237299	0.7548328	0.6258016
14586	-169.0633	-231.8868	62.82356	3.025116	0.3237299	0.3610661	0.6258016
14592	-172.5413	-232.3776	59.83627	2.920319	0.6287324	0.4100544	2.562397
14598	-179.1059	-240.6544	61.54853	3.923692	0.6287324	0.2780615	0.6903132
14604	-181.0943	-243.2277	62.13338	3.375763	0.6287324	0.2780615	0.6100577
14610	-178.0802	-237.4182	59.33794	3.187705	0.6287324	1.740156	1.812528
14616	-175.6621	-236.2085	60.54637	3.454901	0.5071986	1.194217	1.140679
14622	-170.9932	-231.9913	60.99816	3.309109	0.3414901	0.8857059	1.392253
14628	-170.2768	-231.8638	61.58691	3.309109	0.3414901	0.7530984	1.018636
14634	-178.8876	-238.2176	59.32995	3.3394	0.8457488	1.058778	1.893336
14640	-172.9788	-235.6005	62.62169	2.709788	0.5323308	0.2173271	1.181001
14646	-177.003	-239.256	62.253	2.709788	0.8734971	0.2192138	1.1059
14652	-177.359	-239.6163	62.25727	3.537866	0.553279	0.2192138	0.480486
14658	-177.6734	-238.9071	61.23377	4.877033	0.6546431	0.0793919	0.6541709
14664	-184.0408	-245.2184	61.17762	4.149064	0.7415596	0.2380638	0.8346723
14670	-181.624	-244.0029	62.37895	2.68481	0.6651389	0.4599799	0.6601527
14676	-187.6426	-248.1006	60.458	2.564684	0.6651389	0.762316	2.020508
14682	-183.7522	-244.6339	60.88169	2.449159	0.4162713	0.656158	2.166509
14688	-185.3422	-248.5113	63.16914	2.249302	0.4162713	0.1645343	1.405564
14694	-180.5168	-243.5504	63.03364	1.680718	0.4162713	0.1645343	1.91127
14700	-186.8702	-249.564	62.69384	2.175101	1.532386	0.1645343	0.7537475
14706	-183.0136	-243.9014	60.88785	2.813533	1.532386	0.1645343	1.762142
14712	-186.0951	-244.9995	58.9044	2.603085	1.532386	2.074621	1.762142
14718	-187.5552	-247.0611	59.50585	3.754474	0.7596543	2.074621	0.9162369
14724	-196.31	-253.8021	57.49213	4.259326	0.640408	2.991985	1.883918
14730	-198.3494	-258.374	60.02455	2.92526	0.2417586	2.335576	1.785294
14736	-181.6678	-242.8025	61.13469	3.230827	0.2417586	1.249498	1.256403
14742	-187.7828	-248.5492	60.76643	2.910229	0.4954456	1.452387	1.256403
14748	-188.3964	-250.8425	62.44604	2.329062	0.4954456	0.62213	1.022914
14754	-177.4631	-240.6503	63.1872	2.337714	0.4954456	0.3521416	0.6578348
14760	-190.8546	-252.6749	61.82039	3.275702	0.6621677	0.3521416	0.9092553
14766	-194.52	-251.6777	57.15768	4.295964	0.6621677	5.81351	1.429031
14772	-191.5698	-246.861	55.2912	3.926666	0.5808867	8.399549	2.637589
14778	-189.155	-251.1475	61.99247	2.961995	0.5808867	0.508422	0.8735385
14784	-194.6789	-256.715	62.03609	2.875628	0.6410053	0.508422	0.8203248
14790	-191.7677	-254.7822	63.01451	2.994936	0.6410053	0.1141541	0.5743465
14796	-195.7463	-255.7	59.9537	4.701505	0.5519412	0.3990772	1.365327
14802	-194.37	-256.9948	62.62477	3.162409	0.5519412	0.1135688	1.05646
14808	-197.4918	-259.9301	62.43826	3.496598	0.5023837	0.1540315	0.8202995
14814	-192.8178	-253.8475	61.02964	1.985451	0.6776589	0.5919096	2.164172
14820	-193.2712	-254.0565	60.78531	2.290234	0.6776589	1.963311	1.247866
14826	-189.0716	-252.5364	63.46486	2.121337	0.53659	0.2489877	0.8318225
14832	-189.275	-250.5661	61.29108	2.60415	0.5068369	0.9494575	1.419987
14838	-190.9199	-251.4514	60.5315	2.609698	0.4280152	2.761941	1.170548
14844	-187.9381	-249.7758	61.83776	2.773964	0.4280152	1.158967	0.4192474
14850	-183.2139	-245.0335	61.81962	2.699188	0.4769541	1.158967	0.6090326
14856	-186.3383	-247.9829	61.64459	2.699188	0.5749689	1.158967	0.6532806
14862	-179.1773	-241.2381	62.06088	2.385226	0.5749689	0.8379139	0.9519662
14868	-181.378	-239.9657	58.5877	2.040612	0.9298387	0.3029359	3.745772
14874	-185.4136	-247.5108	62.09727	3.814385	0.6896695	0.0330101	1.105267
14880	-180.95	-244.3612	63.41117	3.100968	0.3551937	0.09578501	0.7024909
14886	-181.0054	-242.5032	61.49782	4.148564	0.4109889	0.1858058	1.17099
14892	-188.2007	-247.9734	59.77274	4.583191	0.5717238	0.1584099	1.99107
14898	-193.1809	-253.1056	59.92467	3.622467	0.4695611	1.800202	1.199823
14904	-190.6694	-250.843	60.17363	3.915834	0.654024	1.367582	0.4500259
14910	-190.9332	-249.121	58.18783	5.725621	0.5293459	0.7401679	1.558172
14916	-195.8165	-254.7117	58.89518	4.971537	0.5293459	1.034116	1.347151
14922	-194.5679	-257.1158	62.54791	2.66094	0.5293459	0.3824852	0.9309782
14928	-179.976	-241.5282	61.55219	3.738908	0.5183305	0.4694163	0.5912622
14934	-174.901	-237.9552	63.05423	2.717533	0.5183305	0.2462216	0.5538869
14940	-174.6245	-237.8135	63.18899	2.62902	0.4921891	0.2462216	0.5330069
14946	-178.5854	-241.6921	63.10671	2.77487	0.4616787	0.241915	0.5330069
14952	-190.4724	-253.8754	63.40296	2.798726	0.2167508	0.241915	0.9093099
14958	-192.5435	-254.379	61.8355	2.839352	0.4263378	0.7706988	1.048832
14964	-183.7376	-245.5212	61.78366	3.531942	0.5281513	0.4028108	0.7518942
14970	-180.5689	-243.5309	62.96194	3.474619	0.5165434	0.05616123	0.6340832
14976	-182.9155	-245.5026	62.58702	2.89816	0.5893842	0.3081285	0.6340832
14982	-180.5911	-241.8556	61.2645	3.133693	0.5893842	0.3103456	1.654622
14988	-182.2088	-242.1297	59.92086	4.572905	0.5893842	0.3103456	0.07771904
14994	-182.8698	-242.9656	60.09573	4.723439	0.5893842	0.1030373	0.05485353
15000	-180.7692	-240.8501	60.08095	4.33361	0.5893842	0.6979308	0.1645044
15006	-183.6004	-242.9609	59.36053	4.684361	0.5893842	0.918574	0.1404001
15012	-177.1673	-236.1677	59.00041	4.684361	0.5893842	1.469329	0.1687488
15018	-181.6256	-242.1331	60.50744	3.726751	0.4984176	1.469329	0.4152089
15024	-185.8041	-245.39	59.58591	3.93469	0.7699354	1.98196	0.4402836
15030	-187.6774	-236.4597	48.78236	4.015468	0.7699354	3.03202	6.918733
15036	-179.5619	-240.3739	60.81209	4.017917	0.9532471	0.2905764	0.9733717
15042	-179.0152	-232.7601	53.7449	9.346718	0.9532471	1.527463	1.202947
15048	-182.5733	-238.6247	56.05138	8.026208	0.9532471	0.6830175	1.043345
15054	-169.4064	-230.3679	60.9615	3.011267	0.6274676	0.6830175	1.459111
15060	-178.177	-239.4735	61.29649	2.880603	0.5858636	0.7703184	1.257157
15066	-168.2643	-230.4082	62.14389	2.800894	0.5858636	0.3011381	1.257157
15072	-165.3607	-227.9862	62.6255	3.688754	0.4954266	0.06932576	0.7905651
15078	-168.4513	-230.0642	61.61298	4.634057	0.649772	0.02679652	0.2673223
15084	-171.9257	-233.4367	61.51103	3.874361	1.538141	0.02679652	0.2673223
15090	-161.6179	-223.2852	61.66731	4.692377	0.4064463	0.02679652	0.1648602
15096	-181.0008	-243.2315	62.23076	3.810195	0.8884557	0.01785933	0.3137397
15102	-179.7219	-241.3503	61.6284	3.810195	1.244296	0.04122164	0.2155024
15108	-186.811	-247.8182	61.00721	4.618102	1.05261	0.04941816	0.238164
15114	-186.1172	-247.797	61.67977	4.713638	0.6487854	0.02956243	0.4505796
15120	-180.1168	-242.2587	62.14192	4.103788	0.7429153	0.02956243	0.3876452
15126	-189.088	-248.5995	59.51158	5.155204	0.6277494	0.2077854	1.611301
15132	-191.5175	-252.0802	60.56269	4.049906	0.3596732	0.08249494	2.261724
15138	-206.8997	-264.5759	57.67622	4.143434	0.3596732	0.09463239	3.904152
15144	-199.8343	-257.7803	57.94598	7.338635	0.5332988	0.2901411	1.0506
15150	-200.7693	-259.2424	58.47307	7.102678	0.5332988	0.2901411	0.7069556
15156	-195.4717	-253.208	57.73634	4.903337	0.6018742	0.4554139	2.607252
15162	-194.5912	-254.5417	59.95051	4.337009	0.6018742	0.1794206	1.960784
15168	-191.7512	-250.6092	58.85805	3.08724	0.6018742	0.7172253	2.793641
15174	-185.0262	-247.2523	62.22604	3.118138	0.6018742	0.2954701	0.8660128
15180	-182.7735	-242.2621	59.48861	2.147845	0.3979537	1.739446	2.633171
15186	-183.5505	-242.4332	58.88269	2.887604	0.3802392	1.739446	2.571862
15192	-188.2415	-247.6335	59.39199	5.98563	0.8629868	0.1303463	0.9968059
15198	-183.2533	-243.4983	60.24493	5.616128	0.4755673	0.1515932	0.9653775
15204	-187.2017	-247.2525	60.05083	4.477647	0.478718	0.2031031	1.879463
15210	-187.5155	-247.5341	60.01865	3.571477	0.3807028	0.2764867	2.478415
15216	-186.6515	-249.3619	62.71041	3.110846	0.4171286	0.2764867	0.6838548
15222	-180.8181	-240.8904	60.07222	3.422477	0.7109905	1.387036	1.186928
15228	-180.0491	-239.7716	59.72253	3.37907	1.099551	1.387036	1.161251
15234	-174.247	-235.1779	60.93087	4.089534	0.7270996	0.2723357	1.082769
15240	-179.515	-240.6542	61.13914	4.005538	0.5270606	0.4944736	0.3046111
15246	-176.8236	-238.293	61.46937	3.412593	0.5129836	0.7560852	0.6001035
15252	-177.0099	-239.1535	62.14365	3.411734	0.2311287	0.2116671	1.506902
15258	-187.9058	-248.4693	60.56352	3.708033	0.4771363	0.1642265	2.133817
15264	-195.3743	-254.8017	59.4274	3.659668	0.4032305	1.049984	2.048689
15270	-186.7813	-249.028	62.24665	3.709919	0.6417903	0.1093449	0.7296051
15276	-187.0344	-248.0295	60.99509	3.661541	0.5929223	0.6426879	0.9599316
15282	-175.2405	-235.1286	59.88814	4.48887	0.7689086	0.8888985	0.4288101
15288	-175.4527	-236.2365	60.78388	4.316307	0.6578575	0.4323388	0.7031574
15294	-176.1024	-234.8715	58.76909	4.05949	0.2877842	3.144254	1.522471
15300	-171.1968	-230.1887	58.99195	3.854129	0.2877842	3.347093	1.44829
15306	-170.7836	-229.0721	58.28857	3.464444	0.5364737	4.070087	1.709275
15312	-181.2537	-237.4686	56.21482	3.74795	0.3946955	4.070087	3.011208
15318	-182.9385	-240.8396	57.90108	3.164759	1.114975	4.117082	1.700136
15324	-176.498	-233.2702	56.77219	2.81551	0.3962213	4.117082	3.223575
15330	-177.1075	-237.8022	60.6947	2.471453	0.3962213	0.8594142	2.135508
15336	-166.2564	-226.3648	60.10842	4.087776	0.9099964	0.8594142	0.7002566
15342	-174.2883	-235.3114	61.02301	3.254379	0.8683877	0.817276	0.7209889
15348	-180.1654	-241.3847	61.21931	3.224751	0.7201081	0.79543	0.7741947
15354	-176.086	-237.4141	61.32804	3.332088	0.3567222	1.061937	0.8807595
15360	-168.7579	-230.5329	61.77508	3.488754	0.4053908	0.05946248	1.843277
15366	-183.1479	-245.2821	62.1342	2.648641	0.5489273	0.111582	1.843277
15372	-182.4216	-242.7173	60.29575	2.648641	0.5765845	2.893226	1.073502
15378	-185.8059	-245.6696	59.86374	3.047583	0.5765845	2.893226	1.104078
15384	-181.7834	-241.24	59.45662	3.410953	0.4411218	2.528285	1.461268
15390	-183.6619	-243.3225	59.66064	4.011581	0.3114111	2.528285	1.000386
15396	-181.9564	-241.3745	59.41812	3.742824	0.3141255	2.527829	1.432621
15402	-193.6521	-254.0723	60.42011	2.813709	0.4173316	2.527829	1.202782
15408	-185.7569	-245.0848	59.32789	2.788656	0.5034674	4.218509	1.446242
15414	-187.1065	-245.4594	58.35288	3.533681	0.6576077	4.425024	1.395727
15420	-194.6075	-253.9644	59.35684	3.50579	0.6576077	1.428203	1.702882
15426	-189.8409	-251.3123	61.47139	3.104717	0.4545832	0.3238747	1.660782
15432	-193.6406	-252.3579	58.71728	3.405784	0.6165862	0.4209025	2.947591
15438	-187.9335	-249.1636	61.23012	2.756287	0.4911567	0.8047886	1.491985
15444	-184.5528	-245.686	61.13316	2.419202	0.5920143	0.4021711	2.098554
15450	-187.0267	-248.6591	61.63246	3.196435	0.525933	0.7431846	0.7041409
15456	-180.2755	-242.3033	62.02776	3.196435	0.4150931	0.6231224	0.610973
15462	-177.7861	-240.1429	62.35676	3.549088	0.5432662	0.03857615	1.268861
15468	-173.891	-235.2178	61.32686	3.660803	0.5432662	0.481529	0.949875
15474	-172.767	-233.4309	60.66389	4.017459	0.5432662	0.6694926	0.9742224
15480	-167.9312	-229.4024	61.47113	3.484844	0.5432662	0.6694926	0.5605492
15486	-176.615	-237.6653	61.05022	2.622866	0.3523386	0.6694926	2.012986
15492	-183.1586	-246.752	63.59337	2.337387	0.3523386	0.3046338	0.5589855
15498	-181.2837	-243.3735	62.08978	3.770342	0.4517747	0.2531718	0.5792596
15504	-166.4269	-229.6697	63.24278	2.840388	0.4287857	0.1404916	0.8545791
15510	-173.9929	-235.0002	61.00732	3.474691	0.4321596	1.127055	0.8454067
15516	-170.1449	-232.7113	62.56636	2.559203	0.4652329	0.2880547	1.29266
15522	-182.5756	-245.3347	62.75917	3.477235	0.4112653	0.1080471	0.8600505
15528	-186.6425	-247.4939	60.85138	4.952985	0.4664215	0.2200081	0.285639
15534	-175.7305	-236.7361	61.0056	4.952985	0.4356378	0.2133499	0.3573461
15540	-183.4073	-244.0353	60.62796	4.828317	0.4144992	0.3856781	0.2542553
15546	-177.5791	-237.9618	60.38267	4.43484	0.3434658	1.056192	0.3340757
15552	-182.0075	-242.8869	60.87935	3.201585	0.4477171	1.056192	1.267603
15558	-174.4334	-235.7559	61.3225	2.333656	0.7178785	1.056192	1.28374
15564	-184.3188	-244.6732	60.3543	3.49443	0.7177261	0.6081178	1.538972
15570	-180.3677	-242.564	62.19633	2.350702	0.6122781	0.3002537	1.538972
15576	-184.1682	-244.5742	60.40597	2.68729	0.6122781	0.915271	1.905301
15582	-188.0667	-249.6963	61.62965	2.497351	0.6550014	0.1214715	2.151935
15588	-190.2156	-250.6624	60.44686	2.988024	0.3552311	0.1214715	2.896784
15594	-186.6701	-248.0409	61.37083	3.161145	0.6310363	0.1217831	1.904292
15600	-176.1021	-237.2333	61.13123	2.473971	0.444132	0.2637056	2.413619
15606	-175.4991	-234.8891	59.38997	3.46286	0.6226687	0.4945905	2.413619
15612	-170.8822	-232.0216	61.13947	3.826002	0.445683	0.7965512	0.5059952
15618	-176.1745	-238.0341	61.85957	3.130315	0.4320476	0.7965512	0.4872365
15624	-190.5014	-250.2975	59.79609	3.509885	0.4952183	2.311216	1.11462
15630	-189.1031	-248.5248	59.42171	4.337408	0.4952183	2.240395	0.426607
15636	-194.2103	-251.4624	57.25205	4.337408	0.4952183	8.514851	1.046471
15642	-186.8446	-243.1767	56.33209	5.147847	0.5049423	2.242761	2.426746
15648	-193.5617	-246.873	53.31133	7.445118	0.6735813	3.278006	2.426746
15654	-188.0173	-250.8853	62.86803	2.478925	0.6735813	0.2156202	0.9796511
15660	-188.0237	-248.7034	60.67973	3.139388	0.6735813	1.601342	0.7210371
15666	-176.2014	-236.5396	60.33821	3.132587	0.6259895	2.223153	0.7718593
15672	-173.381	-233.4894	60.10839	4.468267	0.4015145	0.6079065	1.357792
15678	-169.7	-231.7718	62.07181	3.08496	0.4015145	0.5713168	0.8749351
15684	-182.0593	-244.3308	62.27151	3.526027	0.3640563	0.2735843	0.8739346
15690	-177.4088	-239.4429	62.0341	3.362092	0.5333995	0.3149374	0.8739346
15696	-179.5384	-238.6922	59.15383	3.251478	0.4445654	2.05659	1.960871
15702	-187.5151	-244.7227	57.20769	3.960127	0.7342302	6.691276	1.418913
15708	-189.0909	-249.6794	60.58851	3.314164	0.7674098	1.41402	0.5736846
15714	-184.6534	-244.2517	59.59827	4.118275	0.5486799	1.280042	1.26533
15720	-192.5483	-252.0149	59.4666	3.734725	0.4024011	1.57905	1.674632
15726	-182.4414	-241.3886	58.94723	3.153812	0.5330954	3.259428	1.674632
15732	-186.0586	-244.7888	58.73024	3.663734	0.6021296	3.259428	1.378706
15738	-183.0698	-243.579	60.50913	2.715555	0.6021296	1.362689	1.534049
15744	-177.946	-237.5709	59.62491	2.414946	0.6021296	1.691336	2.183718
15750	-184.3355	-243.3586	59.02306	2.054037	0.394767	1.534742	3.061601
15756	-195.1659	-253.2612	58.09527	3.007883	0.394767	0.870102	3.394138
15762	-190.179	-249.6883	59.50927	3.998138	0.7045596	2.152716	0.5530985
15768	-197.8074	-257.2452	59.43781	3.604298	0.6358511	3.219664	0.6989162
15774	-193.9186	-252.8091	58.89049	3.622826	0.5086886	3.219664	1.410066
15780	-189.0549	-248.799	59.74407	3.492094	0.4642059	0.2615582	2.625119
15786	-183.1418	-244.0588	60.91698	3.474485	0.69415	0.4360721	1.359567
15792	-187.9641	-249.3848	61.42075	3.512541	0.6628032	0.1951482	1.403697
15798	-178.2444	-241.0681	62.82372	2.904642	0.6588553	0.1215511	0.9278423
15804	-183.0149	-246.1745	63.15957	2.970696	0.5387066	0.03707974	1.085991
15810	-180.0015	-243.3937	63.39224	3.046621	0.5483587	0.03707974	0.7156138
15816	-169.5428	-231.5985	62.05575	4.34051	0.5657191	0.03707974	0.3178827
15822	-174.056	-235.0899	61.0339	4.34051	0.5412319	0.4073369	0.4404607
15828	-175.7883	-235.2768	59.48852	3.377591	0.611559	0.1048234	3.014862
15834	-180.3097	-239.3044	58.99466	2.564454	1.223418	0.3853105	2.930212
15840	-170.9838	-232.5579	61.57403	2.634902	0.6247618	0.3952763	1.6257
15846	-182.3048	-243.7384	61.43368	2.699949	0.6313482	0.4670247	1.578062
15852	-186.3602	-248.0625	61.70224	2.32946	0.8540493	0.4670247	1.445886
15858	-184.0754	-244.4974	60.42197	3.593389	0.5218936	0.7891478	1.445886
15864	-180.1296	-239.8169	59.68728	3.78036	0.3573569	1.829349	1.421003
15870	-177.1329	-237.6415	60.50866	2.9692	0.3573569	1.829349	1.413108
15876	-168.8847	-230.2219	61.33719	2.716067	0.3467324	1.829349	0.9243189
15882	-177.7093	-237.7593	60.04999	3.576962	0.5210674	1.185965	1.43497
15888	-175.5389	-234.4915	58.95265	2.792633	0.5210674	1.185965	2.690002
15894	-182.3834	-241.4918	59.10842	5.022312	0.8140531	1.090162	0.5156954
15900	-177.5274	-237.1552	59.62784	4.170582	0.3369673	2.47818	0.8247245
15906	-177.7078	-239.0827	61.3749	3.516251	0.5274941	0.6490885	0.7922148
15912	-184.4221	-245.6604	61.23828	3.007366	0.5274941	0.2430895	1.940669
15918	-183.5942	-244.0756	60.48146	3.764186	0.5274941	0.2430895	1.940669
15924	-175.8245	-237.1007	61.27613	2.581749	0.6820237	0.1421659	2.252374
15930	-178.0809	-240.4901	62.40928	2.981767	0.6820237	0.1024656	1.280669
15936	-177.3912	-240.2932	62.90201	2.443075	0.498837	0.4163436	0.7404287
15942	-176.3159	-237.1712	60.85525	2.443075	0.498837	1.994349	1.267529
15948	-183.4625	-246.8251	63.36254	3.272257	0.421822	0.04469791	0.6823739
15954	-184.0261	-245.8955	61.86942	4.340925	0.6104005	0.04469791	0.261387
15960	-183.6481	-245.9608	62.31267	3.913889	0.6104005	0.04814788	0.2812325
15966	-182.3097	-244.2544	61.94474	4.131091	0.6580858	0.07211208	0.3052567
15972	-184.3852	-246.1957	61.8105	3.647766	1.316344	0.07211208	0.3705846
15978	-184.2446	-247.212	62.96744	3.146124	0.4850289	0.145311	0.3937643
15984	-186.9374	-245.7204	58.78305	2.787289	0.2903565	0.03666404	4.291361
15990	-185.6209	-248.9134	63.29248	2.520997	0.3273929	0.02998327	1.670647
15996	-184.622	-246.7956	62.17364	3.714072	0.2983457	0.02787115	1.670647
16002	-181.8172	-244.6948	62.87767	3.567355	0.3475693	0.06230706	0.9959751
16008	-182.8428	-244.891	62.04821	2.749119	0.6345957	0.1826888	1.564553
16014	-187.7936	-247.3735	59.57992	3.791587	0.5317492	2.304774	0.9992623
16020	-189.2632	-250.9988	61.7356	3.429092	0.2912414	0.9001886	0.4844479
16026	-189.3651	-248.9741	59.60895	3.802691	0.3320697	1.839376	1.499743
16032	-198.5794	-258.6912	60.11185	3.058488	0.4065057	1.901393	1.537996
16038	-203.028	-261.4265	58.39854	3.522706	0.6118259	0.716041	2.800466
16044	-193.5629	-254.9675	61.40462	2.25846	0.6118259	0.5136829	1.873995
16050	-199.5081	-259.0816	59.57351	3.795128	0.6118259	1.019957	1.638972
16056	-200.5659	-262.3837	61.81779	3.305554	0.6373127	0.4720792	0.4992218
16062	-197.862	-259.0749	61.21291	3.767996	0.5945162	0.3451963	1.130832
16068	-198.4662	-255.946	57.47984	5.274406	0.8411771	0.3040329	2.534855
16074	-193.9362	-252.3627	58.42651	3.652392	0.8411771	0.4881632	2.72916
16080	-202.2148	-259.3684	57.1536	5.94146	0.5213177	1.063136	1.89636
16086	-194.4225	-253.5793	59.15682	3.961026	0.6031641	0.5128854	2.243478
16092	-198.4432	-256.9646	58.52145	3.509743	0.6031641	3.713841	1.523766
16098	-182.9544	-240.9122	57.95779	4.969659	0.6031641	3.713841	0.6485021
16104	-175.7915	-234.046	58.25447	4.878402	0.8327373	2.565112	0.5781923
16110	-185.3836	-243.3842	58.00061	4.033171	1.141484	2.565112	1.420476
16116	-179.7653	-239.7822	60.01688	3.408741	0.971711	1.418799	0.9476264
16122	-192.8127	-253.1043	60.29157	3.207983	0.7215708	1.418799	1.149384
16128	-184.1454	-243.2481	59.10272	3.726468	0.7215708	2.529069	1.149384
16134	-189.0645	-245.5607	56.49616	4.035568	0.8134864	6.487448	1.842337
16140	-188.263	-245.7289	57.46593	3.732816	0.5125694	5.435778	1.842337
16146	-193.4677	-250.7427	57.27499	3.879095	0.8061798	5.435778	1.589411
16152	-194.8514	-251.8597	57.00834	2.672338	0.5919532	5.435778	2.738249
16158	-196.1913	-255.1217	58.9304	4.378265	0.5887358	0.3210858	2.366722
16164	-186.4436	-247.9999	61.55628	3.777487	0.5705977	0.07820186	1.530772
16170	-186.708	-249.8375	63.12953	3.090453	0.5299665	0.07820186	0.7854243
16176	-181.3261	-243.9751	62.64909	3.090453	0.8998778	0.07820186	0.7854243
16182	-192.0283	-252.8667	60.83845	4.911582	0.5755245	0.05728797	1.279825
16188	-184.4679	-245.2827	60.81477	4.49915	1.387202	0.05728797	0.8871429
16194	-184.5926	-244.3759	59.78332	4.048408	1.387202	0.2138491	1.638957
16200	-172.5014	-234.9059	62.40448	2.130081	0.8959216	0.2138491	1.451265
16206	-173.2115	-235.3528	62.14129	2.558592	1.285238	0.2138491	0.9975649
16212	-177.5588	-240.0852	62.52634	2.505518	1.196601	0.1160129	1.067686
16218	-185.7766	-248.3286	62.55204	2.655349	1.788206	0.0294881	0.8370878
16224	-179.3201	-241.3956	62.07551	3.623481	0.6846716	0.0294881	1.305751
16230	-188.6012	-250.5163	61.91508	3.563462	0.7610761	0.04307328	1.354001
16236	-190.8232	-251.9649	61.14169	5.287679	0.5983087	0.01020532	0.3934037
16242	-184.656	-247.2939	62.63792	3.699974	0.3674276	0.01020532	1.190353
16248	-179.2574	-241.8789	62.62151	3.699974	0.3251944	0.01006378	1.277816
16254	-175.2588	-237.2139	61.95514	3.91136	0.6313302	0.04319467	1.172756
16260	-181.3298	-242.6015	61.27167	2.481845	0.4408333	0.3623011	2.179123
16266	-173.4926	-235.7698	62.27718	2.000754	0.5480482	0.3471472	1.72693
16272	-182.548	-241.0769	58.52886	4.537832	0.5437254	0.5203308	2.325676
16278	-189.1653	-249.9754	60.8101	3.612564	0.6627494	0.9394192	0.6705033
16284	-183.4452	-246.0866	62.64138	3.033132	0.2870018	0.4374871	0.8109458
16290	-178.0033	-238.5816	60.5783	3.228507	0.4531311	1.654636	1.079358
16296	-189.08	-249.6609	60.58092	3.39453	0.8033826	1.008691	0.9379947
16302	-181.9545	-243.4413	61.48687	3.533601	0.463709	0.6432102	0.7713758
16308	-190.2883	-249.253	58.96471	5.63764	0.6262766	0.6432102	0.2152841
16314	-192.5071	-252.1207	59.61365	4.497815	0.5466084	1.522569	0.4013064
16320	-196.4551	-254.9146	58.4596	5.417241	0.7345446	1.406686	0.7307142
16326	-189.0866	-249.1561	60.06947	4.773889	0.6357488	0.6195826	0.6791198
16332	-181.8698	-242.6541	60.78429	4.178705	0.6899874	0.4939459	0.6791198
16338	-182.8376	-243.9063	61.06862	4.249531	0.8265766	0.2202892	0.2987129
16344	-177.8477	-238.3577	60.51004	4.911056	0.5436418	0.3609281	0.3590582
16350	-186.9579	-248.6566	61.69869	3.921366	0.4074186	0.3609281	0.7344281
16356	-183.3866	-245.1829	61.79632	3.462692	0.3893764	0.4741402	0.9599942
16362	-176.3295	-237.8982	61.56869	3.601283	0.5566418	0.4852648	0.3597475
16368	-181.6155	-242.9952	61.37969	3.790284	0.5566418	0.4852648	0.3597475
16374	-188.6853	-248.2835	59.59816	3.319194	0.5566418	1.390576	1.786993
16380	-200.6762	-258.1385	57.46233	2.844303	0.6616942	5.319327	2.305476
16386	-186.9072	-248.4769	61.56977	2.727872	0.3991705	0.6084112	1.572641
16392	-184.8786	-245.9663	61.08776	3.080062	0.5857905	0.7578407	1.277484
16398	-183.4553	-243.7084	60.2531	3.104294	0.5857905	1.665653	1.277484
16404	-188.1804	-249.2572	61.07676	3.669678	0.5857905	0.7844944	0.5567627
16410	-184.8763	-248.4311	63.55477	2.562986	0.3348806	0.1354904	1.036578
16416	-185.7129	-248.2297	62.51684	2.570141	0.5274133	0.1354904	1.58706
16422	-192.1136	-253.5961	61.48247	2.304205	0.4131122	0.9449341	1.62688
16428	-186.7866	-249.2841	62.49748	2.578305	0.7086637	0.07677734	1.584115
16434	-183.5625	-245.8733	62.31087	2.760345	0.7086637	0.04158006	1.711407
16440	-184.1552	-245.7845	61.62923	2.518325	0.6497446	0.04158006	2.376607
16446	-184.8738	-246.0686	61.19477	3.78556	1.422	0.007695377	1.2437
16452	-188.1773	-249.7535	61.57625	4.246692	0.9969499	0.008812292	0.8016541
16458	-184.5521	-244.9031	60.35101	1.943061	0.9310712	0.3477626	2.698726
16464	-180.2788	-239.0254	58.74654	2.32326	0.8540928	0.2975108	3.545073
16470	-186.0396	-249.2508	63.21127	2.390786	0.43854	0.09865135	1.423659
16476	-189.9052	-252.3707	62.46552	2.198489	0.671511	0.4175214	1.187924
16482	-178.8557	-241.2371	62.38138	2.345391	0.7246791	0.4175214	1.069242
16488	-182.0018	-245.7628	63.76097	2.443182	0.3262645	0.1007506	1.10205
16494	-181.8729	-242.0155	60.14252	3.455897	0.4611546	0.54919	2.039509
16500	-186.003	-245.5086	59.50552	3.444662	0.6634302	0.2766072	2.590402
16506	-178.0565	-240.1433	62.08676	2.943761	0.6634302	0.2766072	1.139717
16512	-186.0406	-246.6345	60.59383	2.949519	0.5506975	0.4681137	2.066369
16518	-197.0624	-256.2448	59.18238	4.063925	0.7387776	0.5412505	2.010718
16524	-185.5456	-247.6554	62.10982	3.252794	0.3888905	0.5412505	0.6849301
16530	-179.9272	-241.0913	61.16413	3.586723	0.511816	0.7123259	0.8926661
16536	-185.8162	-247.2993	61.48313	3.411165	0.4719175	0.7123259	0.7987224
16542	-194.2608	-254.1533	59.89247	4.166634	0.5530211	0.08693278	2.382848
16548	-190.1705	-251.3154	61.14493	2.772355	0.4708668	0.7690134	1.600141
16554	-205.3687	-260.3095	54.9408	3.898569	0.6852121	0.04946176	5.397249
16560	-198.7929	-260.6818	61.8889	2.616213	0.5479223	0.8930957	0.8636761
16566	-185.3138	-244.6752	59.36148	4.012267	0.6529981	0.4302702	2.124427
16572	-185.2394	-246.7679	61.52854	2.094164	0.7708382	0.3762706	1.927186
16578	-185.5525	-244.3551	58.80254	2.215101	0.974298	1.473745	2.642263
16584	-187.7007	-248.7862	61.08555	2.974141	0.974298	0.851991	0.814811
16590	-186.6307	-243.0805	56.44976	3.662391	0.974298	1.182282	3.32824
16596	-186.5902	-243.5114	56.92121	1.323925	0.2601163	0.3379641	5.625514
16602	-182.5476	-246.1662	63.61857	1.337295	0.2578285	0.1705116	1.967958
16608	-173.6641	-237.1694	63.5053	2.197868	0.2435815	0.0631692	1.777224
16614	-171.6059	-233.7782	62.17231	3.335386	0.5717557	0.0631692	1.452619
16620	-174.1775	-237.7753	63.59784	2.290396	0.312841	0.04083761	1.604251
16626	-180.8535	-242.6661	61.81262	3.842592	0.312841	0.2285302	1.229986
16632	-174.7656	-237.0557	62.29015	2.085764	0.4802451	0.4384552	1.607998
16638	-177.4043	-238.7578	61.35347	2.302904	0.5789061	0.9905104	1.484255
16644	-179.4614	-242.522	63.06061	3.231439	0.3666778	0.1349272	0.7653056
16650	-175.2765	-237.64	62.36355	2.411408	0.3666778	0.9269614	0.8811162
16656	-180.723	-238.9979	58.27485	4.232303	0.3896429	4.719633	1.169821
16662	-181.9623	-242.1728	60.21047	3.651474	0.6349742	0.9704954	1.275339
16668	-175.4226	-235.7201	60.29745	3.651474	0.6440153	1.490219	0.7045148
16674	-178.0097	-238.2366	60.22697	3.548204	0.6440153	1.490219	0.9304852
16680	-185.7021	-245.4799	59.77778	3.516365	0.3224832	1.490219	1.770565
16686	-182.2655	-245.3045	63.03903	2.803733	0.3109219	0.1503324	1.279163
16692	-184.1833	-246.1786	61.99523	2.939394	0.4803219	0.08890874	1.881307
16698	-187.8188	-246.2642	58.44543	3.148311	0.4266516	1.149571	2.900861
16704	-174.6329	-233.9204	59.28755	3.308439	0.6865947	1.220666	1.974823
16710	-169.6188	-231.7498	62.13102	2.632533	0.4748334	0.57103	1.135702
16716	-171.5484	-232.4093	60.86095	2.856073	0.4728032	1.466251	1.246017
16722	-169.2673	-229.5307	60.26336	3.164321	0.9187845	1.466251	0.9656924
16728	-165.7047	-227.5214	61.81671	3.207803	0.4405287	0.6680548	0.7758481
16734	-173.0685	-234.4622	61.39375	2.480929	0.4456529	1.451701	1.161219
16740	-175.7554	-236.862	61.10664	2.164168	0.3531508	0.5600362	2.374079
16746	-172.4296	-232.2663	59.83666	2.529117	0.4282752	1.238903	2.374079
16752	-182.6828	-241.033	58.35014	2.736197	0.4054199	5.142961	2.096634
16758	-178.3298	-237.7591	59.4293	3.18563	0.880902	1.199072	1.816017
16764	-173.1787	-234.7667	61.58808	3.30911	0.8449626	0.4213781	0.3500549
16770	-171.4215	-231.9204	60.49883	2.64182	0.4752195	0.3162742	2.591539
16776	-178.1061	-238.7492	60.64314	2.193108	0.4752195	0.3162742	2.778588
16782	-177.7385	-239.8159	62.07733	2.219847	0.4752195	0.3162742	1.842791
16788	-189.4428	-248.1409	58.69813	1.963925	0.4752195	0.277358	4.106698
16794	-183.9712	-245.9758	62.00462	2.933597	0.4281343	0.567549	1.05613
16800	-178.2931	-240.8371	62.54401	3.011283	0.2641192	0.567549	0.7564259
16806	-174.0997	-233.193	59.09333	1.793665	0.4702802	0.567549	3.666519
16812	-163.9534	-225.6621	61.70876	2.064797	0.4039791	0.6447365	1.898649
16818	-171.3295	-230.4659	59.13644	2.973906	0.4920362	1.23244	2.468079
16824	-169.4526	-232.8291	63.37656	1.95715	0.4920362	0.3744038	0.8773881
16830	-173.5908	-233.6824	60.0916	2.088849	0.4203882	0.0676193	3.699146
16836	-177.7191	-239.0993	61.38019	1.832524	0.4488059	0.853312	2.045187
16842	-177.6326	-239.975	62.34236	2.406208	0.6479838	0.4327988	1.116482
16848	-173.0839	-236.2109	63.12708	2.316623	0.4187183	0.2762917	1.116482
16854	-173.8195	-237.3715	63.55204	1.891663	0.4187183	0.2762917	1.116482
16860	-177.1017	-239.4058	62.30407	3.065593	0.262836	0.5864109	0.9514696
16866	-178.1686	-238.7627	60.59405	2.751107	0.5003511	1.240815	1.633984
16872	-177.5015	-240.3298	62.82824	2.238751	0.5003511	0.3486683	1.177467
16878	-179.7986	-240.9598	61.16121	3.096483	0.5003511	0.9360922	1.142248
16884	-183.6038	-243.7644	60.16059	3.794222	0.6021649	1.404379	0.8678362
16890	-191.1052	-250.5297	59.42448	3.576832	0.4166569	3.63046	0.9923592
16896	-184.8146	-242.833	58.01842	4.763619	0.5453283	3.63046	0.9923592
16902	-182.2384	-242.902	60.66359	3.349932	0.6361188	1.299666	0.8392657
16908	-193.4425	-253.0486	59.60614	2.853826	1.040109	2.690007	1.095469
16914	-180.9481	-242.5704	61.6223	2.452253	0.4511252	1.560089	0.8755138
16920	-185.7172	-246.8226	61.10535	3.158983	0.4511252	1.560089	0.4775165
16926	-185.1861	-245.6495	60.46336	3.772959	0.6684134	1.132878	0.6498633
16932	-185.6206	-246.2795	60.65888	3.759225	0.6684134	0.9761625	0.559428
16938	-191.7832	-251.534	59.75077	3.256587	0.6667848	1.590394	1.502362
16944	-201.6186	-261.6297	60.01103	3.061932	0.7060835	1.609152	1.402787
16950	-199.3287	-254.4433	55.11459	6.906279	0.7420178	1.379092	2.220476
16956	-199.5358	-254.4126	54.87678	6.906279	0.9965985	1.535102	2.114363
16962	-192.9985	-248.2491	55.25065	8.52589	0.3716323	1.535102	1.310393
16968	-193.0028	-249.4874	56.48457	6.855053	0.6334907	1.535102	1.310393
16974	-194.5923	-250.9586	56.36631	3.860549	0.5160283	1.612013	3.405274
16980	-190.019	-250.9919	60.97295	3.042452	0.5282751	1.612013	0.7336664
16986	-188.8737	-251.0668	62.19312	2.95732	0.4206063	0.6812745	0.5531102
16992	-184.4245	-243.0173	58.59274	2.513173	0.4206063	3.473473	2.408893
16998	-180.3487	-238.4395	58.09082	2.884753	0.8252829	1.570581	2.724129
17004	-180.1028	-238.9544	58.85161	3.376315	0.6417427	3.816745	1.300769
17010	-181.0496	-243.1873	62.13774	2.680646	0.6417427	0.1811703	1.545238
17016	-186.4871	-247.1968	60.70961	5.189409	0.6520728	0.06003191	1.03997
17022	-181.3756	-241.2794	59.90377	5.113966	0.6520728	0.06003191	1.737139
17028	-178.92	-237.3116	58.39162	4.957471	0.8948576	0.4066205	1.975581
17034	-183.248	-243.2471	59.99907	4.834119	0.6117729	0.3299308	1.264542
17040	-180.5843	-243.2568	62.67254	2.720441	0.5886994	0.1404119	1.264542
17046	-181.5535	-243.5364	61.98294	3.310352	0.5354451	0.1404119	1.409056
17052	-187.9255	-247.7683	59.84288	3.940375	0.7643983	0.1404119	2.237082
17058	-192.6341	-252.2797	59.64565	5.004716	0.4294683	0.3267807	1.635333
17064	-183.6684	-243.3283	59.65987	4.411598	0.8094368	1.14331	0.5955723
17070	-188.5417	-250.2779	61.73614	2.201973	0.9706026	0.4647222	1.42491
17076	-186.7893	-247.3799	60.59065	3.229485	0.9706026	0.6714208	1.268608
17082	-194.0339	-254.7824	60.74854	4.766277	0.7086895	0.2203502	0.3469758
17088	-193.7048	-253.9043	60.19955	5.046721	0.7086895	0.189539	1.10653
17094	-191.126	-250.7429	59.61684	4.253697	0.6167784	0.4734647	1.772424
17100	-191.3917	-250.9749	59.58323	3.522351	0.6167784	2.875977	0.8515188
17106	-180.8033	-241.2909	60.4876	3.759803	0.6167784	1.238132	0.4499083
17112	-183.3201	-241.7093	58.3892	3.949565	0.4523947	2.716933	1.765518
17118	-186.6244	-247.4353	60.81091	3.363534	0.5657798	0.3572632	1.765518
17124	-187.1211	-248.6644	61.54324	3.399931	0.465904	0.4203267	1.211969
17130	-181.1628	-236.7471	55.58439	4.427184	0.5505703	1.983082	3.360343
17136	-182.3627	-243.4706	61.10792	3.320985	0.5505703	0.6348302	1.23854
17142	-191.3149	-249.7473	58.43237	3.269855	1.098023	1.347659	2.195674
17148	-189.5348	-247.958	58.42318	3.544226	1.098023	2.540182	1.510312
17154	-190.3663	-252.3913	62.02502	2.820778	0.6216636	0.4368106	1.053613
17160	-190.7216	-247.5797	56.85806	4.74324	0.5307099	1.351525	2.683991
17166	-185.7205	-242.1835	56.46303	2.224967	0.5307099	0.6149376	4.817773
17172	-189.7526	-249.5629	59.81034	2.496211	1.08968	0.6149376	2.304739
17178	-172.3189	-234.2285	61.90953	2.664833	0.5001901	0.8991302	0.8643896
17184	-169.1079	-230.5742	61.46634	3.336102	0.7217803	0.5693048	0.6790549
17190	-183.2032	-244.8902	61.68698	3.170415	0.5938683	0.5693048	0.8525373
17196	-187.9208	-248.6193	60.69846	3.131522	0.6689797	1.699569	0.547933
17202	-184.8981	-245.4257	60.52757	2.555266	0.4072069	1.411303	1.837461
17208	-179.5654	-240.4869	60.92157	3.296268	0.4072069	1.37134	0.961881
17214	-176.1491	-239.2808	63.13163	2.580615	0.3251293	0.3258878	0.9258482
17220	-183.0154	-242.9828	59.96745	3.847952	0.7417048	1.584613	0.5426596
17226	-182.0003	-241.8882	59.88786	3.387096	0.6197298	2.847264	0.5729713
17232	-183.8283	-245.811	61.98277	3.387096	0.6197298	0.3039054	0.7749972
17238	-184.0466	-246.0189	61.97226	3.428541	0.6197298	0.3039054	0.7288057
17244	-176.7134	-238.9137	62.20026	2.751491	0.6686488	0.5245883	0.6585007
17250	-180.9882	-242.8072	61.81903	2.883196	1.070117	0.1041151	1.476368
17256	-177.2211	-238.6174	61.39626	2.883196	1.070117	0.1041151	1.781761
17262	-169.0536	-230.9125	61.85891	3.090411	0.5115514	0.6429908	0.7582565
17268	-170.3343	-232.3045	61.97015	2.42639	0.7053235	0.6429908	1.063798
17274	-178.3602	-240.0706	61.71032	3.03485	0.3403625	0.6429908	1.282195
17280	-179.1039	-237.2577	58.15379	2.822524	0.4884345	0.3905867	3.772275
17286	-173.2238	-235.2114	61.98764	2.848191	0.7157892	0.4337079	0.9421583
17292	-191.9632	-252.3823	60.4191	4.088321	0.4515956	1.201474	0.6525691
17298	-177.7537	-236.7387	58.98509	4.430648	0.3717601	1.201474	1.774026
17304	-172.0839	-234.8017	62.71777	2.149995	0.3985615	0.2189167	1.713286
17310	-181.5038	-239.694	58.19023	4.946045	0.5598109	3.419309	0.4733825
17316	-188.8321	-248.2221	59.38999	4.608338	0.5598109	1.641414	0.6363018
17322	-188.3456	-244.2881	55.94251	5.29994	0.5598109	8.495351	1.26515
17328	-177.5189	-238.5599	61.04102	2.954235	0.5598109	1.486741	0.8191269
17334	-181.5036	-243.6204	62.11678	3.32836	0.5598109	0.2225708	1.024154
17340	-184.7641	-245.8534	61.08928	2.891504	0.3104952	1.147227	1.496065
17346	-189.2356	-250.9828	61.74716	3.097478	0.6514156	0.2984884	1.267949
17352	-185.9704	-243.5674	57.59693	4.225666	0.5013709	6.361945	1.219972
17358	-186.1685	-244.0557	57.88721	4.220467	0.5099305	6.974461	0.7772426
17364	-188.8949	-247.7991	58.90421	3.233161	0.7821864	3.278313	1.38819
17370	-183.8137	-243.3321	59.51846	2.954788	0.7772922	3.278313	1.112506
17376	-184.987	-244.8061	59.81909	2.95955	0.4893015	3.278313	1.201909
17382	-181.5651	-242.5378	60.97265	2.567935	0.4021857	1.846009	1.283764
17388	-181.1512	-239.9127	58.76147	3.504328	0.5609342	5.385508	0.9419309
17394	-183.5159	-241.0192	57.50327	4.308457	0.7753244	5.385508	1.102812
17400	-188.1351	-246.2376	58.10254	4.331014	0.7753244	3.41375	1.102812
17406	-189.0071	-245.6107	56.60355	5.133541	0.4756728	4.133424	1.775743
17412	-179.1365	-239.6939	60.55739	2.294157	0.4756728	2.411701	1.471293
17418	-174.4896	-236.7038	62.2142	2.571699	0.3243983	0.1374665	2.051746
17424	-183.0291	-246.454	63.42495	2.888251	0.490298	0.03062547	1.01409
17430	-185.7451	-248.3095	62.56435	3.907881	0.4189404	0.01765274	1.01409
17436	-192.105	-254.8552	62.75017	4.236148	0.3230952	0.01765274	0.4705815
17442	-191.5039	-254.2206	62.71663	1.936471	0.4911212	0.3678295	1.489864
17448	-190.5084	-251.0366	60.52822	2.887676	0.5864131	0.3678295	2.236771
17454	-181.3525	-243.9656	62.61306	2.893629	0.5864131	0.05703388	1.459827
17460	-178.6305	-238.2126	59.58215	2.13744	0.5864131	0.1308133	3.650749
17466	-179.3261	-238.6441	59.31796	2.685785	0.4264076	1.789004	2.349648
17472	-179.3076	-236.4616	57.15398	3.498356	0.626717	6.37649	1.939906
17478	-178.5096	-236.2339	57.72429	4.144375	0.922494	5.852626	0.3333573
17484	-174.3214	-235.0364	60.71495	3.104247	0.4610953	2.200102	0.6370419
17490	-176.8546	-237.9977	61.14311	2.280139	0.8951813	0.8579591	1.464431
17496	-171.8281	-232.8072	60.97914	2.280139	0.8951813	0.8579591	1.586422
17502	-174.7094	-235.9889	61.27957	3.000523	0.4112197	1.201005	1.033124
17508	-175.9704	-236.1649	60.19446	4.168287	0.6370751	0.92967	0.2718801
17514	-173.4691	-233.3292	59.86015	4.646643	0.3765954	0.92967	0.164457
17520	-171.2084	-232.4265	61.21805	3.831115	0.2743723	0.92967	0.2895856
17526	-169.5195	-230.9943	61.47484	3.932302	0.3876528	0.4321223	0.2479239
17532	-170.7361	-233.6224	62.88623	3.466317	0.3876528	0.1354157	0.5172708
17538	-169.5276	-231.786	62.25843	3.834772	0.256495	0.3338962	0.5172708
17544	-175.4946	-235.0439	59.54929	4.927204	0.474998	1.233558	0.4749471
17550	-177.0454	-232.1204	55.07499	4.07801	0.6446946	12.86713	2.194212
17556	-171.6854	-227.4512	55.76571	4.17888	0.6112819	11.3161	1.837406
17562	-176.8517	-233.822	56.97028	4.308738	0.4889621	11.3161	0.9180433
17568	-182.1068	-235.8596	53.75281	4.146614	0.6250774	11.3161	3.113943
17574	-176.2889	-231.9153	55.62648	4.000504	0.4009528	11.3161	2.277331
17580	-178.7335	-236.9078	58.17424	3.596608	0.4006769	2.494869	2.277331
17586	-178.5052	-238.689	60.18381	3.658918	0.613616	1.382695	0.9898195
17592	-178.8096	-238.9532	60.14365	3.608369	0.613616	1.382695	1.077706
17598	-176.9386	-238.0785	61.13981	1.739309	1.419115	0.6221334	1.7309
17604	-170.7949	-230.6178	59.82292	2.493009	0.7616509	1.802451	1.809342
17610	-171.4501	-233.4686	62.01846	2.143445	0.7616509	0.4939943	1.393623
17616	-168.5992	-230.0035	61.40432	2.535475	0.2800432	0.4150666	2.208287
17622	-163.4674	-225.3575	61.89012	3.377778	0.5573856	0.2453703	1.134959
17628	-165.4794	-226.9239	61.44451	3.435713	0.5573856	0.6726506	0.6873875
17634	-179.5414	-240.7104	61.16892	3.423139	0.4198262	0.8992994	0.9976096
17640	-173.0914	-234.3814	61.28997	2.732963	0.5649643	0.1825058	2.165142
17646	-182.9379	-239.3771	56.43924	4.12391	0.5649643	5.976072	2.121578
17652	-184.3197	-240.4822	56.16245	4.1208	0.8747367	5.50198	2.121578
17658	-180.3309	-239.9451	59.61421	2.988055	0.2666052	2.149119	2.044751
17664	-178.2305	-236.8397	58.60917	3.783794	0.2666052	2.149119	2.181849
17670	-174.0078	-236.5264	62.51867	3.002268	0.3551091	0.3011888	1.106321
17676	-186.7821	-249.2813	62.49919	2.550329	0.214257	0.3604261	1.647589
17682	-181.723	-242.0128	60.28976	3.087559	1.159177	0.3604261	1.842394
17688	-191.5738	-248.6202	57.0464	2.729852	1.480513	1.800489	2.994371
17694	-192.0094	-249.6387	57.62927	2.881611	0.6338651	3.286839	2.61165
17700	-194.2894	-252.978	58.68858	6.060796	0.621706	0.2495905	1.470957
17706	-190.6612	-252.6611	61.99987	2.552271	0.2879675	0.69616	1.470957
17712	-197.2119	-256.3711	59.15924	3.241797	0.5093	1.624595	2.070538
17718	-197.8135	-256.7512	58.93763	3.158467	0.6467697	1.002834	2.462789
17724	-193.9561	-255.4425	61.48636	3.000977	0.551195	0.5245204	1.324835
17730	-192.5248	-253.2994	60.77457	3.466824	0.9933255	0.6528917	0.8709842
17736	-185.6027	-244.0428	58.44007	5.415393	0.6045876	1.435595	0.2218888
17742	-187.7891	-246.2493	58.46017	5.054385	0.9881197	1.390556	0.2609819
17748	-184.6277	-242.6917	58.06393	5.292281	0.9943856	1.390556	0.1974042
17754	-188.9698	-246.76	57.79025	5.565956	0.9943856	1.390556	0.1974042
17760	-187.5575	-245.4625	57.90498	6.24142	0.406945	1.027596	0.1239957
17766	-191.1454	-251.1293	59.98386	4.849323	0.3833884	0.8233867	0.2380269
17772	-187.3099	-249.5147	62.20477	3.127454	0.3833884	0.6025963	0.4562321
17778	-179.6721	-241.6498	61.97766	3.243984	0.4939642	0.5394781	0.5703219
17784	-186.7154	-243.5768	56.86137	2.867303	0.4939642	3.560682	3.150875
17790	-188.4145	-245.6774	57.26295	4.37031	0.6337545	2.087667	2.259749
17796	-189.5517	-249.8913	60.33957	5.004946	0.4555311	0.4174875	0.8393128
17802	-181.8786	-243.0468	61.1682	4.078846	0.6110314	0.3595141	0.2895042
17808	-174.8673	-237.9416	63.07435	2.964674	0.3259624	0.03984229	1.474412
17814	-177.601	-238.6362	61.03521	3.279148	0.5980422	0.03984229	2.322517
17820	-174.2851	-235.623	61.33793	2.789201	0.4102559	0.03984229	2.634492
17826	-173.5506	-235.977	62.42645	2.060417	0.6039129	0.03984229	2.206342
17832	-175.2155	-237.5694	62.35394	2.849414	0.6039129	0.03469611	1.742266
17838	-175.249	-238.0817	62.83266	3.476892	0.6828094	0.02670687	0.6828642
17844	-183.12	-243.3328	60.21274	5.734247	0.6708684	0.0187609	1.135021
17850	-175.6172	-236.7982	61.18103	4.712161	0.606176	0.0187609	1.258582
17856	-181.2851	-239.7373	58.4522	3.934499	0.3665273	0.5136111	2.946897
17862	-178.1952	-239.5973	61.40209	3.012204	0.351788	0.5136111	1.661999
17868	-180.5032	-240.4992	59.99603	4.278691	0.4245865	0.5112692	1.661999
17874	-187.3125	-245.7158	58.40325	3.695786	0.7816821	5.464777	0.7564346
17880	-186.647	-246.0764	59.42943	3.700969	0.6520703	2.963291	0.6912047
17886	-192.698	-253.6313	60.93328	3.700969	0.5239624	0.9121358	0.7091092
17892	-187.075	-247.283	60.20794	3.341651	0.606938	2.159973	0.746759
17898	-187.1539	-246.6089	59.45508	4.03886	0.7045606	2.159973	0.5907603
17904	-181.7794	-242.1934	60.41402	3.320887	0.396192	2.159973	0.9494315
17910	-177.7331	-237.2108	59.47766	3.597428	0.3717467	3.768518	0.9555287
17916	-185.2849	-244.1387	58.85386	4.333531	0.8571259	2.170219	0.8026257
17922	-179.9384	-241.8198	61.88133	3.309829	0.5789863	0.4807987	0.5258732
17928	-177.5034	-239.839	62.33557	2.800794	0.5789863	0.311191	1.078081
17934	-177.8518	-241.2429	63.39111	2.673232	0.3727705	0.1939601	0.7900739
17940	-180.6314	-243.656	63.02464	3.131702	0.3727705	0.1894287	0.3652777
17946	-183.0385	-244.495	61.45651	2.477679	0.4187031	0.1894287	2.365865
17952	-179.7769	-240.6172	60.84028	4.474992	0.7959809	0.05937261	1.385302
17958	-179.001	-239.897	60.89601	4.501556	0.8399549	0.05937261	1.278517
17964	-174.543	-236.7341	62.19111	2.948741	0.6974306	0.3602172	0.7768231
17970	-177.6316	-238.2905	60.65887	1.815643	0.4055005	0.3602172	3.016072
17976	-173.8309	-237.2591	63.42823	1.720751	0.3764816	0.08998695	1.862462
17982	-183.6528	-246.7754	63.1226	2.075792	0.3524036	0.08998695	1.862462
17988	-183.7715	-247.6767	63.90526	2.423595	0.3524036	0.08998695	0.9721677
17994	-192.6795	-255.0877	62.40819	3.343903	0.6518262	0.09990041	1.004431
18000	-191.0294	-251.9902	60.96086	4.053335	0.6518262	0.09695382	1.618082
18006	-194.1778	-256.658	62.4802	3.184479	0.6518262	0.1553501	0.8711586
18012	-180.6094	-242.1213	61.51189	3.008481	0.5645831	0.8616168	0.8563798
18018	-185.114	-244.5035	59.38957	2.078044	0.8190612	1.233683	2.586485
18024	-183.0515	-245.5866	62.53515	2.952432	0.4205972	0.4411526	0.6495329
18030	-180.4912	-242.2019	61.71065	3.199262	0.5383901	0.3734087	1.215895
18036	-176.9567	-239.5271	62.57039	2.846133	0.4488827	0.3734087	0.8699785
18042	-172.9291	-235.5939	62.66477	3.287876	0.2783388	0.3499887	0.3556844
18048	-173.006	-234.1144	61.10839	3.772545	0.681674	0.3499887	0.1712369
18054	-173.1917	-233.6367	60.44501	4.432572	0.3529566	0.6006646	0.1458882
18060	-182.7124	-243.8252	61.11272	4.285345	0.3529566	0.6006646	0.5401044
18066	-184.0747	-245.0157	60.94109	3.425814	0.3529566	1.514626	0.7868439
18072	-176.2713	-237.8032	61.53186	3.054274	0.3529566	0.8714359	1.155209
18078	-175.0775	-236.6082	61.53075	2.756714	0.6182365	0.8714359	1.010882
18084	-172.4256	-233.2695	60.84384	3.286882	0.6620437	0.9370734	1.035471
18090	-181.2037	-242.0593	60.85558	3.803349	0.5214445	0.9370734	0.6115784
18096	-187.3399	-245.9873	58.64747	4.723563	0.632242	2.607605	0.5565777
18102	-181.0527	-240.3752	59.32253	4.58915	0.632242	1.655937	0.5354653
18108	-178.9282	-240.0863	61.15818	3.613492	0.4041151	1.013322	0.6476356
18114	-183.9248	-246.6727	62.74787	3.883204	0.4041151	0.04879093	0.7117837
18120	-184.0905	-246.443	62.3525	3.173665	0.6779039	0.2377629	0.6556493
18126	-183.0434	-241.2309	58.18755	4.117035	0.4500974	1.704662	2.164172
18132	-188.1835	-248.0447	59.86121	2.837263	0.5026022	0.9452899	2.255338
18138	-190.3352	-249.0477	58.71248	2.578403	0.5026022	1.766915	2.719997
18144	-187.9336	-249.5003	61.56673	2.494899	0.5026022	0.437828	1.804705
18150	-193.7021	-253.6746	59.97251	2.48701	0.5026022	0.06474216	3.461427
18156	-189.2627	-251.7384	62.47565	2.48701	0.5500287	0.06474216	1.862006
18162	-184.3625	-245.0745	60.71196	3.921278	0.5711078	0.1420599	1.842829
18168	-184.0371	-241.9875	57.95041	2.826848	0.5711078	1.794267	2.955636
18174	-179.8054	-237.3698	57.56441	2.772315	0.4553909	3.01574	2.955636
18180	-181.5577	-241.7797	60.22203	2.545564	0.4553909	1.542831	1.925441
18186	-186.1485	-248.1217	61.97321	2.276147	0.3103075	0.3567477	2.034517
18192	-193.8514	-255.4628	61.61134	2.014165	0.3194609	0.07815604	2.939567
18198	-192.2527	-254.6697	62.41694	2.5893	0.2500154	0.1646193	1.96079
18204	-182.7949	-245.3474	62.55254	3.537381	0.2300873	0.1646193	1.20025
18210	-186.8488	-246.5458	59.69705	3.57392	0.5330556	0.3529568	2.400747
18216	-187.824	-245.9765	58.15257	4.791238	0.7939045	0.9847656	1.796271
18222	-185.7529	-247.9791	62.2262	1.948142	0.7939045	0.309398	1.623251
18228	-184.2271	-245.0845	60.85739	2.728337	1.765681	0.06143241	2.017703
18234	-183.881	-243.7999	59.91888	2.944821	1.042869	0.06143241	2.831513
18240	-182.4337	-240.5675	58.13382	2.54592	1.042869	1.421316	2.831513
18246	-179.1571	-237.4341	58.27699	2.696524	1.042869	1.421316	2.651848
18252	-181.1388	-240.1498	59.01099	2.5555	1.042869	0.7923807	2.651848
18258	-178.1603	-236.5248	58.36446	4.899408	0.386561	0.2570219	2.703671
18264	-172.7601	-235.0855	62.3254	3.656069	0.386561	0.2570219	0.4691909
18270	-172.0731	-234.9097	62.83659	2.32818	0.4482746	0.2570219	1.347034
18276	-171.8919	-232.2214	60.32953	2.270494	0.4482746	1.036292	2.319231
18282	-169.3126	-229.6852	60.37256	2.513121	0.4482746	1.473396	1.888377
18288	-171.1614	-231.8164	60.65509	3.106058	0.6748665	1.355858	1.0079
18294	-176.6162	-238.7384	62.12221	2.764493	0.6691827	0.2215979	1.373041
18300	-182.6914	-242.7668	60.07536	2.848495	0.7516577	1.804067	1.373041
18306	-184.8353	-245.1511	60.31579	3.173096	0.5891897	1.804067	1.079744
18312	-192.4993	-252.7413	60.24205	4.374125	0.5579248	0.9138902	0.384181
18318	-193.5874	-255.6936	62.10622	4.079079	0.5579248	0.101101	0.5696741
18324	-183.4796	-246.1176	62.63802	3.417143	0.6428392	0.101101	0.593317
18330	-183.1983	-244.6976	61.49937	3.11191	0.6558061	0.679505	0.8557447
18336	-187.0199	-246.4263	59.40637	3.798125	0.6558061	1.932337	1.179019
18342	-186.2592	-245.2848	59.02567	3.334482	0.6558061	1.421641	2.050811
18348	-189.0973	-250.7706	61.67324	2.323414	0.6558061	0.5573484	1.545772
18354	-195.6377	-257.8765	62.23885	2.445163	0.6558061	0.5573484	0.9681443
18360	-189.0705	-249.7831	60.7126	2.506799	0.4656019	0.9212855	1.971567
18366	-188.0742	-244.8101	56.73592	2.275345	0.7804581	3.245868	3.407753
18372	-182.6125	-239.3973	56.78476	2.963903	0.526619	8.801415	2.312199
18378	-183.7489	-242.4158	58.6669	3.555492	0.2825404	8.801415	0.7487427
18384	-180.9535	-240.2347	59.28112	3.703697	0.7854813	1.183556	1.642273
18390	-177.695	-238.9455	61.25044	3.387947	0.7854813	0.6590415	0.5703329
18396	-180.0898	-242.0519	61.96217	3.267536	0.3719757	0.6590415	0.6756837
18402	-186.8254	-246.9459	60.12046	3.661735	0.6373687	1.724068	0.7260955
18408	-189.8285	-249.7102	59.88172	2.989575	1.122023	1.724068	1.133173
18414	-185.9597	-246.0529	60.09321	2.85342	0.6087763	1.724068	1.54006
18420	-189.3289	-251.0458	61.71693	2.665615	0.6087763	0.3782049	1.54006
18426	-185.9964	-246.2978	60.30145	1.74713	0.6087763	0.3782049	3.048449
18432	-188.5622	-249.0561	60.49391	2.828974	0.382471	0.5374771	2.325217
18438	-183.2404	-242.9072	59.66673	4.685705	0.6830266	0.5374771	1.264635
18444	-186.7655	-248.3569	61.59147	3.116727	0.4236663	0.5374771	1.30377
18450	-183.2817	-245.7438	62.4621	2.379687	0.4236663	0.5374771	1.192281
18456	-186.4822	-247.8546	61.37237	4.594465	0.2976786	0.2135661	1.01828
18462	-186.7377	-247.3896	60.65188	3.948331	0.5291869	0.6639292	1.082172
18468	-184.9219	-246.8498	61.92796	4.428136	0.4196334	0.1062695	0.3585481
18474	-187.728	-248.9471	61.2191	3.860524	0.5611599	0.5334336	0.3537835
18480	-187.1575	-247.2409	60.08348	4.388718	0.5579102	0.9812098	0.303867
18486	-188.5521	-247.3898	58.83772	4.908582	0.5739034	1.99469	0.3739287
18492	-185.6452	-243.1871	57.54188	5.324406	0.4162588	4.619623	0.7713082
18498	-188.3433	-246.5962	58.253	4.144192	0.7270529	4.619623	0.7637308
18504	-184.4529	-242.6162	58.1633	3.914951	0.7615783	4.619623	1.070596
18510	-189.6242	-246.1066	56.48244	3.488657	0.3732454	4.619623	2.927686
18516	-193.7247	-247.2588	53.53408	2.534796	0.5066006	4.619623	5.028283
18522	-182.8948	-243.9301	61.0353	2.162746	0.426693	0.5093657	2.379343
18528	-182.8894	-245.1238	62.23441	3.095107	0.8518872	0.123978	1.078678
18534	-194.9661	-256.2029	61.23675	3.157387	0.8518872	0.4222392	1.221901
18540	-190.7431	-252.7673	62.02416	3.651324	0.5293903	0.264536	0.6480742
18546	-195.2356	-257.9668	62.73112	3.781443	0.4526886	0.06891748	0.4989467
18552	-186.9219	-249.5057	62.58377	2.992597	0.4526886	0.3673466	0.6368784
18558	-189.3482	-245.93	56.58182	7.505728	0.707173	0.8520195	1.106728
18564	-191.4098	-252.1741	60.76427	4.352891	0.7235002	0.325462	0.8585244
18570	-192.4821	-252.3839	59.90178	3.689809	0.3042453	2.49347	1.108967
18576	-189.2799	-252.3875	63.10761	2.627705	0.4584886	0.3007699	0.5638039
18582	-191.0993	-253.8868	62.78751	2.291371	0.356827	0.1049412	1.893893
18588	-184.3763	-243.9055	59.52917	2.859295	0.6152209	2.148177	1.75064
18594	-186.6546	-244.4571	57.80251	3.004328	0.6008804	2.545561	2.65761
18600	-190.4962	-251.458	60.96177	3.941026	0.573947	0.669143	0.4222715
18606	-185.9526	-246.7072	60.75458	3.437655	0.5763805	1.317388	0.6822022
18612	-179.92	-241.5796	61.65956	2.765725	0.6152211	0.8710866	0.8682825
18618	-180.4349	-239.6175	59.18258	3.845647	0.7056654	2.847947	0.8127832
18624	-189.4452	-251.1187	61.67351	2.997867	0.4867485	0.6417619	1.108468
18630	-191.8067	-252.9044	61.09771	4.213351	0.4945498	0.4345371	0.7518276
18636	-191.2583	-251.1437	59.88538	3.500609	0.4352037	0.4345371	2.331988
18642	-189.2337	-246.9266	57.69284	5.051257	0.5056307	1.146438	2.09596
18648	-193.8805	-251.756	57.8755	2.734684	0.5862712	5.813322	2.09596
18654	-188.1772	-246.9698	58.79258	3.320544	0.4640419	5.786333	1.142187
18660	-188.8252	-247.9101	59.0849	3.3137	0.4640419	0.6856135	2.675158
18666	-183.3464	-243.1416	59.79521	2.471707	0.4640419	1.496612	2.266544
18672	-184.7213	-245.0959	60.37464	2.663872	0.5621344	1.496612	1.638835
18678	-191.9368	-252.6125	60.67568	2.805186	0.5621344	2.193983	0.8961739
18684	-177.5913	-238.8768	61.28546	3.059067	0.5621344	0.9507074	0.9501452
18690	-191.1163	-252.3229	61.20656	2.670029	0.7386235	1.162029	0.9727247
18696	-193.6505	-255.4259	61.77541	3.587402	0.3580414	0.3617732	1.124017
18702	-183.6187	-245.7456	62.12687	2.743941	0.757129	0.3433992	1.034394
18708	-181.6208	-241.1594	59.53862	4.880303	0.757129	0.3433992	1.418081
18714	-178.6342	-237.7771	59.14289	2.776131	0.3917538	3.224673	1.980277
18720	-182.0773	-241.3265	59.24913	2.722802	0.3917538	1.747112	2.428496
18726	-183.3676	-242.8323	59.46467	2.949037	0.4318124	0.6510363	2.72973
18732	-185.7835	-244.5301	58.74658	3.837664	0.6897016	0.3934579	2.63752
18738	-187.0747	-248.2444	61.16969	3.642358	0.5709515	0.5496735	0.9736401
18744	-183.1267	-239.6628	56.53616	2.405189	0.7485287	0.9912525	4.252659
18750	-184.9797	-246.6724	61.69267	1.903258	0.4061379	0.2924638	2.419418
18756	-189.5583	-251.3981	61.83982	2.47108	0.4061379	0.5546233	1.611537
18762	-192.2369	-254.0144	61.77756	2.881066	1.040506	0.2490367	1.150885
18768	-190.1264	-251.4038	61.27746	3.838643	0.5771722	0.3504314	1.017921
18774	-187.9589	-249.2484	61.28953	2.660917	0.5257317	0.3852502	1.923031
18780	-184.2011	-246.394	62.19292	2.583798	0.7487843	0.1194898	1.631593
18786	-174.9485	-234.5738	59.62528	2.642989	0.7487843	0.8667331	2.36056
18792	-177.8063	-238.2763	60.46993	2.409379	0.4128007	1.291447	2.031929
18798	-186.2556	-246.3437	60.08808	2.502823	0.2967593	2.030087	2.048498
18804	-176.8464	-238.0703	61.22387	2.970439	0.3090499	1.374563	1.174344
18810	-173.274	-233.9941	60.72007	2.970439	0.4811331	1.599695	1.174344
18816	-173.2296	-236.4542	63.22466	2.73556	0.190703	0.4907378	0.6071617
18822	-171.597	-233.7784	62.18137	3.38177	0.3287944	0.4907378	0.6956507
18828	-173.2123	-235.7486	62.53626	3.26501	0.3096316	0.3964299	0.6454918
18834	-181.8375	-243.5713	61.73386	4.63151	0.5127457	0.07843917	0.4860404
18840	-186.8416	-248.6205	61.77897	2.684253	0.5127457	0.07843917	2.189734
18846	-180.9077	-243.8335	62.92588	3.14353	0.5127457	0.1202684	0.7838711
18852	-185.059	-248.6377	63.57876	2.850225	0.3483798	0.1202684	0.6969661
18858	-185.7619	-247.8638	62.10188	3.675404	0.5795554	0.1910511	0.6969661
18864	-176.413	-239.4461	63.03311	2.734448	0.502858	0.09132909	1.226898
18870	-194.3392	-256.2113	61.87211	2.715124	0.6062126	0.5498357	1.137865
18876	-196.3032	-255.3046	59.00142	2.227104	0.6062126	0.9310908	3.07257
18882	-194.7598	-256.4014	61.6416	2.696462	0.6728058	0.1689533	1.882708
18888	-198.1716	-259.188	61.01639	2.44348	0.5273453	0.7979682	1.832518
18894	-193.1873	-250.8404	57.65309	3.278628	0.6760371	4.853189	1.968865
18900	-192.1643	-250.5361	58.37179	3.825646	0.6760371	4.853189	0.9945423
18906	-190.0977	-246.6738	56.57602	5.197039	0.630019	7.594731	0.8118867
18912	-189.0917	-245.9019	56.81018	4.352963	0.630019	7.594731	1.383266
18918	-185.7601	-244.9715	59.21137	3.341152	0.630019	1.643463	1.837315
18924	-186.8848	-248.2841	61.39924	3.010841	0.630019	0.09089229	2.072113
18930	-187.7964	-248.629	60.83266	4.210942	0.4345031	0.1691343	1.648114
18936	-185.547	-248.5349	62.98797	3.337562	0.2930409	0.1691343	0.7780814
18942	-185.7378	-246.5856	60.8478	2.749485	0.6634094	1.904545	0.7780814
18948	-183.8239	-244.3977	60.57386	3.085912	0.6634094	1.904545	0.6779948
18954	-181.2623	-241.2958	60.03356	4.181835	0.3853062	1.667221	0.3093452
18960	-191.9139	-252.4916	60.57766	4.181835	0.661308	0.6754493	0.398626
18966	-180.9729	-242.4124	61.4395	3.451305	0.2623624	0.6692312	1.282413
18972	-183.2123	-244.293	61.08075	2.519793	0.4487416	0.9034306	1.744098
18978	-185.2123	-246.5084	61.29617	2.748763	0.4487416	0.9034306	1.418627
18984	-189.9106	-249.9129	60.00232	3.200725	0.4487416	0.9034306	2.015044
18990	-182.4148	-243.7378	61.32299	2.471688	0.3912622	0.5450309	1.999218
18996	-179.5613	-241.8	62.2387	2.212276	0.3966028	0.1253518	2.202689
19002	-174.911	-238.8376	63.92659	2.264691	0.299608	0.09728145	1.180482
19008	-178.377	-241.5475	63.17053	3.210718	0.299608	0.09728145	1.005063
19014	-186.958	-249.9916	63.0336	2.993771	0.3229222	0.009530908	1.504925
19020	-183.2425	-246.7128	63.47031	3.565096	0.2725542	0.009530908	0.6009347
19026	-172.6749	-236.185	63.51001	3.420573	0.3136787	0.02230617	0.7177023
19032	-171.6623	-235.8081	64.14583	2.784754	0.3136787	0.02230617	0.7177023
19038	-168.709	-231.4647	62.75569	3.839828	0.4172205	0.05022336	0.7177023
19044	-174.2403	-236.4556	62.21529	3.520881	0.4172205	0.3371281	0.5015512
19050	-164.3078	-225.5423	61.23445	3.756919	0.5309575	0.4514653	0.1968554
19056	-163.1782	-225.4306	62.25238	3.040648	0.5309575	0.3111341	0.9982646
19062	-173.7579	-235.6095	61.85156	3.70582	0.5309575	0.3111341	0.3704719
19068	-174.0817	-235.1473	61.06563	2.265848	0.5300997	0.5219901	2.167433
19074	-177.0491	-238.7928	61.74366	1.973055	1.524438	0.06145078	2.040275
19080	-179.5724	-240.9056	61.33316	2.383553	1.524438	0.06145078	2.040275
19086	-172.9785	-233.0482	60.06973	3.466304	0.9270512	0.4472105	1.77344
19092	-179.2034	-241.3131	62.10975	3.024555	0.6419421	0.4472105	0.6233769
19098	-183.2243	-241.8921	58.6678	3.365409	0.7214293	2.355209	1.821139
19104	-168.5581	-231.4342	62.87614	3.365409	0.4489542	0.1318953	0.5738781
19110	-174.6547	-236.2404	61.58571	3.311796	0.6331871	0.4037065	1.047685
19116	-171.5977	-232.1109	60.51322	2.230907	0.6331871	0.8299946	2.179521
19122	-176.6074	-237.4134	60.80594	3.748316	0.923864	0.4271126	0.99557
19128	-182.5371	-244.9587	62.42163	2.98957	0.3780867	0.3847019	0.99557
19134	-194.3174	-252.6462	58.32884	3.213374	0.7944551	1.726798	2.326657
19140	-187.6403	-246.6481	59.0078	3.423939	0.4751617	1.358451	2.215973
19146	-190.413	-249.5293	59.11629	3.944256	0.4542718	1.358451	1.821811
19152	-187.5513	-248.0278	60.47656	3.761109	0.7930541	0.9870879	0.4099245
19158	-187.0807	-248.1031	61.02241	3.531127	0.7930541	0.7090777	0.4095186
19164	-177.1595	-238.6617	61.50222	3.124425	0.6720851	0.7090777	0.3099992
19170	-181.6791	-243.0429	61.36382	3.093619	0.6720851	0.9115908	0.6320058
19176	-191.6533	-251.5475	59.89415	3.289534	0.7214597	1.77007	1.209575
19182	-184.7573	-245.6577	60.90036	2.936116	0.9172314	0.4104671	1.615612
19188	-192.2379	-252.2134	59.97551	3.504691	0.4235233	1.078565	1.736772
19194	-188.2095	-245.7839	57.57438	4.315774	0.6481369	3.144349	1.736772
19200	-193.2151	-249.9969	56.78174	4.800774	0.4501449	4.973227	1.736772
19206	-196.5959	-253.3176	56.72171	4.583417	0.4501449	7.759426	1.467121
19212	-187.9175	-244.2765	56.35895	5.154013	0.5062292	6.450233	1.44552
19218	-191.226	-248.7322	57.50612	3.685992	0.5173792	7.901798	1.44552
19224	-180.8326	-237.9496	57.11705	4.338658	0.601088	3.885982	1.890677
19230	-183.5215	-242.3078	58.78629	3.957057	0.5320182	3.885982	0.9606507
19236	-188.9616	-248.636	59.6744	2.619396	0.5409067	2.038531	1.934434
19242	-176.3846	-238.3986	62.01396	2.652181	0.5070484	0.2468854	1.665427
19248	-179.1376	-241.7632	62.62558	1.892059	0.5768361	0.2621129	1.665427
19254	-173.885	-236.5234	62.63842	1.663109	0.7216928	0.2621129	1.677279
19260	-173.3036	-235.6798	62.37622	2.288793	0.2795348	0.6674321	1.429443
19266	-180.6738	-243.8093	63.13551	2.577659	0.4147742	0.0470185	1.55618
19272	-193.0909	-255.8387	62.74781	2.661928	0.6335747	0.03696963	1.55618
19278	-190.679	-251.1904	60.5114	3.640351	0.4607328	0.03696963	2.570962
19284	-182.7601	-245.9299	63.1698	2.512207	0.3506994	0.1601017	1.311802
19290	-188.3306	-250.8771	62.54657	3.079028	0.7983451	0.03156755	1.242117
19296	-188.6503	-250.6069	61.95669	3.829934	0.6740207	0.03110512	1.239708
19302	-190.9178	-251.6237	60.7059	4.201134	0.2685733	0.1707377	1.981943
19308	-183.9074	-246.9785	63.07117	2.790087	0.2685733	0.07313188	1.584634
19314	-185.8593	-246.4234	60.56415	3.240335	0.5755599	1.22836	1.193403
19320	-183.4553	-244.3797	60.92448	3.120829	0.5755599	1.065638	1.110389
19326	-174.5589	-235.5646	61.00571	3.872441	0.5207453	0.6820851	0.7631669
19332	-178.276	-240.421	62.14498	3.711879	0.47128	0.2400854	0.5918055
19338	-173.3767	-235.3446	61.96798	3.791137	0.47128	0.2835573	0.4671169
19344	-174.1096	-236.631	62.52137	3.687319	0.4931872	0.1056467	0.3355677
19350	-179.6878	-242.4191	62.73133	3.218502	0.6118155	0.07199401	0.9882157
19356	-188.8161	-250.3971	61.58095	4.411265	0.6756339	0.1088256	0.5303135
19362	-185.2615	-247.009	61.7475	3.445096	0.6756339	0.2873656	0.9423731
19368	-189.6217	-250.78	61.15836	3.744383	0.6756339	0.2873656	1.21389
19374	-188.1558	-248.5617	60.40583	3.93933	0.4204315	0.248743	1.987423
19380	-181.9452	-244.9903	63.04508	1.751737	0.3568134	0.248743	1.764766
19386	-169.0448	-231.4039	62.35909	1.785736	0.6329002	0.2218804	1.941743
19392	-171.4451	-233.2993	61.85419	2.65037	0.5224253	0.07663025	2.158216
19398	-169.4686	-231.6216	62.15299	3.139947	0.5224253	0.2328755	1.190505
19404	-179.4256	-240.5045	61.07893	3.094415	0.6245905	1.284793	0.6307864
19410	-195.0627	-256.1491	61.08641	3.137814	1.208497	0.5130727	0.8993401
19416	-183.3326	-244.4726	61.14008	2.669174	1.256894	0.7822622	0.8993401
19422	-173.3138	-232.9594	59.64563	2.004697	0.5239712	0.08868879	3.845413
19428	-170.6144	-232.2073	61.59298	2.924343	0.5239712	0.5021865	1.363892
19434	-181.5628	-241.6915	60.12864	3.41322	0.5891816	2.336044	0.6368336
19440	-173.021	-233.1024	60.08138	3.805963	0.5891816	1.776778	0.5685809
19446	-190.7403	-247.5284	56.78813	4.917029	0.5891816	5.380747	1.399782
19452	-175.0708	-234.6741	59.60331	3.296054	0.4082556	3.97326	0.9898107
19458	-183.0509	-240.6714	57.62052	4.388142	0.9751276	3.550482	1.235777
19464	-182.0614	-240.7723	58.71091	3.695745	0.5794382	3.550482	1.306161
19470	-183.2313	-241.7987	58.56737	2.733238	0.5794382	3.550482	2.095545
19476	-184.9282	-242.6121	57.68396	3.660443	0.6718657	3.550482	1.980023
19482	-177.5214	-236.4141	58.89279	3.605751	0.6016043	3.550482	1.202631
19488	-180.712	-240.9586	60.2466	3.619995	0.6016043	1.745743	0.635814
19494	-185.5509	-243.5985	58.04761	2.742454	0.9893716	3.434559	2.132429
19500	-175.0654	-235.4064	60.34096	3.267339	0.392135	2.222089	1.050129
19506	-171.4943	-231.0361	59.54177	2.991426	0.4473265	2.752615	1.62237
19512	-182.8098	-236.5433	53.7335	4.199668	0.4473265	16.69718	2.876029
19518	-184.7851	-240.043	55.25787	4.270282	0.9036736	16.69718	1.41053
19524	-187.1797	-246.2342	59.05457	3.099312	0.7147246	3.376596	1.41053
19530	-184.798	-242.1734	57.37543	2.032989	0.6566788	3.376596	3.236941
19536	-180.154	-241.5949	61.44087	3.748136	0.3911512	0.3934544	1.162768
19542	-181.5394	-235.7124	54.17306	3.871714	0.4513156	2.510471	4.42149
19548	-180.4194	-236.3335	55.91408	4.572264	0.4513156	13.88953	1.385402
19554	-187.2781	-244.4009	57.12279	3.543515	0.6360885	10.39728	1.385402
19560	-189.0823	-245.1139	56.03162	4.241125	0.5952875	8.045446	1.992062
19566	-186.5049	-246.0196	59.51475	3.722797	0.5085774	1.696521	1.450527
19572	-174.4714	-235.273	60.80153	3.171605	0.4269611	1.696521	0.9326939
19578	-184.905	-245.3648	60.45976	3.682203	0.6274489	1.141237	0.8636204
19584	-186.3741	-245.5968	59.22272	3.76974	0.6274489	2.288691	1.222405
19590	-189.7432	-249.54	59.79682	3.719299	0.288204	2.288691	1.295426
19596	-188.0974	-247.801	59.70353	4.186938	0.288204	2.789139	0.6094192
19602	-191.3058	-252.6921	61.38625	2.764862	0.3534927	1.442706	1.078549
19608	-191.4135	-252.1362	60.72263	3.681924	0.5815748	0.7004679	1.142772
19614	-189.7928	-250.2789	60.48614	3.966072	0.4605904	1.293123	0.4824986
19620	-189.8142	-251.7913	61.97716	2.896559	0.4687732	0.7885559	0.6950072
19626	-191.1741	-249.7951	58.62092	3.904858	0.8434512	2.104421	1.457893
19632	-191.352	-248.7049	57.35294	5.327916	0.5852206	3.427256	1.103762
19638	-185.148	-244.4417	59.29373	3.387121	0.5852206	3.427256	1.103762
19644	-178.9452	-240.1039	61.15875	2.264483	0.7291869	0.7819359	1.671819
19650	-185.0328	-246.3342	61.30139	2.354153	0.4374489	0.5662053	2.012312
19656	-188.2091	-248.1924	59.98329	3.17581	0.741589	0.2419072	2.452131
19662	-192.5105	-248.3579	55.84741	4.39851	0.7129773	9.771	1.693626
19668	-198.4839	-255.7793	57.29541	5.162392	0.7420955	4.601917	0.6318404
19674	-180.4078	-240.853	60.44517	2.999931	1.192705	1.39536	0.6669748
19680	-186.2639	-246.3273	60.06341	3.254564	1.192705	0.7611172	1.410272
19686	-177.7664	-238.1609	60.39448	3.561259	0.7947619	0.8273091	1.153008
19692	-178.0244	-238.59	60.56558	3.209303	0.9278148	1.069016	0.9414425
19698	-175.9647	-237.7	61.73523	2.791142	0.3748973	1.069016	0.9780531
19704	-177.192	-240.5048	63.31281	2.866878	0.4679703	0.1281268	0.6801823
19710	-180.7724	-243.3973	62.62492	2.866878	0.5186216	0.3273989	0.7426245
19716	-189.1698	-252.1148	62.945	2.793112	0.5186216	0.07328013	1.298231
19722	-183.2492	-245.9069	62.65775	2.335042	1.014827	0.0236855	1.574738
19728	-185.9335	-246.9621	61.02854	3.272751	1.014827	0.1344582	1.720508
19734	-182.4187	-246.3722	63.95353	1.843089	0.5632671	0.1344582	0.9492958
19740	-178.5411	-242.4363	63.89517	2.977029	0.2123565	0.1071223	0.4504083
19746	-192.2194	-255.3542	63.13478	3.238805	0.2123565	0.2617887	0.4341438
19752	-200.0727	-257.578	57.50526	6.430111	0.3724024	0.374771	2.129205
19758	-193.9552	-252.8901	58.93492	6.237961	0.3724024	0.4900589	1.052438
19764	-197.113	-260.3158	63.2028	2.540012	0.2123565	0.2565217	1.307515
19770	-196.7649	-260.2318	63.4669	2.656244	0.5059845	0.09394261	0.8675135
19776	-189.8664	-252.0315	62.16511	3.267686	0.5059845	0.3116958	0.8910912
19782	-186.0151	-245.6776	59.66244	2.151469	0.2373116	0.0881359	4.088308
19788	-186.4084	-249.9426	63.53425	1.517864	0.2059552	0.2281722	1.882093
19794	-174.8438	-236.7853	61.94154	2.885935	1.11573	0.1605144	1.170654
19800	-177.6282	-236.6165	58.9883	2.91132	1.356677	1.683315	1.749893
