Iteration	Posterior	Likelihood	Prior	rate_log_sd	rate_loss	rate_neo	tree_length
0	-183.8966	-245.2306	61.33404	2.80424	0.6832324	0.2365923	1.872273
6	-175.6308	-238.6998	63.06903	2.053236	0.3824835	0.2365923	1.516236
12	-179.5493	-242.3564	62.80704	2.146205	0.3188322	0.2365923	1.735291
18	-173.8601	-234.7532	60.89315	1.962739	0.4083054	0.2365923	2.958579
24	-178.2698	-234.9647	56.69489	2.378348	0.4083054	1.402116	4.265888
30	-173.9341	-233.8935	59.95937	3.068443	0.8069516	1.402116	1.458696
36	-176.7844	-235.9213	59.1369	1.837054	0.5872029	0.2875868	3.81225
42	-175.715	-235.2124	59.4974	2.457206	0.5872029	1.084728	2.554642
48	-176.2657	-234.7449	58.47918	3.245287	0.2636848	1.866691	2.711038
54	-179.8297	-241.5422	61.71247	2.345761	0.1916397	0.4239411	2.276269
60	-180.223	-242.0853	61.86228	2.265988	0.2824347	1.445079	1.237838
66	-172.1782	-233.0385	60.86023	3.198122	0.2824347	1.612449	1.194305
72	-167.695	-229.3655	61.67047	1.942607	0.3015584	0.5968991	2.192518
78	-181.2413	-242.203	60.96169	1.942607	0.5144064	1.184828	1.957408
84	-191.2121	-247.6682	56.45611	5.158528	0.5144064	2.382068	2.285176
90	-203.8229	-259.3253	55.50237	7.984059	0.3141309	0.9816424	1.950946
96	-197.0534	-255.7144	58.66095	6.200703	0.3141309	0.5227672	1.378418
102	-196.1589	-257.2404	61.08152	4.283151	0.4776965	0.1582209	1.378418
108	-190.8463	-253.3036	62.45732	3.346912	0.5124652	0.2177262	0.6945802
114	-190.0968	-252.9525	62.85567	2.795628	0.5182921	0.2718288	0.6945802
120	-189.1814	-253.0674	63.88605	2.678485	0.2994514	0.03710918	1.103377
126	-192.8277	-254.1988	61.37105	3.277686	0.3601665	0.08713173	2.224335
132	-179.8144	-242.552	62.73764	2.376884	0.2642166	0.3047958	1.591169
138	-182.3087	-245.1602	62.8515	2.617087	0.553783	0.03913324	1.591169
144	-180.0388	-238.0741	58.03524	4.75805	0.5027739	0.1873627	2.981479
150	-187.4544	-246.8047	59.3503	2.952241	0.7713136	0.181668	3.060147
156	-188.6367	-248.6406	60.00385	2.367878	0.8701424	0.1841756	2.945183
162	-203.8087	-265.2004	61.39171	3.587436	0.845375	0.06743965	1.566462
168	-205.3676	-266.5581	61.19047	3.865028	0.7634613	0.02677758	1.720538
174	-187.3571	-244.4909	57.1338	1.572345	0.4874639	1.284054	4.446678
180	-178.8853	-242.2264	63.3411	2.768104	0.4737226	0.1338349	0.745803
186	-184.6858	-246.5447	61.85884	2.768104	0.3721354	0.6861132	1.277066
192	-189.8977	-250.3501	60.45238	3.674646	0.6804758	0.6861132	1.277066
198	-185.3401	-248.4259	63.0858	2.313552	0.4338618	0.1364647	1.470604
204	-187.8639	-249.9404	62.07655	2.950515	0.8984125	0.1345801	1.263076
210	-178.4859	-239.648	61.1621	3.45236	0.8984125	0.5914109	0.4963872
216	-178.7674	-239.8209	61.05347	3.497635	0.2296102	1.592436	0.8572263
222	-179.818	-237.9248	58.10677	5.197715	0.6716965	2.487809	0.3290753
228	-191.5626	-247.4842	55.92155	6.413379	0.4080536	1.734983	2.181658
234	-185.3145	-244.4106	59.09612	2.986347	0.3886801	1.734983	2.367486
240	-180.6582	-240.832	60.1738	3.743649	0.3763901	1.734983	1.060788
246	-183.7583	-243.9742	60.2159	4.137893	0.7072824	0.9804758	0.4176932
252	-176.2844	-236.8054	60.52094	4.291908	0.7072824	0.4615819	0.2306932
258	-185.3853	-245.3429	59.95761	4.706806	0.7216908	0.4615819	0.1848182
264	-186.617	-243.7519	57.13495	7.658866	0.7216908	0.4615819	0.9257146
270	-189.1279	-247.5982	58.47027	6.51383	0.9343129	0.3112341	0.7554755
276	-184.5605	-242.9515	58.39096	7.645425	0.8723062	0.03799392	0.6740076
282	-182.0831	-242.7085	60.62545	5.086583	1.00579	0.01887547	0.9932396
288	-181.0977	-241.9818	60.88407	4.827455	0.4301416	0.2118597	1.005133
294	-178.4173	-237.0061	58.58887	2.356356	0.7049366	1.900495	2.699949
300	-176.2558	-233.0287	56.77284	2.80804	0.5697968	3.995323	3.075953
306	-172.5443	-234.8255	62.28121	2.041642	0.3538406	0.1587794	2.262961
312	-175.2294	-236.0214	60.79192	2.988039	0.7519762	0.5283318	1.645719
318	-176.5671	-238.4522	61.88506	3.041648	0.4170394	0.6848109	0.9208215
324	-178.7098	-239.5173	60.80747	3.276541	1.236351	0.6848109	0.7225597
330	-174.5657	-235.4855	60.91981	3.276541	1.084381	0.7303715	0.658662
336	-173.1945	-234.7979	61.60334	3.019991	0.3829449	0.8270973	1.112031
342	-177.1186	-239.9942	62.87564	2.62937	0.3740824	0.3541613	0.97151
348	-170.4623	-233.7395	63.27717	2.827996	0.2228488	0.2768134	0.8981846
354	-170.1165	-231.8406	61.72416	2.362754	0.7192272	0.9815148	0.9579718
360	-170.6724	-230.4585	59.78605	2.465617	0.6257431	0.9815148	2.396805
366	-175.7843	-236.1038	60.3195	2.992445	0.6678475	0.3074572	2.313415
372	-176.5258	-239.0863	62.56058	3.069612	1.044858	0.09580633	0.4728885
378	-177.7278	-240.7533	63.02545	2.868629	1.044858	0.03797783	0.5862575
384	-178.1658	-240.5978	62.43209	3.029365	0.7763683	0.1591115	0.9059264
390	-188.7477	-250.6411	61.89337	2.320627	0.7763683	0.0521559	2.196036
396	-185.7497	-248.438	62.68831	1.93889	0.6588311	0.04548766	2.045965
402	-178.7567	-241.5498	62.79315	2.656891	0.2957518	0.07380426	1.826828
408	-184.7921	-246.8422	62.05013	2.990936	0.2957518	0.06411522	2.131787
414	-183.8097	-246.022	62.21226	2.9069	0.365611	0.3245525	1.380595
420	-184.7219	-245.8249	61.10301	2.597855	0.3988914	0.5309788	2.066232
426	-178.5397	-240.4713	61.93163	1.733777	0.6251108	0.5309788	1.840495
432	-175.0621	-234.8285	59.76644	2.590387	1.126801	2.944374	1.007494
438	-179.8271	-239.5648	59.73775	3.130194	1.083937	2.448937	0.7156997
444	-187.2026	-247.1147	59.91209	3.423922	0.5403838	1.952716	1.200354
450	-187.8429	-248.5368	60.69391	2.406413	0.5403838	0.772839	2.080485
456	-177.5828	-235.9614	58.37864	2.38872	1.103281	0.4312431	3.412163
462	-177.4731	-236.8083	59.33512	2.943262	1.103281	0.4312431	2.50141
468	-174.7794	-233.976	59.19657	2.431931	1.103281	0.4312431	2.900335
474	-164.9286	-226.9117	61.98309	3.042929	0.4925722	0.556549	0.8633981
480	-165.358	-226.9011	61.5431	2.504539	0.480999	0.556549	1.701547
486	-170.6906	-233.2801	62.58948	3.024707	0.4916226	0.2992159	0.7202024
492	-180.724	-242.2202	61.49613	2.07488	0.2416807	0.8401972	2.113424
498	-180.848	-241.5014	60.65336	1.275753	0.364745	0.2328868	3.562915
504	-178.5298	-238.4536	59.92371	2.315038	0.4365591	1.004014	2.579489
510	-186.9908	-247.9193	60.92857	3.073377	0.5169641	1.556181	0.8320023
516	-184.499	-246.0844	61.58544	2.757193	0.5790202	0.7896241	1.101994
522	-183.7353	-244.471	60.73574	2.520793	0.2371506	1.687945	1.844699
528	-181.6801	-242.1322	60.4521	3.061761	0.4361851	1.687945	1.336698
534	-202.0446	-258.5552	56.51055	7.387499	0.5861494	0.8289709	1.424222
540	-189.8069	-249.661	59.85414	4.105882	0.5816586	1.687945	0.4497498
546	-182.9059	-243.2765	60.37064	4.046381	0.5816586	1.029532	0.7226348
552	-174.9935	-235.6398	60.64627	2.139232	0.7007938	0.8667951	2.06563
558	-172.7604	-234.2884	61.52793	2.678852	0.6669581	0.8667951	1.028908
564	-172.0357	-233.0196	60.98386	3.101325	0.6669581	0.7042765	1.306577
570	-180.8655	-243.0938	62.22825	2.619513	0.4069571	0.5175379	1.240825
576	-175.9792	-237.6523	61.67307	2.914518	0.6822816	0.4920849	1.126501
582	-177.7417	-237.2939	59.55219	2.346743	0.6822816	1.020692	2.54493
588	-176.567	-236.3932	59.8262	3.993694	0.3513499	2.33003	0.853233
594	-183.8025	-242.2452	58.44266	2.768477	0.4371079	2.33003	2.638437
600	-181.2603	-241.327	60.06676	2.738053	0.4480272	2.33003	1.573264
606	-181.9186	-243.4599	61.54126	3.412037	0.4350447	0.8211001	0.5376886
612	-175.0404	-238.0152	62.97484	3.705019	0.360883	0.05234361	0.3170039
618	-174.1995	-236.8941	62.69463	4.11045	0.360883	0.02516221	0.3170039
624	-182.2552	-244.5651	62.30993	4.536048	0.2553604	0.08440143	0.4252793
630	-174.6036	-237.2048	62.60124	4.430974	0.3003226	0.01435834	0.4853175
636	-176.7713	-239.3025	62.53125	3.164296	0.3003226	0.01435834	1.812475
642	-173.7435	-235.9309	62.18743	2.674385	0.5029848	0.01243232	2.100466
648	-171.7053	-234.6519	62.94661	2.752479	0.6175274	0.02910157	1.380284
654	-180.1187	-242.8898	62.77112	3.611216	0.5322542	0.06608175	0.5772055
660	-178.3454	-241.2358	62.89043	2.242965	0.5322542	0.3458944	1.076655
666	-177.0547	-239.7108	62.65611	2.565852	0.2961012	0.4347188	1.242128
672	-176.6963	-237.8906	61.19426	2.833959	0.9026412	0.9098507	0.8678563
678	-173.4388	-236.8391	63.40026	2.633468	0.5117407	0.1129907	0.8678563
684	-172.6317	-236.5525	63.92082	2.607649	0.2625585	0.1349809	0.7648336
690	-176.2739	-237.9676	61.69372	1.731567	0.2625585	0.1682541	2.929914
696	-182.4557	-242.1093	59.65364	2.23599	0.4368069	0.4295468	3.249105
702	-183.9061	-243.5455	59.6394	2.566986	0.3338676	1.123506	2.654799
708	-179.9514	-240.0431	60.09176	4.53817	0.7851874	0.1585568	1.602516
714	-177.0209	-238.8994	61.8785	2.532673	0.3701849	0.06148906	2.439356
720	-187.1704	-249.7757	62.60529	3.835515	0.3701849	0.05407754	0.9941505
726	-178.1029	-240.3749	62.27198	2.805553	0.3701849	0.136111	1.7923
732	-182.8718	-246.8059	63.93413	2.360045	0.3701849	0.06489544	1.083947
738	-186.236	-248.5412	62.30519	2.899184	0.9047312	0.06489544	1.354555
744	-187.7654	-250.7192	62.95373	2.857546	0.4407166	0.06489544	1.377957
750	-188.9119	-249.8282	60.91628	4.815062	0.4457166	0.1093525	1.275123
756	-196.877	-256.874	59.99701	5.271628	0.3653226	0.2702938	1.363607
762	-190.0392	-251.5058	61.46662	4.28638	0.4317848	0.3013402	0.6472197
768	-191.9934	-250.6205	58.62706	3.871609	0.5148801	3.344058	1.375283
774	-188.9623	-246.529	57.56673	6.102007	0.5559766	0.8772995	1.589196
780	-190.4997	-248.4209	57.92126	7.634875	0.5559766	0.3123331	0.5116579
786	-187.8924	-247.7934	59.90098	4.970904	0.6733431	0.2912177	1.234792
792	-196.1685	-256.5747	60.40621	4.091607	0.5800177	0.5728849	1.218392
798	-196.7216	-254.3139	57.59224	5.36183	0.5834498	2.073526	1.400288
804	-193.3498	-247.7137	54.36399	3.342178	0.9447864	1.199089	4.713027
810	-193.3846	-251.4996	58.11499	3.837802	0.9447864	0.337272	2.911294
816	-186.1165	-247.0269	60.9104	4.175841	0.5207159	0.0781703	1.764434
822	-193.8112	-254.4514	60.64022	5.076505	0.5207159	0.0781703	1.294238
828	-189.743	-250.7833	61.04035	3.549202	0.390674	0.6707177	1.294238
834	-189.7299	-251.3737	61.64377	2.166767	0.6757537	0.2909909	2.006991
840	-187.537	-247.9133	60.37633	4.070413	0.3525781	0.5135922	1.637556
846	-183.1488	-241.2066	58.05786	5.804045	0.5182035	0.7088856	1.637556
852	-191.0375	-251.5661	60.52864	3.604009	0.411687	1.203804	1.165445
858	-189.7976	-252.4194	62.62179	4.028321	0.4382402	0.0453895	0.5510695
864	-193.6265	-256.8133	63.18686	3.166624	0.4382402	0.03697442	1.035317
870	-181.0631	-244.1061	63.043	3.038171	0.6470898	0.04214644	0.9536695
876	-179.5911	-240.3306	60.73952	2.663764	0.4454241	0.9713427	1.835608
882	-179.4951	-239.8599	60.36473	3.566831	0.3825804	1.281566	1.325544
888	-184.6775	-246.4577	61.78026	3.722665	0.6501042	0.2659415	0.6272298
894	-179.657	-241.8055	62.14854	3.722665	0.503851	0.2160754	0.4257027
900	-185.8118	-247.624	61.81221	4.041408	0.4103714	0.2431883	0.7864375
906	-182.047	-243.047	60.99999	4.769361	0.6484884	0.1238426	0.8881083
912	-194.5537	-255.2199	60.66612	4.116542	0.6484884	0.6502393	0.6795888
918	-205.2918	-265.0378	59.746	5.944537	0.3094009	0.4479249	0.677295
924	-194.887	-256.3613	61.47425	4.479435	0.4379772	0.2128849	0.680137
930	-190.0047	-251.4495	61.44485	4.409277	0.4379772	0.2475614	0.6878943
936	-178.3011	-238.3457	60.04464	4.424443	0.2945096	1.727846	0.5132568
942	-172.69	-233.5857	60.89574	3.739679	0.4351955	1.105623	0.623823
948	-174.6758	-235.3625	60.68673	3.736649	0.4351955	1.262548	0.7583689
954	-178.2906	-239.0904	60.79972	3.73508	0.3467005	0.4843968	1.617839
960	-175.6288	-238.8524	63.22367	3.088101	0.3467005	0.1698438	0.5532104
966	-179.2636	-241.5587	62.29507	3.088101	0.553028	0.3957878	0.5386842
972	-178.4819	-240.6744	62.19252	3.190642	0.553028	0.3957878	0.5386842
978	-176.6411	-237.822	61.18089	3.098114	0.553028	0.154231	2.070481
984	-172.8686	-235.2109	62.34227	2.631633	0.7675697	0.154231	1.370305
990	-167.875	-229.514	61.63894	2.432986	0.6398013	0.154231	2.123178
996	-172.5933	-234.6852	62.09193	2.078143	0.7554446	0.154231	1.95811
1002	-172.5118	-234.1784	61.66666	2.199976	0.6095108	0.304541	2.009592
1008	-164.1872	-225.7214	61.53414	2.195386	0.6095108	0.3678106	2.009592
1014	-174.4842	-237.2791	62.79483	2.127992	0.6095108	0.1941169	1.471109
1020	-177.386	-236.1742	58.78824	3.458239	0.6095108	0.7525577	2.574496
1026	-188.4455	-248.6258	60.18036	2.372665	1.094011	0.8107118	1.976474
1032	-187.0765	-248.3319	61.25542	1.953491	1.094011	0.3166729	2.05916
1038	-186.614	-246.1806	59.5666	2.099363	0.7165985	0.1677882	3.502388
1044	-175.8037	-236.997	61.19332	1.737429	0.7165985	0.3838034	2.411524
1050	-176.8699	-239.323	62.45313	1.746577	0.7165985	0.2853498	1.713386
1056	-180.8175	-242.4332	61.61568	3.288701	0.8110429	0.3526246	0.9133058
1062	-184.2998	-246.5444	62.24467	4.716041	0.291334	0.03243523	0.6931411
1068	-181.9322	-242.4789	60.54665	5.219863	0.6400626	0.1552314	0.7608851
1074	-180.1153	-242.185	62.06976	2.110896	1.255109	0.04718736	1.918121
1080	-174.264	-236.8536	62.58955	2.711239	0.4710952	0.04718736	1.777864
1086	-178.343	-240.6118	62.26874	3.515424	0.4710952	0.1302195	1.121175
1092	-180.4165	-241.6084	61.19187	2.951289	0.4710952	0.2134759	2.124881
1098	-176.5403	-237.6542	61.1139	2.924897	0.5016311	0.0271686	2.624032
1104	-180.8474	-243.3051	62.45773	4.029255	0.3873152	0.101465	0.4808003
1110	-180.5424	-242.5636	62.02123	3.47549	0.8467097	0.0895743	1.060682
1116	-172.0088	-234.8356	62.82676	2.94948	0.8516993	0.0895743	0.7340836
1122	-178.6042	-240.1317	61.52759	2.494682	0.7400782	0.0895743	2.233637
1128	-177.8171	-239.9464	62.12931	2.589615	0.3231743	0.4561034	1.556333
1134	-192.8141	-253.3031	60.48899	3.096986	0.7131895	1.662033	0.9036693
1140	-194.6425	-256.4815	61.83904	3.631648	0.7995951	0.1163697	1.030087
1146	-187.1527	-248.3756	61.22298	4.77099	0.7995951	0.03629802	0.8663092
1152	-189.1389	-249.9414	60.80255	2.409482	0.5058756	0.08001295	2.969631
1158	-186.2318	-246.4507	60.2189	2.344048	0.5058756	0.5953462	2.607523
1164	-184.8157	-247.3982	62.58255	2.866059	0.5058756	0.09392037	1.4679
1170	-190.4706	-252.9589	62.48832	3.434308	0.6176323	0.1005731	0.8694731
1176	-188.8718	-251.2471	62.37529	2.675859	0.4706643	0.1005731	1.777693
1182	-202.5483	-262.2272	59.67894	3.937964	0.4706643	1.35838	1.396385
1188	-201.4238	-260.9706	59.54676	4.746072	0.7012594	0.4442903	1.417797
1194	-199.8682	-258.3123	58.44411	4.021445	0.7012594	1.814879	1.752771
1200	-201.4423	-257.9134	56.47113	5.865177	0.6575562	5.537925	0.5245192
1206	-207.2271	-264.272	57.04492	4.884669	0.4349737	5.537925	1.389157
1212	-206.7341	-263.083	56.34895	5.567851	0.765989	5.41785	1.005482
1218	-205.589	-262.6963	57.10721	5.308909	0.58982	5.41785	0.6721648
1224	-196.7739	-255.9416	59.16771	5.677588	0.58982	0.5126767	0.213435
1230	-188.8072	-248.7396	59.93248	5.103761	0.58982	0.5126767	0.3191837
1236	-197.503	-258.3697	60.86669	4.33164	0.5897529	0.466786	0.5341045
1242	-199.2755	-259.9659	60.69046	4.761212	0.4271507	0.466786	0.5944245
1248	-199.0253	-258.0958	59.07047	4.700313	0.7576924	1.201632	1.020152
1254	-185.5905	-247.3714	61.7809	2.370642	0.5584716	0.06202536	2.393212
1260	-191.2553	-253.374	62.1187	1.777308	0.5704486	0.3696825	1.934031
1266	-185.3338	-247.3947	62.06095	3.039798	0.3669702	0.08211648	1.932308
1272	-180.0589	-241.4054	61.34647	3.990312	0.7708039	0.2760715	0.4232993
1278	-183.1055	-243.8614	60.75588	4.927901	0.4124993	0.2760715	0.245757
1284	-183.4388	-241.7057	58.26682	3.892317	0.6398685	2.969005	1.605352
1290	-181.5367	-241.0097	59.47301	3.989253	0.6398685	2.326566	0.6629961
1296	-183.8018	-243.2934	59.4916	3.57464	0.3959927	2.44499	1.405088
1302	-186.3758	-246.8529	60.47702	2.55071	0.3959927	2.672546	1.349069
1308	-187.4655	-246.2717	58.80627	2.726197	0.6407373	2.053533	2.330429
1314	-183.7923	-241.487	57.69477	3.140198	0.4673434	4.38005	2.330429
1320	-187.5413	-244.8494	57.30811	4.291833	0.6459582	4.38005	1.632303
1326	-191.8906	-252.8015	60.91082	4.169285	0.7679897	0.2205767	0.1699175
1332	-199.5298	-260.9621	61.43226	3.924508	0.3690754	0.5066348	0.2701079
1338	-198.848	-257.1411	58.29308	4.721695	0.5558809	3.560273	0.7209869
1344	-193.367	-253.324	59.95691	3.395402	0.7724104	0.587702	1.863806
1350	-187.5569	-249.5417	61.98473	2.309961	0.4217297	0.587702	1.565591
1356	-195.0929	-255.4772	60.38426	3.227583	0.4217297	1.277641	1.516822
1362	-187.6092	-248.7214	61.11219	4.08271	0.6947863	0.1244925	1.353849
1368	-179.6037	-240.2087	60.60502	4.795609	0.4204779	0.1244925	1.522002
1374	-182.9857	-242.2547	59.26899	6.506366	0.4323235	0.2891627	0.6585869
1380	-184.2374	-240.5551	56.31768	6.424394	0.5291681	1.528681	1.865868
1386	-186.1599	-243.8101	57.65027	5.27376	0.514275	1.528681	1.756695
1392	-186.5142	-246.2363	59.72205	3.171297	0.337882	1.859426	1.85175
1398	-181.8133	-240.7688	58.95545	2.751491	0.337882	1.859426	2.618111
1404	-182.2683	-240.6879	58.41965	2.927697	0.337882	1.859426	2.838283
1410	-185.6017	-245.0524	59.45072	4.268277	0.4576218	1.859426	1.028755
1416	-171.4954	-231.3963	59.90095	3.911564	0.4074631	1.847214	1.034381
1422	-173.2898	-232.7793	59.48949	3.911564	0.7699219	2.202816	0.5339563
1428	-170.3336	-229.8938	59.56014	4.509369	0.4074115	1.966786	0.4262352
1434	-161.2198	-223.0243	61.80442	3.136773	0.4779343	0.7692344	0.5196101
1440	-165.0306	-225.3255	60.29495	4.166363	0.8141485	0.7692344	0.4300398
1446	-165.9219	-227.2343	61.31241	4.692934	0.3009102	0.2313963	0.2331585
1452	-168.8088	-228.6607	59.85186	5.015531	0.3009102	0.8814935	0.2071535
1458	-170.786	-229.9709	59.18493	5.153397	0.5691962	0.8814935	0.1962575
1464	-177.0431	-237.6023	60.5592	4.543232	1.013681	0.2267495	0.3001317
1470	-177.4407	-238.3028	60.86207	4.008628	0.6545844	0.6094049	0.4229395
1476	-179.608	-237.1066	57.49859	5.305132	0.6545844	3.765643	0.7110155
1482	-177.7504	-234.5902	56.83982	4.563576	0.8222371	5.974123	1.278999
1488	-180.0905	-237.8195	57.72907	4.16118	0.4734696	5.974123	1.278999
1494	-179.9404	-237.8297	57.88935	4.8087	0.6818501	3.430348	0.9540645
1500	-169.882	-229.7028	59.82079	3.845593	0.6818501	1.7882	0.7474317
1506	-166.9763	-227.4579	60.48157	3.184424	0.6818501	1.788811	0.7474317
1512	-168.2531	-227.7418	59.48871	3.711022	0.9064222	1.788811	0.9845526
1518	-163.8074	-223.8643	60.05685	3.239599	0.8727946	1.129425	1.369788
1524	-173.9192	-233.9621	60.04294	2.448102	0.6429892	0.4253335	2.696423
1530	-171.0355	-233.2468	62.21127	2.486626	0.6429892	0.4093039	1.205487
1536	-177.4359	-235.9774	58.54144	2.749876	0.4322827	0.4093039	3.626176
1542	-178.2554	-237.7763	59.5209	3.676895	0.3705655	2.935736	1.150661
1548	-181.9593	-240.9188	58.95954	3.769699	0.3156167	5.240769	0.9689793
1554	-192.8346	-249.618	56.78342	3.769699	0.5837906	8.703649	1.729454
1560	-191.7276	-249.0609	57.33335	3.464246	0.4115425	8.703649	1.759474
1566	-181.2209	-239.9481	58.72721	3.040547	0.4115425	3.996579	1.865432
1572	-177.1098	-238.1948	61.08498	2.647112	0.3955381	2.173564	0.9458359
1578	-177.6296	-236.1633	58.53373	2.87418	0.6552731	3.649546	1.928018
1584	-178.1087	-236.9774	58.86863	3.055199	0.6552731	3.649546	1.56611
1590	-186.9129	-244.3751	57.46222	2.653907	0.6552731	3.649546	2.751789
1596	-190.1459	-248.1666	58.02069	3.256664	0.5677726	7.027469	1.454819
1602	-181.852	-238.4511	56.59909	4.617097	0.5677726	2.171784	2.553941
1608	-185.192	-244.077	58.88505	2.966523	0.7271635	2.654051	1.840076
1614	-183.9234	-244.0197	60.09634	2.884666	0.7271635	2.654051	0.938969
1620	-178.0786	-238.7384	60.65983	2.686717	0.4455085	2.654051	0.9962756
1626	-176.7161	-238.3787	61.66269	3.048904	0.2143839	1.609485	0.6668884
1632	-173.404	-236.0585	62.65444	3.118928	0.3371014	0.3255926	0.8246588
1638	-185.0451	-247.3434	62.29829	2.743259	0.2976139	0.8365509	0.8619627
1644	-185.6632	-247.8299	62.16678	2.708119	0.4949017	0.3866669	1.281661
1650	-186.8396	-248.3024	61.46273	3.269049	0.4429699	0.3866669	1.464977
1656	-187.5976	-249.1234	61.52579	3.622791	0.5257887	0.5501465	0.5870078
1662	-185.4134	-246.6695	61.25605	3.861807	0.5452883	0.5501465	0.5870078
1668	-178.7298	-237.6707	58.94098	3.986593	0.4943198	2.303993	1.431599
1674	-178.4038	-238.527	60.12318	4.238463	0.4943198	1.199146	0.7770251
1680	-176.0917	-235.4562	59.36445	2.899311	0.562742	2.214781	1.865076
1686	-186.2991	-243.1408	56.84174	2.739609	0.5440825	6.261679	2.718597
1692	-182.6431	-241.7026	59.05949	2.739609	0.5440825	6.261679	1.201415
1698	-190.3596	-249.9511	59.59144	2.739609	0.5440825	4.295551	1.201415
1704	-178.1288	-237.9003	59.77152	2.783831	0.5440825	4.102255	1.056076
1710	-181.5559	-239.8093	58.25342	3.458825	0.3386973	4.102255	1.978377
1716	-178.1627	-238.4971	60.33433	3.558977	0.5813577	1.792051	0.4543161
1722	-176.9397	-237.5972	60.65747	2.864533	0.5813577	0.3167646	2.243648
1728	-175.1489	-234.2795	59.13055	5.054698	0.5813577	0.3167646	1.802586
1734	-175.0166	-232.4856	57.469	4.829904	0.5813577	3.869972	1.298456
1740	-177.2132	-234.8878	57.67461	5.246739	0.5813577	3.869972	0.6071787
1746	-184.1262	-241.1863	57.06015	5.689626	0.7204633	3.869972	0.5163698
1752	-173.4531	-233.7218	60.26877	4.481306	0.5311039	0.8583593	0.5163698
1758	-171.4698	-231.8011	60.33128	4.50223	0.2932406	1.232065	0.4357585
1764	-169.8889	-229.8325	59.94358	4.359386	0.5816998	1.232065	0.4470438
1770	-175.2234	-235.3475	60.12417	4.359386	0.4245021	1.232065	0.7360468
1776	-173.7124	-234.0765	60.36405	3.363358	1.03643	1.232065	0.656225
1782	-174.3316	-232.2013	57.8697	3.901684	1.021966	5.942589	0.6667896
1788	-182.9171	-241.0058	58.08871	4.475129	0.406441	5.942589	0.7178358
1794	-180.0856	-239.5737	59.48814	4.342974	0.3628453	2.420732	0.7438381
1800	-179.2992	-238.2193	58.92013	2.590755	0.3219318	4.432671	2.066398
1806	-175.9044	-235.0522	59.14775	2.619206	0.7428961	4.432671	1.400554
1812	-178.3727	-240.4747	62.10201	2.619206	0.401249	1.056266	0.357292
1818	-171.5143	-232.1199	60.60555	2.647088	0.4026201	1.056266	1.93489
1824	-178.7636	-239.4827	60.71908	2.983519	0.7303039	0.4883989	1.765777
1830	-180.2724	-239.5138	59.24136	3.617169	0.7303039	1.652709	1.519512
1836	-185.0591	-244.0084	58.94933	3.405054	0.6256741	2.006061	1.820223
1842	-162.4555	-224.8048	62.3493	3.052965	0.4041086	0.5201613	0.6051695
1848	-170.5442	-232.6167	62.07253	3.684593	0.4548347	0.2933069	0.4337483
1854	-171.1123	-234.3407	63.22833	2.861594	0.4548347	0.1727493	0.5695382
1860	-176.4263	-238.1833	61.75696	3.699073	0.414033	0.3886698	0.8627718
1866	-166.8263	-229.3842	62.55788	2.953787	0.5609975	0.3155986	0.6318787
1872	-174.578	-236.1836	61.60563	3.048324	1.141659	0.2274831	1.122265
1878	-176.6013	-238.4982	61.89688	3.865145	0.5321658	0.2274831	0.6627288
1884	-174.7138	-237.8732	63.15938	3.009172	0.5321658	0.1044255	0.355866
1890	-177.4857	-238.0553	60.56962	2.921414	0.4967591	1.112052	1.615235
1896	-185.0497	-246.8396	61.78995	4.028143	0.4455515	0.2449843	0.736892
1902	-189.8506	-250.7012	60.85065	4.106844	0.6580172	0.343126	1.074319
1908	-187.7992	-250.7471	62.94795	2.553384	0.6620101	0.2253268	0.7871991
1914	-184.0555	-243.2411	59.18562	3.966915	0.447305	0.4175383	2.48535
1920	-184.5526	-242.7057	58.1531	3.913978	0.7314928	1.226661	2.2795
1926	-175.2099	-237.2094	61.99949	3.677084	0.5491525	0.2645988	0.4539941
1932	-179.3233	-239.8817	60.55835	3.677084	0.2474249	0.4411668	2.037447
1938	-176.1448	-237.9734	61.82867	2.050915	0.4336693	0.2343791	2.300277
1944	-181.3502	-242.8246	61.47435	2.421615	0.4336693	0.2497626	2.263524
1950	-183.9497	-245.5639	61.6142	1.961396	0.7197866	0.3492864	2.038266
1956	-188.203	-250.7728	62.56981	2.408855	0.5745598	0.1828697	1.493926
1962	-193.967	-251.2601	57.29312	5.560847	0.9285241	0.4537516	2.220225
1968	-180.1587	-241.1778	61.01911	2.959842	0.8238529	0.6512411	1.291489
1974	-185.7848	-246.2522	60.46746	2.802775	0.3957353	1.64842	1.599637
1980	-182.5974	-240.5239	57.92647	4.168118	0.5899486	3.320141	1.599637
1986	-194.5067	-252.1779	57.67113	4.168118	0.6640744	3.320141	1.707764
1992	-194.2298	-253.7132	59.48337	3.237541	0.6640744	1.68719	1.665891
1998	-175.1362	-237.6417	62.50546	3.100073	0.667136	0.1447823	0.9545664
2004	-185.0553	-245.9636	60.9083	3.035548	0.667136	0.4344128	1.720569
2010	-185.434	-246.1797	60.74574	3.857056	0.6493856	0.5129699	1.121793
2016	-173.8662	-235.6608	61.79465	3.112769	0.6636493	0.5790826	0.4372199
2022	-179.0732	-242.298	63.22482	3.112649	0.5002432	0.06324867	0.7882201
2028	-175.6129	-239.0228	63.40982	2.48865	0.5002432	0.1732096	0.7882201
2034	-190.2223	-248.5816	58.35933	6.05534	0.4803373	0.992978	0.9691224
2040	-193.3406	-251.0482	57.70762	6.067111	0.624608	0.992978	1.339284
2046	-197.2978	-257.4792	60.18142	4.254446	0.624608	0.992978	0.6377383
2052	-192.5287	-252.7706	60.24191	3.921312	0.5508907	0.992978	1.101918
2058	-188.8338	-248.7753	59.94151	3.405381	0.597733	0.992978	1.688273
2064	-184.327	-245.2043	60.87729	3.006652	0.6985878	0.3176242	1.896044
2070	-183.7584	-245.4766	61.71826	2.999252	0.6985878	0.3730165	1.185518
2076	-187.1018	-246.8953	59.79349	3.387733	0.4890848	1.625677	1.552987
2082	-193.6051	-245.3276	51.72249	4.419928	0.3784823	93.27096	2.005753
2088	-193.7472	-245.876	52.12875	4.419928	0.5441483	62.59136	2.094158
2094	-200.6484	-259.9271	59.27866	3.778123	0.5311293	1.538542	1.63839
2100	-195.1505	-253.0162	57.86575	2.262343	0.5755152	3.247109	2.906631
2106	-190.4869	-248.418	57.93114	4.113864	0.5755152	3.206493	1.683149
2112	-197.3175	-251.4441	54.12664	5.102769	0.5316907	6.306515	2.937881
2118	-186.5498	-243.0283	56.47848	4.739767	0.5316907	6.306515	1.657177
2124	-192.2787	-253.3197	61.04103	3.345842	0.4659409	0.9541494	1.060032
2130	-185.0008	-246.9514	61.95057	3.809611	0.4659409	0.2719488	0.6525951
2136	-179.9357	-240.2891	60.3534	2.817473	0.4163772	0.1854757	2.848686
2142	-178.5062	-241.1217	62.6155	2.574747	0.3868026	0.5620599	0.8855649
2148	-179.0741	-241.0684	61.99429	2.589655	0.2544693	1.098846	1.15537
2154	-175.2578	-237.2861	62.02833	2.396952	0.6390704	0.6875624	1.063698
2160	-179.5664	-240.9036	61.33716	2.632942	0.6390704	1.019617	1.135821
2166	-182.4771	-244.2448	61.76773	2.741761	0.321611	0.8780167	1.271839
2172	-184.9942	-247.2244	62.23029	2.926929	0.6059848	0.2970744	1.051822
2178	-186.2575	-248.9869	62.72937	2.554692	0.4142943	0.1823586	1.467179
2184	-181.8474	-243.2329	61.38545	2.627298	0.4465174	0.8876631	1.459452
2190	-186.4045	-246.9906	60.58609	3.429372	0.6612663	0.7306529	1.341685
2196	-174.9824	-236.7054	61.72302	3.438116	0.3773339	0.7306529	0.5893629
2202	-176.2217	-236.0013	59.77962	3.771911	0.6930021	1.751312	0.9051466
2208	-182.4903	-242.2822	59.79181	3.450292	1.074827	1.583886	0.9051466
2214	-181.2295	-241.8934	60.66388	2.771936	0.6880132	2.047757	0.835688
2220	-175.9163	-237.0784	61.16206	2.64584	0.807407	1.115525	1.000671
2226	-174.7258	-235.1076	60.38181	3.482123	0.807407	1.115525	0.9429419
2232	-168.5052	-230.774	62.26878	2.852291	0.4081764	0.4985419	1.021092
2238	-179.1174	-240.5311	61.41374	3.24874	0.7060491	0.4985419	1.016987
2244	-179.2831	-240.0952	60.81215	3.513317	0.4678286	0.4985419	1.584508
2250	-183.8973	-243.8067	59.90938	3.413454	0.4678286	0.4264932	2.344711
2256	-181.4728	-242.7971	61.32434	4.104816	0.3417331	0.2245296	1.371015
2262	-180.669	-243.0479	62.37892	3.411758	0.9326921	0.07844973	0.6371766
2268	-168.4625	-231.1137	62.65112	2.460197	0.6733663	0.07844973	1.586347
2274	-173.3908	-235.0945	61.70369	2.524477	0.6733663	0.3791126	1.586347
2280	-182.5215	-243.2855	60.76392	4.986619	0.7892346	0.1324325	0.4395136
2286	-184.8343	-246.6673	61.83297	4.650679	0.4213838	0.06807674	0.3169287
2292	-187.4501	-248.2679	60.81781	5.308649	0.2950119	0.226016	0.2819723
2298	-181.3294	-241.5988	60.26933	5.265535	0.4241693	0.3677857	0.2904739
2304	-183.8714	-245.2813	61.4099	3.819178	0.3758936	0.6905079	0.5218423
2310	-183.7531	-244.7761	61.02296	3.778781	0.6912736	0.5471684	0.7946709
2316	-184.5216	-243.6356	59.11403	3.431028	0.5819151	1.758882	1.83735
2322	-191.2086	-249.1941	57.98553	2.834359	0.5819151	1.61535	2.991834
2328	-190.9903	-252.6169	61.62661	2.454778	0.2333997	0.3566978	2.268703
2334	-181.1268	-242.2847	61.15789	3.142544	0.3483119	0.8438275	1.422493
2340	-180.818	-242.511	61.69301	2.393188	0.8134753	0.2530733	1.766616
2346	-186.6975	-247.8813	61.18379	3.316076	0.7142531	0.07958094	1.971313
2352	-186.1086	-248.73	62.62135	2.923253	0.4852637	0.1268115	1.315104
2358	-182.4418	-242.6995	60.2577	3.165738	0.2268723	0.1460111	3.033561
2364	-192.3123	-253.9766	61.66429	2.175147	0.3845258	0.1828323	2.479907
2370	-194.9483	-257.9332	62.98484	2.809173	0.2993225	0.05520702	1.642918
2376	-175.9749	-239.8417	63.86677	2.677387	0.3094592	0.05288949	1.027052
2382	-176.3079	-239.1787	62.87081	3.171588	0.2838673	0.1817587	1.069195
2388	-181.574	-243.7048	62.13084	2.656707	0.4740235	0.4643844	1.264212
2394	-193.4173	-252.9722	59.55484	2.619367	1.089661	1.152647	1.999165
2400	-184.1137	-243.7929	59.67919	2.75274	0.3090118	2.330924	2.025674
2406	-181.7897	-242.0694	60.27966	3.228775	0.3090118	2.330924	1.243393
2412	-186.17	-245.0537	58.88369	3.228775	0.6889629	2.330924	1.80411
2418	-177.9493	-238.9017	60.95241	3.703288	0.4721358	1.009659	0.6392156
2424	-180.5947	-242.5026	61.90794	3.128143	0.2958211	1.009659	0.5510634
2430	-195.8026	-253.6524	57.8498	3.121927	0.2958211	4.88388	2.366553
2436	-192.3015	-250.9023	58.6008	3.446549	0.4086156	4.88388	1.472737
2442	-190.9538	-248.8137	57.85986	3.526681	0.4157446	7.211997	1.535648
2448	-179.7324	-239.6125	59.88009	3.210347	0.6741091	2.390756	1.028695
2454	-191.6867	-252.4054	60.71873	3.09649	0.4058576	2.390756	0.3770217
2460	-184.758	-245.6511	60.89311	3.198554	0.3960803	1.868465	0.334134
2466	-185.0491	-245.1606	60.11153	3.5986	0.2298839	3.337456	0.2925103
2472	-187.0981	-247.657	60.55894	3.151558	0.3916289	2.712722	0.5839204
2478	-182.2492	-242.4815	60.23236	3.151558	0.5928156	2.712722	0.513866
2484	-190.873	-252.095	61.22204	3.151558	0.490004	1.32671	0.4732642
2490	-188.2034	-249.1339	60.93054	2.933262	0.8035028	1.32671	0.7183283
2496	-191.9926	-250.0538	58.06121	2.154655	0.8035028	1.32671	3.305503
2502	-178.2141	-239.9224	61.70833	1.92652	0.569923	0.3447343	2.142011
2508	-183.2203	-242.4329	59.21258	1.791768	0.5370883	0.4530198	3.643226
2514	-187.6777	-244.8261	57.14835	2.746658	0.5121486	1.51333	3.643226
2520	-183.0644	-243.1272	60.0628	2.126893	0.5312188	0.3495618	3.069231
2526	-188.9873	-248.1184	59.13108	2.236657	0.413052	0.1852671	3.912347
2532	-183.3046	-243.146	59.84132	1.828417	0.4443492	0.2525789	3.594559
2538	-178.467	-239.5547	61.08763	2.273188	0.6702165	0.9054792	1.67099
2544	-186.2299	-246.6397	60.40972	4.61967	0.6830899	0.405198	0.829757
2550	-183.4069	-246.191	62.78412	3.050752	0.6702165	0.1506728	0.4387314
2556	-183.8195	-245.088	61.26845	2.7728	0.6800847	0.395044	1.691814
2562	-186.3344	-247.6022	61.26775	2.549812	0.3661908	0.6916772	1.876587
2568	-184.8671	-246.0399	61.17275	3.473693	0.6698111	0.7494605	0.3868336
2574	-187.9788	-248.8051	60.8263	3.76906	0.7770021	0.6828832	0.3868336
2580	-183.4082	-245.0392	61.63102	3.357692	0.5302704	0.6494672	0.6115437
2586	-181.0912	-242.7224	61.63123	2.967729	0.6308977	0.6494672	0.9535204
2592	-180.3086	-241.1707	60.86214	3.886597	0.606398	0.5243275	1.024625
2598	-181.8805	-243.8604	61.97988	3.033008	0.3906399	0.5243275	1.115194
2604	-173.1132	-235.0823	61.96904	2.404221	0.6901742	0.699374	1.032611
2610	-165.9609	-228.8497	62.88874	1.912108	0.4851091	0.1715079	1.751732
2616	-169.1474	-232.1062	62.95885	2.223584	0.4945096	0.1490643	1.520139
2622	-173.8129	-236.0454	62.23252	3.035039	0.7423721	0.325402	0.46599
2628	-177.0097	-239.2724	62.26266	3.669315	0.6166762	0.1427567	0.5857322
2634	-174.9656	-235.9511	60.98545	4.104462	0.6166762	0.5075202	0.4620024
2640	-170.9451	-232.7421	61.79695	4.102556	0.6166762	0.109077	0.8565159
2646	-177.8906	-238.5553	60.66468	4.312402	0.6166762	0.5818569	0.5038582
2652	-175.2128	-236.2049	60.99201	3.726194	0.6943765	0.6896764	0.5340851
2658	-178.7867	-239.4257	60.63907	3.740331	0.4744265	1.259208	0.7237513
2664	-189.3662	-249.7234	60.35713	4.12392	0.4696015	0.9076663	1.01024
2670	-183.2677	-244.2563	60.98862	2.900165	0.6995868	1.386923	0.8001331
2676	-183.0705	-243.4508	60.38024	4.077045	0.6995868	0.8877668	0.4080014
2682	-183.2984	-243.4278	60.12942	4.160061	0.6995868	0.8877668	0.2530422
2688	-188.3915	-250.2172	61.82576	3.773382	0.5039203	0.2110485	0.2060182
2694	-188.1417	-248.3986	60.25691	4.501737	0.4704711	0.574594	1.141989
2700	-186.788	-247.8611	61.07305	2.806413	0.379038	1.085365	1.505179
2706	-183.4469	-245.4425	61.99562	3.671028	0.3817638	0.2681599	0.9911692
2712	-177.8727	-241.2263	63.35362	2.117043	0.4520775	0.2945401	0.9911692
2718	-187.7826	-247.2893	59.50671	2.814109	0.8131194	0.5205788	2.567106
2724	-181.5358	-244.3419	62.80611	3.554404	0.4959633	0.07704866	0.6535625
2730	-183.234	-243.1141	59.88007	3.874415	0.4426545	0.1384519	2.558262
2736	-181.5734	-242.4416	60.86817	4.320672	0.3939638	0.1384519	1.674816
2742	-186.6825	-248.5105	61.82807	2.734012	0.2922719	0.5426638	1.617847
2748	-186.0899	-248.6536	62.56368	1.964164	0.2922719	0.5649092	1.617847
2754	-189.558	-248.5667	59.00875	3.50612	0.3939638	0.662789	2.70169
2760	-186.0168	-244.6876	58.6708	2.950137	0.7327747	0.662789	2.926521
2766	-189.1069	-247.3246	58.2177	3.906732	0.3476345	3.951584	1.717167
2772	-192.5586	-251.142	58.5834	4.046091	0.5107132	3.951584	1.083739
2778	-191.2364	-250.3101	59.07369	3.121047	0.5107132	3.828197	1.477246
2784	-188.232	-250.1787	61.94674	2.762177	0.7382203	0.1345518	1.648522
2790	-192.3303	-251.7713	59.44101	2.55887	0.4828024	1.239566	2.542997
2796	-197.0611	-257.2149	60.15382	2.400063	0.484258	2.21838	1.750133
2802	-182.4438	-242.8944	60.45064	3.25298	0.484258	1.309071	1.341001
2808	-185.7025	-246.2497	60.54714	1.773629	0.9852424	0.4949895	2.476817
2814	-176.267	-237.1217	60.85466	2.827474	0.5973627	0.6737725	1.712094
2820	-177.6771	-240.7246	63.04752	2.425245	0.5973627	0.1514361	1.152161
2826	-172.7045	-234.5193	61.81484	2.813677	0.5973627	0.4115076	1.313325
2832	-181.3342	-243.5539	62.2197	3.605877	0.5973627	0.1666198	0.7027839
2838	-182.882	-246.1789	63.29681	2.21473	0.5973627	0.1666198	1.069965
2844	-182.9417	-244.9682	62.02651	2.468044	1.045602	0.04356213	1.845293
2850	-173.9174	-236.8463	62.92881	2.195535	1.92993	0.02322541	0.8569402
2856	-191.4005	-252.087	60.68656	3.95754	1.51581	0.2160537	0.8569402
2862	-194.4805	-256.924	62.44347	3.23492	0.681976	0.1957028	0.4643414
2868	-196.3596	-256.101	59.74138	4.021493	0.5589864	1.43273	1.106598
2874	-194.7658	-254.6184	59.85253	4.656171	0.464282	1.145152	0.7028806
2880	-199.0256	-254.9566	55.93101	4.815525	0.567735	6.822315	1.866952
2886	-199.0393	-256.4279	57.38857	4.304578	0.6585707	6.822315	1.032305
2892	-203.3563	-260.238	56.88161	4.973198	0.698022	3.335404	1.660409
2898	-199.7789	-257.7977	58.01875	5.038431	0.5713837	3.335404	0.751325
2904	-202.8284	-262.9827	60.15429	4.348515	0.6286919	0.9513749	0.531914
2910	-196.0534	-256.2874	60.23408	3.835872	0.5956262	1.345881	0.7927329
2916	-189.7853	-250.1063	60.32102	3.748931	0.5956262	1.345881	0.7927329
2922	-193.7972	-253.1653	59.36809	4.632244	0.7075492	1.318799	0.6980133
2928	-195.3827	-254.2702	58.88751	3.382077	0.7075492	3.560139	1.270206
2934	-184.3085	-244.9457	60.63712	3.312532	0.4047925	0.286552	2.204335
2940	-186.5654	-246.1931	59.62769	4.76642	0.8085483	0.09380262	1.921861
2946	-187.2798	-243.7981	56.51827	7.685448	0.6820692	1.081105	0.7579607
2952	-185.9001	-247.1148	61.21474	2.761464	0.4942669	1.05336	1.289922
2958	-187.3451	-246.8687	59.52362	3.813271	0.4942669	1.897202	1.289922
2964	-199.3951	-260.383	60.98786	3.309443	1.025267	0.3114643	1.338331
2970	-189.4588	-251.7762	62.31743	2.967617	0.9187418	0.1623591	0.91056
2976	-189.5914	-249.711	60.11963	2.491889	0.9041224	0.8197414	2.057173
2982	-183.0438	-243.5549	60.51115	2.686462	0.6225276	0.2405477	2.529216
2988	-176.1977	-236.5437	60.34597	2.988103	0.6117293	1.261593	1.503539
2994	-179.8588	-240.5263	60.66749	4.867967	0.6117293	0.06951878	1.361655
3000	-184.4779	-244.751	60.27308	6.130558	0.3767614	0.06951878	0.940335
3006	-186.2038	-246.8153	60.61147	4.194657	0.3767614	0.2371732	1.751294
3012	-184.3297	-246.3292	61.9995	3.518862	0.4849245	0.3819255	0.4531856
3018	-184.6261	-245.8073	61.18121	3.156084	0.4832038	0.8363111	1.193267
3024	-188.6091	-250.0177	61.40862	3.513627	0.2596177	0.7321007	1.193267
3030	-193.7993	-252.7083	58.909	4.057972	0.57479	0.5414504	2.337607
3036	-184.3767	-247.2545	62.87783	2.629283	0.57479	0.2921631	0.7069418
3042	-185.789	-246.7506	60.96156	2.163286	0.5026241	0.4389952	2.418367
3048	-197.4067	-258.654	61.24728	2.730959	0.4127125	1.317899	1.214338
3054	-194.1184	-255.3372	61.21875	3.145649	0.500703	1.317899	0.4991506
3060	-176.0045	-237.1593	61.15483	3.153541	0.500703	1.317899	0.3507561
3066	-180.771	-242.2963	61.52532	2.512846	0.6332151	1.317899	0.793498
3072	-187.1748	-248.5639	61.38907	2.797178	0.6140686	1.319686	0.5376459
3078	-175.4766	-237.6973	62.22072	2.342776	0.4798972	0.8139297	1.014962
3084	-169.0418	-232.4288	63.38701	2.015269	0.4798972	0.1763801	1.29745
3090	-182.4077	-244.6621	62.25432	2.505472	1.22312	0.1121395	1.29745
3096	-180.6046	-241.3269	60.72223	2.344009	0.5524157	0.61278	2.227514
3102	-187.4443	-246.6332	59.18892	2.025266	0.5741129	0.61278	3.339515
3108	-183.9316	-244.2709	60.33925	3.74206	0.7553055	0.3928031	1.597067
3114	-184.3093	-244.9686	60.65928	4.567139	0.4321774	0.3853253	1.073147
3120	-176.8131	-239.6993	62.88619	3.137371	0.4804714	0.09470169	1.015903
3126	-189.6574	-252.071	62.41362	2.232223	0.4804714	0.4786624	1.350145
3132	-181.5013	-242.0759	60.57458	2.749225	1.109409	1.54026	0.8050173
3138	-183.754	-242.3107	58.55674	3.780133	0.6767868	2.350329	1.650429
3144	-178.6701	-237.2376	58.56756	3.769309	0.6767868	2.350329	1.650429
3150	-176.5056	-234.8579	58.35233	3.137913	1.090599	2.350329	1.919835
3156	-168.0167	-229.7967	61.78	3.240675	0.2818596	0.717758	1.071813
3162	-175.5139	-237.7402	62.22626	2.627263	0.3656532	0.7765179	0.9819866
3168	-192.0549	-252.931	60.87609	2.147065	0.3825621	0.511857	2.53956
3174	-192.9536	-253.323	60.36942	2.632707	0.7621854	0.6655304	2.033903
3180	-183.2735	-244.3082	61.03471	3.801174	0.4806255	0.7914119	0.3306855
3186	-188.3764	-249.2113	60.83493	4.288169	0.5547294	0.4432775	0.8527426
3192	-187.428	-247.8266	60.39867	4.721957	0.5657679	0.4432775	0.8350989
3198	-189.0318	-250.6251	61.59336	3.404206	0.6386055	0.5351589	0.6071463
3204	-181.8846	-243.1347	61.25005	4.214379	0.5621868	0.1328018	1.261434
3210	-185.0279	-246.996	61.96808	4.818496	0.3602011	0.04152836	0.3738485
3216	-189.6501	-251.9596	62.3095	3.45823	0.4397616	0.182175	1.020753
3222	-185.945	-247.7683	61.82331	3.365456	0.3095767	0.182175	1.695808
3228	-185.7891	-247.3423	61.55319	2.907449	0.7480776	0.1844534	1.695808
3234	-180.5356	-240.9368	60.40123	2.055456	0.6390102	0.4705312	2.671344
3240	-174.472	-236.7651	62.29316	3.104104	0.459685	0.2772222	1.089072
3246	-180.7198	-243.5215	62.80175	2.313946	0.4782763	0.3853017	1.100359
3252	-181.3895	-243.3505	61.96102	3.223417	0.6813561	0.3140495	0.8738385
3258	-169.9909	-231.9986	62.0077	2.310859	0.5016287	0.2613829	1.887503
3264	-183.8335	-245.3647	61.53129	3.205508	0.8839801	0.4088311	0.8827994
3270	-175.1205	-237.7984	62.67787	2.755619	0.8839801	0.1032543	1.024943
3276	-173.872	-235.8934	62.0214	2.334052	0.4490884	0.2443708	1.953275
3282	-170.9996	-233.2457	62.24607	2.089315	0.3912532	0.2956705	1.953275
3288	-181.4051	-241.673	60.2679	1.779238	0.9302662	0.2389237	3.005828
3294	-183.5453	-244.0484	60.50311	2.35259	0.9302662	0.1030838	2.790002
3300	-170.9777	-230.5627	59.585	2.709686	0.3174197	1.781619	2.308379
3306	-175.8441	-234.7346	58.8905	2.974875	0.6568409	1.839008	2.185021
3312	-177.7431	-236.8153	59.07227	3.930546	0.6311112	2.000984	1.340834
3318	-173.8096	-234.279	60.46933	3.631938	0.6009042	0.8187215	1.254132
3324	-179.6968	-241.7614	62.06452	2.220777	0.6582995	0.2009276	1.863823
3330	-175.8207	-237.8734	62.05265	2.622981	0.8758988	0.2785165	1.218937
3336	-167.8271	-231.0541	63.22698	2.37642	0.575409	0.1850185	0.9525419
3342	-165.0645	-227.5974	62.53289	1.934523	0.4795455	0.1075276	2.140241
3348	-172.2596	-236.1187	63.85903	2.015466	0.3245231	0.2432987	0.9669437
3354	-169.6006	-230.3754	60.77472	1.847166	0.2951853	0.2432987	3.229745
3360	-167.506	-229.1637	61.65772	1.76031	0.4414042	0.2432987	2.566886
3366	-178.7346	-240.0977	61.36304	2.020837	0.9982361	0.2432987	2.122758
3372	-174.0116	-233.99	59.97833	2.555974	0.4093937	0.09656474	3.428447
3378	-171.9347	-235.4242	63.4895	2.824431	0.4025118	0.08381499	0.9103679
3384	-170.7193	-233.1479	62.4286	3.219436	0.7917492	0.1011826	0.921428
3390	-172.0013	-235.3933	63.39203	2.587239	0.3505583	0.2108888	0.8898634
3396	-186.1429	-249.1658	63.02289	2.810377	0.8506351	0.08950315	0.6293956
3402	-184.3251	-246.6964	62.37128	3.305553	0.9677242	0.08950315	0.6924003
3408	-179.7186	-241.6716	61.95298	3.987358	0.3484201	0.2707394	0.7374181
3414	-178.8822	-239.8667	60.98454	3.987358	0.8098974	0.4177538	0.3889535
3420	-178.7573	-239.2017	60.4444	3.787041	0.8098974	0.9702656	0.4023988
3426	-182.3896	-239.401	57.01139	3.162879	0.8699965	4.652948	2.346942
3432	-181.4814	-239.4121	57.93072	3.056599	0.3846448	2.031418	2.935226
3438	-178.3204	-238.1707	59.85024	2.139047	0.4542235	1.429302	2.485219
3444	-167.853	-228.1782	60.3252	2.804116	0.3608241	1.924186	1.624134
3450	-179.3007	-238.1777	58.87691	2.630779	0.6613838	1.924186	2.37658
3456	-189.0743	-246.8514	57.77714	2.417168	0.5758235	1.924186	3.250802
3462	-193.182	-252.7291	59.54707	2.289791	0.5518287	2.09757	2.202419
3468	-186.2037	-247.1799	60.97617	2.255775	0.683763	0.575542	2.032422
3474	-176.5202	-238.8137	62.29352	2.305226	0.628603	0.4792865	1.199931
3480	-185.1909	-246.8295	61.63861	3.303152	0.8143409	0.08499441	1.559813
3486	-188.3502	-251.1033	62.7531	3.132832	0.551703	0.1650846	0.7248633
3492	-172.7603	-236.7868	64.02657	2.516917	0.3628751	0.09473925	0.6129255
3498	-165.0706	-229.4381	64.3675	2.364316	0.2116595	0.06144769	1.046556
3504	-169.9259	-233.851	63.92516	2.520297	0.3674101	0.04361086	1.046556
3510	-171.9354	-234.3871	62.45172	2.633726	0.6698671	0.05847075	1.677663
3516	-163.8932	-225.3463	61.4531	3.260396	0.755476	0.5768412	0.73924
3522	-181.4576	-243.2765	61.81892	2.294232	0.2803913	0.5810784	1.910421
3528	-180.6147	-240.9286	60.31394	2.445356	0.5643133	0.5945544	2.428211
3534	-175.2438	-235.7935	60.5498	2.326801	0.9169439	0.2902156	2.426265
3540	-177.8696	-238.8824	61.01288	1.565472	0.9169439	0.5343095	2.318627
3546	-178.7855	-239.4355	60.65007	2.874484	0.9169439	0.3989336	1.850672
3552	-177.7618	-240.3574	62.59554	2.966489	0.9169439	0.06665819	1.025993
3558	-178.0385	-240.1164	62.07791	3.582593	0.5181295	0.245685	0.7843143
3564	-167.1625	-229.097	61.93453	4.044882	0.5181295	0.164376	0.3713201
3570	-174.6066	-236.8323	62.22569	2.894868	1.344335	0.1349564	0.7462252
3576	-181.8538	-243.1752	61.32132	3.428532	1.344335	0.2932124	0.5048367
3582	-193.1912	-255.3821	62.19086	3.419133	0.3233613	0.3519963	0.9784739
3588	-188.4039	-249.3636	60.9597	3.625254	0.3233613	0.8670951	1.215588
3594	-187.9897	-247.5048	59.51508	2.2216	0.5731581	2.151166	2.22679
3600	-191.4223	-249.8581	58.43572	2.2216	1.349974	2.151166	2.386495
3606	-172.038	-233.9913	61.95324	2.2216	0.7670395	0.6479769	1.187484
3612	-174.1438	-235.9959	61.8521	1.890249	0.8559677	0.3191723	1.860622
3618	-179.778	-240.456	60.67795	1.780737	0.8802593	0.3191723	2.66943
3624	-177.1533	-239.4395	62.28622	1.793881	0.8252411	0.1628292	1.943024
3630	-187.2963	-249.3795	62.08318	1.556926	0.4222569	0.1628292	2.599426
3636	-198.1715	-259.5168	61.34525	2.446083	0.5120414	1.110156	1.371686
3642	-192.2653	-252.1679	59.90263	2.667968	0.4480479	1.110156	2.293554
3648	-189.1935	-249.1111	59.91756	3.343248	0.4480479	2.519564	1.133626
3654	-191.9292	-250.3345	58.4053	3.784899	0.5474579	4.232481	1.330219
3660	-200.0214	-256.6907	56.66931	3.638141	0.7661122	5.778741	2.142128
3666	-192.7137	-249.9534	57.23972	3.553793	0.7661122	6.907049	1.633191
3672	-182.5007	-240.2002	57.69947	3.879918	0.7661122	6.907049	0.9899124
3678	-188.4674	-246.6104	58.14297	3.541974	0.7039143	6.907049	0.9617952
3684	-188.7604	-248.0743	59.31394	3.678204	0.6606088	2.699439	0.9958279
3690	-186.129	-245.6162	59.48721	3.678204	0.8324413	1.75116	1.118892
3696	-176.938	-238.7666	61.82865	3.29719	0.4904341	0.4032004	1.038816
3702	-171.6633	-232.5963	60.93307	3.900974	0.4904341	0.7097716	0.8399036
3708	-175.0206	-236.7977	61.77713	3.559316	0.4904341	0.3515473	0.929983
3714	-171.2524	-233.4518	62.19937	3.514768	0.4904341	0.2636687	0.7005458
3720	-179.161	-240.7799	61.61898	3.802109	0.8714901	0.1964971	0.3902741
3726	-165.6243	-227.5716	61.94735	4.04479	0.6875869	0.08099291	0.3031524
3732	-175.3996	-238.4401	63.04051	3.743179	0.2601838	0.08099291	0.3277347
3738	-180.3321	-242.9589	62.62679	4.228613	0.2601838	0.08099291	0.5575721
3744	-172.8335	-234.5778	61.74431	2.55615	0.2601838	0.2646088	2.217785
3750	-170.1915	-232.6042	62.41278	2.675425	0.2601838	0.196798	1.817835
3756	-168.464	-229.1881	60.72407	1.576757	0.4927473	0.5058408	2.865931
3762	-172.6554	-233.601	60.94558	2.693209	0.5376498	0.131233	2.547621
3768	-176.4159	-237.7268	61.31091	1.843696	0.6946927	0.131233	2.70785
3774	-177.7692	-238.8255	61.05629	3.504232	0.511029	0.3408473	1.576042
3780	-183.9143	-243.7514	59.8371	3.274732	0.8841056	1.840647	1.062132
3786	-190.9172	-251.0077	60.09054	3.917995	0.6836018	1.20641	0.8624699
3792	-182.819	-241.8055	58.98657	4.709064	0.4966044	2.369238	0.5545166
3798	-186.5593	-247.283	60.72367	4.49186	0.493009	0.5466635	0.5545166
3804	-176.3325	-235.6217	59.28919	4.380978	0.4910977	2.06286	0.8931312
3810	-178.4911	-236.1669	57.67582	4.650559	0.5687168	1.958572	1.915259
3816	-171.7238	-234.9597	63.23588	2.950136	0.3479813	0.2046871	0.4063806
3822	-182.5424	-243.1049	60.56256	3.959881	0.552363	0.8788881	0.260981
3828	-179.5445	-239.513	59.96852	4.542428	0.5851971	0.8788881	0.2837426
3834	-182.9779	-244.0276	61.04971	3.986529	0.9629585	0.274389	0.763255
3840	-185.3483	-248.0598	62.71151	2.761582	0.5044963	0.3402004	0.763255
3846	-187.514	-249.5672	62.05321	3.824207	0.5044963	0.2170213	0.4668507
3852	-180.0329	-243.3945	63.36164	2.510514	0.3113842	0.04162527	1.615502
3858	-179.7563	-244.1241	64.36775	2.584467	0.2485656	0.04162527	0.8018632
3864	-179.4534	-241.8667	62.41328	2.841623	0.550505	0.03012209	1.776062
3870	-181.1666	-244.3779	63.21126	2.403634	0.550505	0.03012209	1.517344
3876	-179.9405	-244.119	64.17857	2.403634	0.2353261	0.02283154	1.275818
3882	-196.8255	-252.9395	56.11406	2.223538	0.2774617	0.04224127	6.084308
3888	-184.0646	-246.2603	62.19576	2.730582	0.7142952	0.1067659	1.59176
3894	-185.0488	-249.5309	64.48209	2.939312	0.1232347	0.03792057	0.7213264
3900	-183.8755	-247.238	63.36256	2.076679	0.1232347	0.03667957	2.293806
3906	-169.7806	-232.4855	62.70492	2.138621	0.5981949	0.1508995	1.645219
3912	-178.9719	-241.1684	62.19658	2.805038	0.5981949	0.5258045	0.3181127
3918	-177.3711	-238.9577	61.58651	3.100689	0.5981949	0.7865202	0.3651479
3924	-179.2483	-239.3906	60.14235	3.217334	0.5981949	2.580185	0.7259475
3930	-182.0813	-242.7979	60.71664	2.869156	0.7023971	1.858594	0.761112
3936	-189.8938	-250.9947	61.10093	2.563395	0.4549103	1.858594	1.085646
3942	-186.1686	-247.6258	61.45721	2.574307	0.4549103	0.1869981	2.266673
3948	-184.7186	-245.6794	60.96085	1.667294	0.3628156	0.2740772	3.090902
3954	-187.911	-250.3827	62.47169	1.9802	0.3628156	0.7649158	1.352999
3960	-192.7442	-254.802	62.05784	2.080239	0.3594937	0.4551304	1.911458
3966	-191.6242	-255.1689	63.54473	2.770731	0.3594937	0.1343026	0.756081
3972	-190.1204	-251.4498	61.32941	3.079106	0.6290191	0.6490264	1.139422
3978	-188.5076	-245.2153	56.70777	4.371839	0.4357685	11.7862	1.139422
3984	-185.4558	-241.3079	55.8521	3.968259	0.8315276	11.7862	1.681571
3990	-191.8048	-251.3467	59.54192	2.829814	0.7165521	4.433331	0.8854036
3996	-184.2696	-244.1034	59.83381	2.854838	0.7165521	2.972829	1.099424
4002	-183.8405	-243.6743	59.83381	2.854838	0.7165521	2.972829	1.099424
4008	-189.9815	-249.4171	59.43566	4.937434	0.7699232	0.8871553	0.4163012
4014	-190.2961	-250.5658	60.26971	4.768428	0.4173095	0.6918316	0.772258
4020	-185.9948	-244.9997	59.0049	4.883834	0.4733717	1.795419	0.8618348
4026	-187.419	-247.5618	60.14275	4.10424	0.4733717	1.125534	1.021911
4032	-186.12	-247.7516	61.63164	3.683292	0.6253784	0.3646101	0.6244715
4038	-200.3004	-260.8896	60.58926	4.565698	0.7588712	0.07517981	1.48408
4044	-197.5508	-258.9325	61.38173	3.740412	0.3749589	0.4959935	1.085935
4050	-196.2378	-256.5299	60.29214	3.805905	0.6213154	0.9716183	1.085935
4056	-193.6806	-254.6647	60.98406	3.061406	0.6213154	0.8503568	1.246062
4062	-188.0256	-248.8717	60.84618	2.754759	0.4093425	0.8935033	1.801751
4068	-187.2386	-249.6021	62.36348	2.482706	0.3531552	0.2141139	1.801751
4074	-191.1428	-252.1328	60.99	2.725655	0.4005943	0.1301542	2.649763
4080	-179.5875	-238.942	59.35444	2.601771	0.4877751	0.7500434	2.870028
4086	-178.8317	-240.5558	61.72419	2.442051	0.3405714	1.294839	1.193678
4092	-189.5255	-251.4858	61.96031	2.881713	0.6417522	0.4081899	1.0807
4098	-189.9195	-249.7606	59.84103	3.390676	0.3908343	2.006258	1.467735
4104	-192.4029	-252.1945	59.79157	3.137388	0.3480211	2.849003	1.439326
4110	-189.7512	-250.7452	60.99394	3.381238	0.3012548	1.761813	0.687021
4116	-191.8957	-253.2302	61.33451	3.144529	0.2643914	1.761813	0.6585523
4122	-179.7026	-240.4415	60.73893	2.485649	0.2619748	0.2531839	2.902609
4128	-180.4878	-242.236	61.74823	1.601445	0.2619748	0.05072865	3.265154
4134	-180.5029	-242.3083	61.80536	2.193313	0.3043744	0.3111442	2.271307
4140	-182.7456	-243.692	60.94647	4.059596	0.9676182	0.3111442	0.65897
4146	-171.617	-234.427	62.81005	3.466641	0.432924	0.130112	0.431258
4152	-177.0872	-236.0034	58.91619	2.596523	0.7036206	1.317653	2.602905
4158	-174.1132	-233.8705	59.75727	3.045247	0.4854252	1.994616	1.66206
4164	-185.3253	-245.323	59.99775	2.804769	0.4854252	1.994616	1.66206
4170	-201.3518	-257.7023	56.3505	3.788247	0.557313	2.817646	3.025726
4176	-196.9111	-254.9666	58.0555	3.648727	1.148643	3.479197	1.369739
4182	-195.8401	-251.9561	56.11608	3.633498	0.8519662	5.036191	2.557061
4188	-187.0199	-242.7218	55.70192	3.780268	0.3731597	8.454327	2.689105
4194	-188.3278	-245.7667	57.43889	3.862531	0.3731597	5.19118	1.987436
4200	-190.7872	-249.3056	58.51841	3.344139	0.3731597	2.260458	2.330046
4206	-188.5838	-248.5344	59.95054	4.307391	0.2491633	1.102288	1.430468
4212	-195.9019	-258.1224	62.22056	2.622777	0.4498437	0.5748015	1.097835
4218	-186.8069	-246.2475	59.44055	5.479021	0.5436295	0.6900609	0.4175758
4224	-189.0517	-251.002	61.95028	3.582483	0.5436295	0.3199687	0.3953436
4230	-187.1372	-249.7052	62.56796	3.109348	0.6326767	0.1933046	0.3274413
4236	-179.2458	-242.0192	62.77337	2.956168	0.6326767	0.1933046	0.3945675
4242	-182.6505	-244.9674	62.31686	3.225053	0.5641334	0.1933046	0.2009413
4248	-180.6356	-242.8097	62.1741	2.317695	0.5641334	0.5279011	1.300879
4254	-181.3307	-243.8568	62.52614	3.148603	0.5641334	0.2557476	0.5565304
4260	-175.7452	-237.5879	61.84272	3.353851	0.3631447	0.7050195	0.3709807
4266	-182.2453	-240.1695	57.92414	3.09827	0.5850489	0.3165548	3.74743
4272	-182.041	-244.2014	62.16043	2.812817	0.4865014	0.5539722	0.938633
4278	-168.3672	-229.9867	61.6195	2.565394	0.4865014	0.6654374	1.480394
4284	-171.8568	-234.4281	62.57139	3.074012	0.2995038	0.4880231	0.6744878
4290	-174.5818	-236.9152	62.33343	3.414199	0.3943625	0.3491063	0.4446922
4296	-172.7669	-235.9524	63.18546	3.178018	0.4265154	0.1082587	0.4038039
4302	-179.3335	-240.9757	61.64219	4.135046	0.8602044	0.07742016	0.2872072
4308	-182.3717	-243.9911	61.61938	3.409728	0.8602044	0.2954428	0.262074
4314	-180.7895	-243.402	62.61254	3.329677	0.3469512	0.2954428	0.6272667
4320	-178.0282	-238.4959	60.46769	4.431875	0.2943132	0.8477331	1.009465
4326	-175.5252	-238.2267	62.7016	3.048341	0.2943132	0.3045834	1.009465
4332	-184.3702	-248.2306	63.86035	2.638705	0.2943132	0.0924902	0.9167815
4338	-177.8726	-240.0757	62.20308	2.963148	0.5941675	0.4118277	0.7963792
4344	-172.4936	-235.4686	62.97507	2.890176	0.5941675	0.11695	0.8973337
4350	-171.2111	-233.7793	62.56824	2.783552	0.3155464	0.06264132	1.899577
4356	-173.6648	-235.8089	62.14416	2.036951	0.8589076	0.1412866	1.899577
4362	-172.7938	-235.9483	63.15446	2.146403	0.5304644	0.1412866	1.406835
4368	-182.3584	-242.7779	60.41957	2.34373	0.8308686	0.6562477	2.145689
4374	-177.3176	-238.5801	61.26249	3.631001	0.4399655	0.6593356	0.9479111
4380	-174.4944	-236.0425	61.54817	3.316378	0.7065	0.3484315	1.090482
4386	-181.563	-241.7597	60.19665	3.437162	0.7285647	1.319882	1.090482
4392	-189.0293	-249.8003	60.77105	2.317498	0.6690469	0.5981968	2.117771
4398	-183.2423	-242.0266	58.78427	1.39992	0.6690469	0.4679634	3.989877
4404	-185.7057	-246.1063	60.4006	4.157818	0.3792285	1.314712	0.6296424
4410	-181.7924	-244.5919	62.79957	3.197251	0.3792285	0.2251287	0.3198304
4416	-184.7035	-247.0143	62.31082	2.992539	0.6749323	0.343927	0.5864772
4422	-178.4561	-240.9128	62.45673	2.992539	0.3832692	0.4772516	0.7340641
4428	-175.2008	-237.2114	62.01063	3.779004	0.3832692	0.2656945	0.257664
4434	-174.2126	-236.6056	62.39301	3.350138	0.669145	0.1419518	0.284866
4440	-174.4415	-236.6384	62.19693	3.419882	0.8376905	0.1419518	0.3577689
4446	-174.6131	-236.5266	61.91348	3.344126	0.6812093	0.3365399	0.3389189
4452	-177.1983	-239.377	62.17861	3.13629	0.6161497	0.3365399	0.7564496
4458	-186.032	-248.699	62.66704	1.984495	0.4298839	0.700016	1.14585
4464	-183.2777	-244.4546	61.17693	2.537979	0.4298839	0.700016	1.855039
4470	-184.008	-245.1328	61.12479	3.391896	0.7573821	0.06167308	1.981053
4476	-182.2454	-242.9719	60.72649	5.390764	0.4866749	0.06167308	1.063093
4482	-189.5498	-248.6188	59.06906	5.847197	0.8398719	0.06167308	1.637174
4488	-188.2528	-247.5677	59.3149	5.538413	0.9525499	0.1393849	1.343196
4494	-178.079	-236.9187	58.83971	4.118977	0.6709577	0.2982035	2.546706
4500	-181.9023	-240.0125	58.11013	4.47699	0.6438416	4.689594	0.461507
4506	-183.2648	-243.2056	59.94075	4.072484	0.4668999	1.896476	0.4639389
4512	-181.8441	-241.6523	59.80814	4.098991	0.4668999	1.980272	0.6909676
4518	-202.6893	-257.6159	54.92657	5.535031	1.324756	9.181011	1.120181
4524	-184.7398	-239.8614	55.12168	5.552899	0.5788518	12.138	1.244821
4530	-191.9646	-246.6298	54.66521	5.948546	0.5788518	12.06728	1.302697
4536	-189.8293	-241.2505	51.42114	7.226185	0.5637905	31.58543	1.543572
4542	-191.938	-242.7366	50.79854	7.377448	0.5637905	41.7935	1.498702
4548	-189.9653	-240.8181	50.8528	8.385146	0.5637905	36.59381	0.7466891
4554	-200.6762	-251.7372	51.06099	7.937696	0.5637905	36.59381	1.02445
4560	-201.6355	-249.0636	47.4281	8.499855	0.5637905	115.4078	1.613272
4566	-204.8852	-251.1764	46.29117	6.595887	0.4390785	115.4078	3.644365
4572	-209.4929	-258.972	49.47911	6.539773	0.4076843	24.71553	3.644365
4578	-199.5854	-251.3761	51.79072	6.391116	0.546345	28.69672	2.010684
4584	-189.4356	-244.1131	54.67748	6.154449	0.546345	14.37487	0.8761307
4590	-186.9217	-241.3802	54.45845	5.50293	0.546345	14.37487	1.618171
4596	-184.9905	-239.1584	54.16794	5.944996	0.6573073	14.37487	1.383402
4602	-188.8788	-245.3436	56.46475	3.705851	0.4390214	15.86858	1.473635
4608	-191.6473	-249.285	57.63765	3.131532	0.6152519	6.896499	1.792314
4614	-187.3648	-247.7373	60.3725	1.873736	0.4261084	1.295443	2.422256
4620	-186.3801	-247.016	60.63589	2.921258	0.5156914	1.729148	1.164185
4626	-190.0368	-248.8051	58.76824	3.662594	1.158881	1.729148	1.46266
4632	-181.9199	-242.1039	60.18405	3.932917	0.4450229	1.729583	0.6620425
4638	-183.2614	-244.1887	60.92736	3.568178	0.5054999	1.016581	0.8000748
4644	-196.1194	-255.4448	59.32547	5.364597	0.4467695	1.016581	0.6465368
4650	-187.1731	-246.8691	59.69598	3.992505	0.5069625	2.360673	0.5025169
4656	-178.441	-238.9394	60.49834	3.803725	0.5897742	1.217205	0.564877
4662	-179.8243	-237.349	57.52474	3.950819	0.5897742	6.223121	1.414864
4668	-180.8562	-238.372	57.51583	4.599231	0.6369645	5.951976	0.8223695
4674	-181.4776	-239.8151	58.33747	4.237629	0.4255093	5.181168	0.9118679
4680	-187.7682	-246.24	58.47177	3.824259	1.004842	3.770711	0.8504132
4686	-178.648	-237.8037	59.15568	3.708476	0.4411098	3.770711	1.033735
4692	-187.6984	-246.4706	58.77215	1.94966	0.4411098	0.7499093	3.647845
4698	-184.2927	-245.296	61.00327	2.197135	0.4411098	0.7499093	2.142451
4704	-181.1146	-239.9431	58.82857	2.329173	0.3659367	3.575149	2.419544
4710	-184.3385	-240.7503	56.41184	2.398316	0.3865165	4.513676	3.616573
4716	-188.8033	-247.9452	59.14195	3.081484	0.3150175	3.98619	1.689252
4722	-183.4069	-245.6276	62.22073	3.081484	0.2483348	0.8062421	0.7207608
4728	-182.6632	-244.591	61.92782	2.341246	0.5318142	0.8062421	1.213342
4734	-192.4974	-251.4836	58.98621	2.538779	0.5318142	0.8062421	3.045531
4740	-188.3174	-251.101	62.78357	2.339443	0.3616496	0.6760207	0.8324839
4746	-183.9915	-246.2999	62.3084	1.72247	0.3616496	0.7307008	1.700118
4752	-179.0638	-236.7278	57.66399	3.623011	0.3616496	1.11608	3.178519
4758	-179.6267	-240.0528	60.42612	3.242259	0.3616496	1.11608	1.664341
4764	-174.6184	-233.6475	59.02915	2.427028	0.6510645	1.11608	2.787465
4770	-175.5083	-236.5885	61.08015	1.794678	0.3509262	0.4041703	2.787465
4776	-183.885	-243.9209	60.03593	1.439568	0.3509262	1.171709	3.049598
4782	-189.7471	-251.5178	61.77072	1.845235	0.5290424	0.6840569	1.821222
4788	-176.6932	-238.4347	61.7415	1.939488	0.4388634	0.4094468	2.16804
4794	-170.9023	-233.4839	62.58167	2.04295	0.3839005	0.3378676	1.698523
4800	-167.2074	-229.6022	62.39478	3.024689	0.3839005	0.4225668	0.8975279
4806	-172.4637	-233.3471	60.88336	3.92527	0.4094031	0.1768939	1.828192
4812	-172.9359	-233.0044	60.06855	2.672375	0.6263052	1.329704	1.871119
4818	-188.2623	-249.2204	60.95805	1.370347	0.3005028	0.2634878	3.364537
4824	-175.8802	-238.3663	62.48612	2.696651	0.5425553	0.4559665	0.77002
4830	-181.9026	-241.8916	59.98898	2.777449	0.5243062	1.271034	1.989623
4836	-180.5615	-241.2012	60.63968	2.756632	0.6759823	1.290196	1.369368
4842	-184.5666	-245.7362	61.16962	3.138222	0.4780479	0.8764876	1.187333
4848	-181.4665	-239.3344	57.86789	4.921483	0.7352186	3.181659	0.8856393
4854	-192.6919	-251.9904	59.29844	4.410321	0.2970832	3.181659	0.5884579
4860	-180.7813	-241.2262	60.44491	4.559915	0.3469064	0.9325995	0.4782713
4866	-174.4619	-237.0872	62.62531	3.033191	0.2167599	0.3893875	1.115245
4872	-173.8711	-234.3914	60.52032	3.27196	0.4640139	1.776543	0.9970964
4878	-164.3098	-227.4395	63.12965	2.650878	0.4640139	0.136081	1.115816
4884	-174.3951	-236.8354	62.44029	2.410831	0.4640139	0.4936647	1.182889
4890	-177.6043	-240.6675	63.06316	3.205716	0.2977139	0.1662339	0.8497623
4896	-178.6991	-240.5215	61.82245	3.914926	0.2977139	0.3852153	0.8246892
4902	-171.9461	-234.1304	62.18425	3.4875	0.3885726	0.3852153	0.4064001
4908	-176.6257	-238.9103	62.28458	2.824625	0.408838	0.3989525	1.193214
4914	-177.7116	-239.915	62.20333	2.864575	0.2940024	0.2352728	1.69719
4920	-182.9969	-241.6183	58.62145	3.387582	0.435251	1.948923	2.272779
4926	-193.1171	-252.5913	59.47424	3.787468	0.435251	3.115648	0.2447851
4932	-200.9483	-260.4953	59.547	4.430385	0.7216693	1.362235	0.3831668
4938	-198.0809	-256.7475	58.66658	4.313598	1.359409	1.197454	0.1436027
4944	-194.9355	-254.0056	59.0701	4.314637	0.3968946	2.588755	0.1786793
4950	-188.9334	-246.8796	57.94618	3.66909	0.3462528	10.07938	1.037428
4956	-182.0104	-241.6958	59.68545	3.266245	0.4969103	2.583886	1.298477
4962	-184.2792	-243.2461	58.96682	3.572704	0.5126129	2.583886	1.594277
4968	-190.2015	-249.7669	59.56541	4.002512	0.5126129	2.583886	0.5174429
4974	-192.1438	-252.5441	60.40032	4.289522	0.4708586	1.010517	0.4999346
4980	-187.745	-248.61	60.86491	3.215926	0.3145795	1.010517	1.510974
4986	-186.9247	-245.7457	58.82103	3.84638	1.057757	0.6388233	2.068551
4992	-180.9712	-241.0484	60.07727	2.837494	0.5805877	0.5412159	2.365498
4998	-185.7956	-245.1136	59.31802	3.750055	0.7172778	0.1510084	2.699113
5004	-180.6822	-241.1187	60.43642	2.672841	0.8218591	0.1028711	2.70876
5010	-184.439	-246.8452	62.40618	2.44864	0.4563134	0.1028711	1.92274
5016	-189.9988	-249.2559	59.25711	2.209549	0.416499	0.3352624	3.628428
5022	-186.956	-247.3462	60.39028	2.360206	0.8468406	1.450396	1.60318
5028	-182.472	-243.2766	60.80453	2.96785	0.7076455	1.244386	1.044101
5034	-180.16	-240.0368	59.87683	4.306722	0.634867	0.9140372	1.044101
5040	-180.3453	-241.0071	60.66186	4.376112	0.5792849	0.3737336	1.044101
5046	-181.1609	-240.6567	59.49575	5.765084	0.4006871	0.3737336	1.117129
5052	-192.6573	-251.0778	58.42045	7.964442	0.6453771	0.0183565	0.6695251
5058	-189.5232	-250.6719	61.14868	5.060649	0.3542723	0.0183565	1.354009
5064	-189.0006	-249.965	60.9643	5.208215	0.4545019	0.1203352	0.7772658
5070	-186.1635	-249.3091	63.14564	2.943944	0.564386	0.1203352	0.4143995
5076	-189.3056	-252.2484	62.94277	3.306487	0.4036399	0.1203352	0.28632
5082	-188.6121	-251.3687	62.75659	2.78555	0.9525004	0.1203352	0.3245448
5088	-177.8702	-239.901	62.03079	3.910843	1.032282	0.02609419	0.6298915
5094	-181.911	-243.6388	61.72784	4.096201	1.032282	0.02168117	0.2686279
5100	-183.4804	-246.0843	62.60397	4.167379	0.4271234	0.02202199	0.4643335
5106	-183.3106	-245.4678	62.15727	4.299629	0.5928476	0.03010747	0.4089515
5112	-193.0877	-255.1463	62.05859	4.240024	0.6317631	0.04951983	0.6294151
5118	-193.0041	-254.8591	61.85504	4.217591	0.4434211	0.1795799	0.6190884
5124	-193.2145	-251.9806	58.76611	5.184153	0.5424037	1.416769	0.9615795
5130	-193.1189	-252.4865	59.36759	4.26472	0.6140784	1.706027	0.9663713
5136	-192.4601	-251.67	59.20989	4.024507	0.4686836	2.143109	1.292103
5142	-184.6521	-244.3391	59.68693	3.319679	0.4898468	0.2303081	2.789663
5148	-182.1703	-243.4059	61.23564	3.243357	0.4898468	0.112925	2.106915
5154	-193.0176	-255.373	62.35536	3.485274	0.5215615	0.05901683	1.267024
5160	-183.2341	-245.9868	62.75269	2.151758	0.5215615	0.2015327	1.567692
5166	-174.91	-236.1357	61.22569	2.248058	0.6999771	0.5010065	1.934846
5172	-177.9543	-238.2594	60.30517	3.323881	0.5005605	1.323523	1.369202
5178	-175.8958	-236.4511	60.55531	3.27554	0.5005605	1.635417	0.9903094
5184	-178.2916	-241.5761	63.28458	2.872451	0.3942637	0.1818287	0.6200264
5190	-179.2036	-240.7474	61.54379	3.50579	0.7019122	0.3924443	0.2845905
5196	-176.8491	-238.6942	61.84511	2.823652	0.4220459	0.2009389	1.856903
5202	-178.8686	-239.3997	60.53102	4.421233	0.4220459	0.6837232	0.8833007
5208	-184.2486	-245.1427	60.89415	3.989842	0.5523424	0.6837232	0.6668139
5214	-182.1618	-244.4734	62.31161	2.747425	0.3596562	0.327124	1.432347
5220	-180.1135	-240.8112	60.69763	2.658458	0.3596562	0.9252219	2.01139
5226	-189.9442	-251.3465	61.40235	2.075099	0.3304102	0.318807	2.552344
5232	-188.7785	-251.4663	62.6878	3.172937	0.7332144	0.1232716	0.5246314
5238	-176.5358	-238.8086	62.27286	3.593481	0.4532361	0.04052299	1.412069
5244	-180.0759	-240.7335	60.65761	4.581685	0.4965304	0.1734153	1.412069
5250	-181.397	-243.6028	62.20583	2.64729	0.6733096	0.3063668	1.220803
5256	-178.3766	-240.619	62.24236	2.207155	0.4910642	0.2209994	1.883835
5262	-177.6267	-239.5395	61.9128	2.291064	0.8035029	0.2286907	1.738096
5268	-176.5024	-238.5913	62.08889	2.61913	0.8035029	0.1251208	1.61772
5274	-172.2954	-232.5896	60.29426	3.010627	0.6221753	1.583033	1.323697
5280	-178.3838	-237.823	59.43916	3.846438	0.3850323	3.183621	0.9385285
5286	-182.755	-239.5346	56.77953	3.692429	0.5597219	8.630908	1.820167
5292	-187.1981	-243.0218	55.82377	4.335155	0.5597219	10.54357	1.820167
5298	-187.0345	-246.273	59.2385	3.419898	0.5441575	3.252955	1.237186
5304	-184.9893	-243.1647	58.17546	3.301283	1.17142	4.172842	1.341637
5310	-173.2789	-233.7915	60.51263	2.936254	0.6666379	1.447443	1.236204
5316	-178.7215	-238.9638	60.24226	3.026486	0.6666379	0.8846885	1.755349
5322	-177.8324	-238.673	60.84054	2.710983	0.6603866	0.4790248	1.942726
5328	-180.1829	-239.7263	59.54343	3.296022	0.6603866	2.160593	1.366364
5334	-188.3566	-247.8445	59.48788	2.303476	0.5181524	2.160593	2.243333
5340	-182.714	-240.4204	57.70639	2.030259	0.6635674	0.9077855	3.911574
5346	-188.7845	-250.07	61.28556	2.100541	0.6449025	0.5432704	1.99763
5352	-182.8174	-243.3063	60.48889	3.879309	0.7900152	0.859194	0.6265482
5358	-180.7608	-240.5283	59.7675	2.589826	0.5599981	3.290767	1.445993
5364	-183.5741	-243.6916	60.11753	3.615215	0.3951601	2.50035	0.7347603
5370	-178.6341	-239.0912	60.45711	3.615215	0.389415	1.418603	1.101045
5376	-182.2741	-242.3285	60.05442	4.110917	0.6775202	1.230121	0.4307124
5382	-186.3156	-246.7849	60.46926	4.553676	0.6775202	0.4807681	0.3859544
5388	-191.877	-252.004	60.127	4.251383	0.7093727	0.6582332	1.056246
5394	-190.6899	-249.2491	58.55921	3.742854	0.3767942	0.8936529	2.681696
5400	-195.3876	-252.6148	57.22717	5.098663	0.5649302	5.726525	0.753251
5406	-200.3935	-260.8819	60.48838	3.387921	0.3413588	2.046541	0.984927
5412	-197.1119	-253.0828	55.97091	3.408845	0.2919068	12.70161	2.462582
5418	-192.3379	-247.8214	55.48347	3.408845	0.581138	19.32685	1.973381
5424	-189.1676	-249.4751	60.30755	3.919482	0.5884696	0.6035011	1.391301
5430	-185.1259	-246.6684	61.54253	3.368561	0.5884696	0.6035011	0.7196769
5436	-182.8916	-244.791	61.89934	3.239431	0.3313195	0.813047	0.6397145
5442	-190.1577	-248.0697	57.91203	3.366606	0.3577585	9.100472	1.436245
5448	-187.3133	-245.0844	57.77102	3.366606	0.5164506	9.100472	1.319578
5454	-181.8094	-244.4559	62.6465	3.496384	0.5164506	0.122169	0.6355391
5460	-189.3015	-252.3506	63.04905	3.108945	0.5174241	0.122169	0.5901493
5466	-181.8201	-244.8323	63.01225	3.108381	0.5174241	0.122169	0.6788236
5472	-179.9077	-241.8818	61.97417	3.491815	0.5467352	0.2560407	0.9313471
5478	-181.442	-239.4126	57.97063	5.755701	0.7716514	0.6571658	1.529058
5484	-179.3868	-240.0514	60.66459	3.92409	0.811263	0.2271906	1.453964
5490	-205.8017	-264.2752	58.4736	4.364229	0.5355585	1.109009	2.024885
5496	-195.9861	-256.207	60.22088	3.099835	0.654027	1.109009	1.569129
5502	-184.2172	-246.6667	62.44944	2.788816	0.5079776	0.3694886	0.9639617
5508	-179.6868	-240.5466	60.85984	2.406855	0.5079776	1.212238	1.698579
5514	-182.2778	-238.1928	55.91495	3.979096	1.036327	0.7829914	3.65763
5520	-170.8152	-231.8384	61.02319	1.711712	0.551856	0.22599	2.901243
5526	-178.7707	-237.7453	58.97461	2.346879	0.691441	1.004315	2.901243
5532	-178.2732	-239.0912	60.81799	2.494105	0.7990451	0.7568388	1.71179
5538	-185.0233	-245.6089	60.58557	2.792748	0.5000902	0.05623082	2.944182
5544	-180.4941	-243.8331	63.33897	3.09373	0.4578561	0.05623082	0.8039513
5550	-183.4586	-247.0355	63.57692	2.912391	0.4578561	0.05623082	0.7216442
5556	-189.9351	-251.4079	61.4728	4.209685	0.4578561	0.02436197	1.595232
5562	-193.5766	-254.0727	60.49604	4.057963	0.5270787	0.06396829	2.160595
5568	-188.583	-249.7685	61.18547	4.470004	0.7150059	0.06396829	1.168779
5574	-175.0228	-236.6283	61.60552	2.881444	0.4599559	0.06298023	2.279326
5580	-178.915	-238.2438	59.3288	2.943899	0.216329	0.540101	3.204845
5586	-169.5749	-232.8935	63.31866	2.322971	0.4529438	0.197869	1.072658
5592	-180.1163	-240.6586	60.54228	3.73717	0.8277186	0.878944	0.6754969
5598	-180.7078	-240.0819	59.37411	4.071965	0.8277186	1.977786	0.5962995
5604	-187.808	-247.2581	59.45009	4.408267	0.4532927	2.211089	0.485086
5610	-187.133	-243.5823	56.44931	3.326683	0.4730601	5.420772	2.797539
5616	-188.841	-245.5729	56.73192	3.391723	0.6929553	5.420772	2.378268
5622	-188.4169	-246.469	58.05218	3.169526	0.6929553	5.420772	1.644884
5628	-187.8113	-245.7907	57.97938	3.104848	0.7300119	5.420772	1.708879
5634	-197.4133	-254.846	57.43274	2.02867	0.7490019	2.29382	3.420941
5640	-187.5702	-244.757	57.18677	3.921915	0.5304222	7.593172	1.537878
5646	-184.1477	-241.5443	57.39661	3.624333	0.6995386	6.690867	1.562907
5652	-187.9637	-248.4518	60.48803	2.940977	0.8416235	1.607727	0.9463933
5658	-183.3603	-245.5111	62.15075	2.364835	0.8416235	0.5367487	0.9359974
5664	-178.8927	-241.0076	62.11487	2.836352	0.5124384	0.6805324	0.6671207
5670	-180.8706	-243.209	62.33843	2.836352	0.610983	0.2363157	1.16843
5676	-183.4104	-245.0986	61.68818	2.709136	0.5094385	0.7725445	1.16843
5682	-185.2904	-246.3593	61.06893	2.673272	0.7765624	0.7725445	1.400063
5688	-192.354	-251.6906	59.33661	1.946539	0.6194995	0.6451794	3.232909
5694	-191.252	-248.0366	56.78452	1.878467	1.019861	0.7734051	4.376741
5700	-191.0772	-247.7897	56.7125	0.9214206	0.6271568	0.7734051	5.20773
5706	-192.9838	-252.0621	59.07828	1.885119	0.9895987	0.8036215	3.041636
5712	-187.8347	-249.6764	61.84167	2.610619	0.7013343	0.2738465	1.565965
5718	-196.5889	-258.5668	61.97787	1.978508	0.6799125	0.2738465	1.933379
5724	-199.4737	-260.0586	60.58493	3.325039	0.5700591	1.442624	0.9385295
5730	-187.2863	-244.4997	57.21336	3.162155	0.418703	3.533699	2.848363
5736	-180.3137	-242.0709	61.75719	3.071646	0.418703	0.7649095	0.9132176
5742	-178.4522	-241.0364	62.58421	3.13245	0.418703	0.3372718	0.414737
5748	-180.6677	-242.4559	61.78821	2.342522	0.7479277	0.7195886	1.163786
5754	-181.6991	-242.7025	61.0034	2.373959	0.6979538	0.98266	1.574249
5760	-186.0337	-248.196	62.16232	2.092075	0.6979538	0.6282503	1.217358
5766	-180.4999	-241.0498	60.54998	3.105006	0.5263546	0.9090517	1.607784
5772	-189.2017	-249.0798	59.87805	4.157449	0.5888106	0.8666422	1.278107
5778	-195.1425	-255.1737	60.03123	2.88221	0.6097341	0.4428888	2.443397
5784	-190.6245	-251.1508	60.52625	3.843896	0.5072521	1.080698	0.875361
5790	-192.068	-252.9123	60.84429	3.559611	0.4558802	1.363411	0.4838737
5796	-203.9945	-262.2407	58.24624	5.928223	0.4922893	1.496015	0.7049734
5802	-184.931	-243.7832	58.85222	4.365614	0.7265952	1.987455	1.052811
5808	-185.9579	-246.4529	60.49495	2.735347	0.7265952	0.7262203	1.85672
5814	-184.6595	-247.0403	62.38071	2.457406	0.5029544	0.1112105	1.85672
5820	-186.006	-249.1732	63.16727	3.081571	0.4240715	0.03868646	1.148303
5826	-179.4411	-241.3289	61.88784	3.298046	0.6117029	0.3458637	0.9023076
5832	-180.3765	-238.2117	57.83524	3.131149	0.423118	1.184621	3.260672
5838	-177.8765	-237.963	60.08646	3.291114	0.423118	1.184621	1.741481
5844	-179.0126	-239.3065	60.29388	3.339835	0.423118	0.9194256	1.741481
5850	-184.1914	-245.753	61.5616	2.790975	0.423118	0.404875	1.741481
5856	-178.3903	-239.0562	60.66596	3.019895	0.6812651	0.404875	1.923398
5862	-187.6611	-250.275	62.61383	2.742787	0.9266084	0.1767131	0.7501435
5868	-188.5202	-250.9192	62.39904	3.71736	0.4689093	0.08124707	1.003009
5874	-186.7447	-244.4802	57.73547	2.386287	0.4689093	2.253377	3.284709
5880	-183.9403	-242.0564	58.11607	3.623576	0.4686218	2.34173	2.267483
5886	-183.0918	-240.9198	57.82797	4.056748	0.3569028	2.34173	2.30995
5892	-187.2656	-248.7061	61.4405	2.865387	0.4849555	0.3661841	1.751126
5898	-183.8921	-243.3154	59.42337	4.763795	0.4122548	1.428154	0.9376997
5904	-185.0189	-247.2324	62.21347	3.39901	0.4786793	0.2085001	1.027763
5910	-189.5114	-250.1	60.58863	4.325261	0.8448971	0.2085001	1.204425
5916	-187.3681	-248.8444	61.47631	4.74431	0.2917604	0.2308957	0.6481466
5922	-196.1266	-258.8682	62.74166	3.396735	0.3874634	0.1653986	0.7726447
5928	-189.3558	-252.157	62.80112	2.314781	0.5657808	0.1857605	1.392106
5934	-183.2764	-246.3466	63.07024	2.340698	0.2329112	0.3254329	1.394937
5940	-178.783	-239.4868	60.70376	1.988048	0.537225	0.3254329	2.792173
5946	-190.415	-249.8589	59.4439	2.227583	0.6394267	0.1049939	3.69369
5952	-179.6252	-241.6961	62.07094	2.638254	0.7103332	0.1740659	1.574914
5958	-176.5698	-237.9079	61.33808	3.729666	0.5650943	0.04784088	1.831763
5964	-192.1296	-251.2203	59.09073	5.262106	0.4138193	0.3458285	1.835884
5970	-195.4105	-253.4546	58.04404	5.468375	0.4315022	0.6436943	2.040114
5976	-200.9067	-263.0187	62.11205	4.141043	0.3936409	0.1599459	0.4724695
5982	-190.8404	-253.0016	62.16123	4.034837	0.3936409	0.1777543	0.4965898
5988	-187.4223	-248.4013	60.97899	4.071372	0.7522223	0.3893014	0.7184554
5994	-196.0284	-256.4867	60.45826	4.357769	0.9676296	0.3893014	0.3386642
6000	-189.5099	-250.6777	61.16784	4.423228	0.5025584	0.3334534	0.4603684
6006	-184.6673	-244.456	59.78876	4.568299	0.3919843	1.438596	0.7692215
6012	-188.3754	-247.9488	59.57337	4.133784	0.3527193	1.767681	1.269306
6018	-192.8595	-249.2921	56.43263	4.532946	0.4948757	5.978895	1.927813
6024	-193.301	-249.3756	56.07459	5.146994	0.782112	5.276286	1.591845
6030	-199.3243	-257.1553	57.831	3.379234	0.6546126	5.276286	1.716849
6036	-190.6879	-247.6379	56.94996	3.961142	0.3518017	5.276286	2.256598
6042	-182.96	-239.8006	56.8406	4.258563	0.5343177	11.68708	0.9753693
6048	-179.6586	-238.0188	58.36016	3.98703	0.5641006	4.952558	0.9753693
6054	-187.8627	-246.1336	58.27096	3.79413	0.5275672	5.217688	1.220079
6060	-179.5049	-237.5299	58.02501	3.573706	0.7699597	5.217688	1.32784
6066	-180.6484	-239.8804	59.232	2.880295	1.171775	2.59049	1.32784
6072	-176.6059	-238.4971	61.89123	2.721244	1.171775	0.3252151	0.8968911
6078	-179.6607	-239.7479	60.08727	3.811696	0.8123251	1.339084	0.6035533
6084	-191.5316	-252.265	60.73339	3.16639	0.8123251	1.339084	0.4108675
6090	-198.0859	-259.2521	61.16625	3.316405	0.2991916	1.664491	0.4108675
6096	-190.3367	-251.404	61.0673	3.166918	0.4185044	1.664491	0.4108675
6102	-190.3398	-250.9947	60.65499	3.389688	0.5346826	1.664491	0.5679606
6108	-187.7696	-247.4057	59.63607	4.086956	0.5896739	1.664491	0.2258837
6114	-184.147	-244.2823	60.13535	3.680229	0.6410809	1.664491	0.3253744
6120	-184.4628	-245.3247	60.8619	3.299875	0.7727431	1.085858	0.6138072
6126	-180.4474	-240.503	60.05556	5.148105	0.5115953	0.5239754	0.6138072
6132	-182.0082	-244.0015	61.9933	3.500963	0.679917	0.05270956	1.385108
6138	-182.4506	-245.2702	62.81963	3.150926	0.5459631	0.03641744	1.219879
6144	-177.9398	-240.1417	62.20193	3.443022	0.2574215	0.01981819	1.923127
6150	-174.8035	-237.0716	62.26802	3.181791	0.2644432	0.02452095	2.035133
6156	-180.5186	-240.1471	59.6285	3.679577	0.2749961	1.367808	1.90146
6162	-181.1203	-242.8107	61.69037	3.087203	0.4400969	0.7091278	0.9991159
6168	-185.2845	-247.0762	61.79166	4.415524	0.3329029	0.1457447	0.9107038
6174	-187.1612	-249.1367	61.9755	2.86424	1.106194	0.0836188	1.41356
6180	-181.9426	-243.1369	61.19424	4.936658	0.5793465	0.1033195	0.4031279
6186	-180.1872	-242.7489	62.56166	2.784235	0.3994291	0.4052713	0.9787297
6192	-171.2904	-233.2112	61.92079	3.633863	0.3994291	0.4052713	0.7227684
6198	-176.3465	-237.2365	60.88993	2.594686	0.7486225	0.4751394	1.915172
6204	-179.1478	-239.6273	60.47948	2.942175	0.654894	1.831171	1.038977
6210	-181.7606	-242.5033	60.74267	2.859119	0.5904262	1.831171	0.9495813
6216	-179.2381	-240.8709	61.6328	2.70983	0.5904262	1.146693	0.6287777
6222	-172.6392	-233.4118	60.7726	3.220607	0.6368192	1.146693	1.004557
6228	-182.1247	-242.6163	60.49159	3.547118	0.6047542	1.146693	1.004557
6234	-173.0188	-234.8409	61.82219	3.28273	0.6047542	0.2083917	1.300662
6240	-176.7978	-238.3216	61.52384	3.224679	0.5888144	0.5903704	0.9481375
6246	-173.1526	-234.3644	61.21186	2.845584	0.7458615	0.5903704	1.372604
6252	-181.8056	-242.5477	60.74203	3.202803	0.5123329	0.2113322	2.21294
6258	-181.803	-241.6574	59.85443	3.505278	0.5123329	0.47966	2.21294
6264	-172.6537	-234.1933	61.53953	3.050695	0.7060524	0.3732731	1.283935
6270	-183.7147	-241.6054	57.89068	2.951013	0.7060524	0.7357872	3.353774
6276	-185.6409	-244.1821	58.54117	3.259548	0.5146691	2.184441	2.232493
6282	-190.0131	-252.0535	62.04038	2.981082	0.5146691	0.5445166	0.8475088
6288	-187.5661	-249.8996	62.33346	2.447558	0.5146691	0.4081742	1.297811
6294	-190.5697	-251.6356	61.0659	3.697983	0.5146691	0.4172557	1.297811
6300	-181.5875	-243.1486	61.56107	2.913228	0.4688112	0.8601251	1.06831
6306	-187.9519	-246.7042	58.75224	3.519904	0.5326483	4.914831	1.105013
6312	-184.1149	-243.6543	59.53943	2.991703	1.044192	2.951483	0.9027879
6318	-191.7329	-252.4573	60.72442	2.997501	0.9423817	0.6636928	1.379359
6324	-179.5326	-240.8015	61.26896	2.306595	0.9550057	0.6221427	1.524874
6330	-179.1172	-241.7678	62.65054	2.875432	0.6991906	0.1752063	0.882041
6336	-180.1459	-243.3919	63.24599	3.163072	0.5011673	0.06775427	0.3940324
6342	-183.4378	-246.5149	63.07703	3.080265	0.5011673	0.09857656	0.810314
6348	-186.2342	-245.845	59.6108	4.605378	0.653307	0.1378357	2.054429
6354	-189.0229	-250.4123	61.38946	4.481341	0.361581	0.1404705	1.192978
6360	-186.2851	-246.2772	59.99211	3.154944	0.361581	1.064588	2.054502
6366	-176.1219	-237.3743	61.25239	2.336473	0.9762035	0.1892509	2.1043
6372	-174.3346	-235.4044	61.06978	3.408564	0.881775	0.1892509	1.559746
6378	-177.0636	-239.3473	62.28366	2.964999	0.4664125	0.2112976	1.353995
6384	-179.3855	-240.9048	61.51929	3.124413	0.4664125	0.2112976	1.798387
6390	-174.9924	-237.7165	62.72417	3.385828	0.4664125	0.1492458	0.6711211
6396	-175.1338	-238.36	63.22624	3.176849	0.4664125	0.08597218	0.5570361
6402	-185.0151	-247.6127	62.59762	2.686795	0.6334182	0.2956305	0.8828971
6408	-189.1968	-248.8464	59.64956	3.723231	0.5616773	0.2956305	2.38869
6414	-193.783	-256.6839	62.90092	2.880092	0.4047257	0.1052405	1.310253
6420	-191.2557	-251.39	60.13431	3.342222	0.7693692	1.612614	0.9816733
6426	-200.5601	-261.1247	60.56462	3.222041	0.7693692	1.096279	1.081949
6432	-192.8557	-253.5563	60.70063	3.237244	0.7693692	0.9153718	1.108822
6438	-193.3868	-252.4932	59.10636	3.25795	0.7693692	1.218102	2.060666
6444	-195.0938	-255.9635	60.86963	3.093272	0.4145603	2.103957	0.6222744
6450	-195.4555	-256.0641	60.60867	4.527688	0.4145603	0.6511756	0.7132379
6456	-193.9201	-253.9254	60.00534	4.237929	0.4282821	1.138338	1.090476
6462	-192.0012	-252.6452	60.64404	2.609543	0.4746873	0.3170151	2.520873
6468	-190.9775	-251.9341	60.95664	2.750539	0.5496212	0.2431771	2.271014
6474	-186.4528	-249.042	62.58918	3.207693	0.5496212	0.1951056	0.7198937
6480	-187.5086	-249.9767	62.46809	2.883725	0.4412485	0.0751099	1.682638
6486	-183.6857	-246.365	62.67933	2.686481	0.4412485	0.1242655	1.520237
6492	-185.7276	-249.0192	63.29159	2.004735	0.5443003	0.1242655	1.442502
6498	-188.7503	-252.103	63.35265	2.441244	0.3895511	0.2204605	0.9748849
6504	-196.1358	-254.5308	58.39499	3.776268	0.3732958	0.2241089	3.425616
6510	-194.4967	-253.1189	58.62219	3.479226	1.072759	0.1350912	3.082838
6516	-194.064	-252.881	58.81703	3.305655	1.072759	0.4011258	2.650853
6522	-199.022	-259.1462	60.12412	2.989783	1.072759	0.1881893	2.351533
6528	-193.206	-255.3575	62.15149	1.55319	0.8533445	0.3258605	1.878191
6534	-193.8113	-253.8149	60.00363	2.962266	0.8533445	1.437215	1.444762
6540	-184.1785	-243.5616	59.38313	3.046722	0.8795748	4.156669	0.6464336
6546	-182.5692	-244.0202	61.45095	2.666254	0.6093452	0.6776483	1.3729
6552	-189.9658	-251.7464	61.78056	3.525024	0.6093452	0.1409886	1.309718
6558	-190.7341	-252.371	61.63687	3.182814	0.8750367	0.4032091	0.8063532
6564	-182.0174	-244.2461	62.22879	2.535607	0.41066	0.4032091	1.461045
6570	-192.9931	-252.2553	59.26221	4.847328	0.4915118	0.04951655	2.525904
6576	-191.4965	-252.1135	60.61698	4.057028	0.4915118	0.7864018	0.9134804
6582	-193.6893	-254.6477	60.95842	2.987906	0.8311955	1.022315	0.9199551
6588	-194.4532	-253.9696	59.51633	3.511463	1.630432	1.022315	1.134263
6594	-202.7439	-261.1095	58.36563	3.089485	1.630432	0.3023705	2.911674
6600	-199.5734	-260.3338	60.76036	1.752526	1.192276	0.5115362	2.213701
6606	-189.5958	-250.4819	60.88608	2.1926	0.7436573	1.62564	1.351912
6612	-187.1408	-248.6459	61.50517	2.318944	0.4700146	1.62564	1.053992
6618	-182.9169	-244.6799	61.76296	3.776368	0.5909064	0.1661901	1.053992
6624	-182.6964	-244.0906	61.39426	4.64285	0.4086832	0.07663286	1.195759
6630	-180.3642	-241.6394	61.27514	3.819248	0.512264	0.6100268	0.4868203
6636	-185.0475	-246.2711	61.22357	3.135921	0.4212646	1.074491	1.049112
6642	-185.031	-242.8053	57.77429	2.989564	0.4533237	0.7984322	3.576727
6648	-188.8342	-250.0722	61.23793	2.870643	0.6319992	1.27109	0.7506156
6654	-188.9332	-250.6572	61.72397	2.842203	0.5043104	0.6612797	1.152609
6660	-180.8687	-240.6343	59.76565	2.443517	0.7956412	2.70426	1.508249
6666	-185.1962	-246.1961	60.99997	2.590695	0.3304889	2.70426	0.9548839
6672	-185.5673	-244.1548	58.58748	3.053754	0.5106261	6.048411	1.413475
6678	-184.8168	-243.9778	59.161	2.965314	0.2677219	6.048411	1.413475
6684	-184.1273	-243.2252	59.09789	3.201213	0.4303948	6.048411	0.9607978
6690	-183.0007	-241.3757	58.37496	3.621938	0.4303948	6.814194	1.08569
6696	-188.8014	-246.8807	58.07934	3.647238	0.8209739	6.814194	0.7647023
6702	-188.4283	-246.6907	58.26243	3.798845	0.597065	6.814194	0.6936005
6708	-188.0668	-245.8382	57.77139	3.872586	0.5379634	9.507536	0.6936005
6714	-194.9983	-253.0189	58.02068	3.70228	0.5379634	8.067986	0.9243061
6720	-187.8711	-248.088	60.2169	3.886938	1.027528	0.5738847	1.09282
6726	-181.524	-240.8866	59.36256	3.081523	0.4996552	1.724881	2.007732
6732	-184.5671	-244.2576	59.6905	2.857332	0.4996552	1.807886	1.901954
6738	-181.3438	-241.8485	60.50478	3.433611	0.4996552	1.170912	1.223736
6744	-186.8368	-245.815	58.97819	3.511672	0.4996552	1.725278	1.976995
6750	-182.4445	-243.3748	60.93029	2.921055	0.4996552	1.267931	1.2267
6756	-177.3224	-237.3079	59.98546	2.953577	0.6692746	1.185612	1.77741
6762	-174.6473	-235.0995	60.45225	2.681914	0.5350375	1.185612	1.77741
6768	-175.9299	-232.7151	56.78521	1.425232	0.7735877	0.4841834	5.010105
6774	-184.1203	-245.8954	61.77507	1.548487	0.4667047	0.4841834	2.280512
6780	-190.2765	-246.5369	56.26044	1.438031	0.4667047	0.1888968	5.898092
6786	-180.331	-235.2262	54.89519	1.480411	0.6259615	1.169336	5.676749
6792	-177.5996	-239.2602	61.66058	1.796264	0.6259615	0.832672	1.703487
6798	-181.5136	-244.1896	62.67599	1.896751	0.6259615	0.4749196	1.231513
6804	-187.4758	-248.715	61.23925	2.183098	0.5109085	0.6108714	2.039653
6810	-186.5036	-248.4936	61.99003	2.66911	0.3398388	1.284599	0.6426112
6816	-190.7842	-252.4631	61.67893	3.48083	0.6355554	0.4436969	0.5946196
6822	-189.0316	-249.2676	60.236	4.364082	0.6355554	0.8064155	0.3520885
6828	-190.7674	-249.0287	58.26134	3.942506	0.6355554	4.026262	1.268839
6834	-186.6374	-246.1923	59.55484	3.588079	0.6355554	1.347067	1.568455
6840	-185.9505	-245.8071	59.85659	4.073707	0.6355554	1.347067	0.8933011
6846	-187.2239	-246.3073	59.08341	4.125031	0.6507094	1.490306	1.420874
6852	-188.8433	-249.2706	60.42728	3.127933	0.6507094	0.9273365	1.531915
6858	-177.4971	-237.6648	60.16767	3.27751	0.4984881	0.9273365	1.775087
6864	-184.1891	-244.106	59.91688	2.780188	0.4984881	0.7404991	2.409041
6870	-191.3512	-251.9207	60.56952	2.897437	0.4994576	0.6359647	1.998912
6876	-191.8091	-253.6316	61.82251	3.238985	0.2726656	0.5976315	1.201786
6882	-189.337	-248.7256	59.38862	2.137323	0.637082	1.160688	2.73196
6888	-189.2462	-247.7833	58.53711	3.561142	0.9278335	1.160688	2.150528
6894	-191.8906	-253.1786	61.28794	3.316499	1.433804	0.313033	0.6323436
6900	-183.6274	-246.3195	62.69211	2.752385	1.092757	0.04585243	1.06943
6906	-190.8831	-252.8767	61.99365	2.012821	0.387654	0.4523221	1.965185
6912	-188.577	-249.3819	60.80489	2.310833	0.5099955	0.1421546	2.870948
6918	-186.3847	-247.3017	60.91701	2.7887	0.4614382	0.5613454	1.955163
6924	-186.5989	-247.4451	60.8462	2.630902	1.154925	0.247583	1.955163
6930	-194.468	-253.2924	58.82438	2.196096	1.623915	0.01766572	3.748893
6936	-187.7579	-248.5396	60.78176	2.456942	3.778586	0.01766572	1.737161
6942	-187.7084	-249.5581	61.84975	2.836767	2.768639	0.01766572	0.8667695
6948	-185.682	-247.3468	61.66472	3.121977	2.768639	0.02260531	0.7240034
6954	-182.7351	-244.1643	61.42919	2.760901	2.471441	0.01010592	1.404839
6960	-181.9696	-239.795	57.82539	1.602653	4.904374	0.04284883	3.812467
6966	-179.1839	-241.0989	61.91502	3.109855	1.51942	0.04284883	1.146078
6972	-187.3877	-250.3097	62.92206	3.602691	0.5479643	0.03133735	0.5868608
6978	-186.5021	-249.5365	63.03432	3.542246	0.5148938	0.03221359	0.5753692
6984	-189.1034	-249.8643	60.7609	2.921465	0.434193	0.02846444	2.909963
6990	-184.1215	-245.2404	61.11891	3.894064	0.5458634	0.02134495	1.965237
6996	-190.9613	-252.8701	61.90885	4.152397	0.5458634	0.122427	0.7029669
7002	-173.2508	-235.5581	62.30727	3.436644	0.5458634	0.122427	1.073156
7008	-180.4305	-241.0633	60.63274	3.621895	0.54634	0.7646191	1.248251
7014	-177.9756	-241.2904	63.31488	2.309168	0.54634	0.1921342	0.9543261
7020	-177.5815	-239.8608	62.27928	2.451035	0.5419989	0.3326158	1.424959
7026	-181.4057	-242.1051	60.69938	3.793127	0.5419989	1.056529	0.377928
7032	-181.8186	-242.5931	60.77447	3.501175	0.5419989	0.9674011	1.033588
7038	-179.4286	-239.109	59.6804	3.195909	0.552526	1.743187	1.643243
7044	-178.6607	-240.4969	61.83618	2.646649	0.556194	0.3501144	1.566228
7050	-191.6005	-252.5492	60.94862	3.29837	0.2892067	1.751244	0.9083764
7056	-181.5589	-242.9797	61.42081	2.763274	0.4168336	1.751244	0.5874945
7062	-176.5712	-236.9322	60.361	2.176955	1.046706	1.407735	1.629494
7068	-177.8557	-237.4709	59.61519	2.553584	0.8828428	1.407735	2.001082
7074	-180.7147	-241.5031	60.78846	3.139741	0.3951833	1.628374	1.083079
7080	-190.0554	-249.8573	59.80191	3.898388	0.6601458	1.628374	0.8794039
7086	-188.8849	-248.7875	59.90261	3.915696	0.6601458	1.112143	1.166431
7092	-195.1059	-251.699	56.59315	5.190564	0.6934165	6.410429	0.987345
7098	-198.6735	-255.2534	56.57991	5.456918	0.3337329	6.410429	1.295271
7104	-195.8912	-252.7675	56.87636	4.830318	0.415587	6.194097	1.464065
7110	-192.0742	-249.9795	57.90526	4.544044	0.5390039	1.601605	2.01769
7116	-188.7295	-248.9602	60.23071	3.342213	0.475149	2.084916	1.010908
7122	-182.931	-241.4421	58.51115	3.395641	0.64089	5.519794	1.142168
7128	-192.5695	-251.588	59.01854	2.834971	0.7595176	4.268667	1.356983
7134	-188.1754	-245.0682	56.89283	3.104627	0.8789711	4.268667	2.526438
7140	-192.9116	-249.1239	56.21225	5.462894	0.6634921	4.268667	1.585903
7146	-190.9885	-248.5968	57.60831	5.1302	0.8459167	3.134806	0.8100501
7152	-191.1641	-249.1484	57.98429	5.048162	0.5062625	3.926863	0.5598841
7158	-197.5901	-256.3801	58.79002	3.560114	0.6310865	5.524207	0.3918239
7164	-189.2714	-248.093	58.82155	3.560114	0.4938906	5.524207	0.2440569
7170	-187.1289	-246.1877	59.05884	3.522995	0.4938906	5.524207	0.4509419
7176	-197.778	-255.4762	57.69819	3.641506	0.9040283	8.839201	0.4509419
7182	-197.1498	-254.3134	57.16362	3.935702	1.203267	8.573697	0.5435055
7188	-190.2453	-248.0407	57.79544	3.805763	0.722768	8.573697	0.4654066
7194	-188.8485	-247.3752	58.52665	4.113985	0.5368479	3.736161	0.1707634
7200	-187.3127	-245.5363	58.2236	4.113985	0.7306769	3.736161	0.1630355
7206	-184.7702	-243.6184	58.84815	4.132647	0.3347381	3.736161	0.1630355
7212	-184.0457	-242.9627	58.91697	3.657135	0.7334795	3.736161	0.24342
7218	-178.3852	-238.85	60.46485	3.430894	0.431221	1.859383	0.24342
7224	-179.1711	-239.9733	60.8022	3.295075	0.3195276	1.859383	0.2325393
7230	-179.2206	-238.6374	59.41681	3.282639	0.4689076	1.859383	1.811648
7236	-178.9789	-239.7502	60.77139	2.036518	1.055529	0.718647	1.905062
7242	-199.0342	-259.8209	60.78674	2.752128	0.4026295	0.3559301	2.370712
7248	-180.1393	-242.5789	62.43952	2.352745	0.3395481	1.029643	0.80101
7254	-171.8853	-232.7769	60.89157	2.405269	0.4798216	1.029643	1.827438
7260	-181.152	-239.8091	58.65708	2.636083	0.4798216	1.153856	3.022722
7266	-177.6131	-233.9742	56.36109	2.461041	0.3893221	0.3691505	5.112645
7272	-176.8642	-240.8836	64.01939	1.645949	0.359275	0.09054689	1.518501
7278	-170.5884	-232.6971	62.10869	1.477288	0.8713643	0.08629011	2.42252
7284	-167.1315	-228.2016	61.07016	2.926017	0.4647719	0.1215177	2.42252
7290	-168.5261	-229.8698	61.34369	2.590769	0.436367	0.09442153	2.562387
7296	-167.4871	-226.7695	59.28245	2.799832	0.3957985	0.2933326	3.347506
7302	-175.7791	-238.1876	62.40858	2.298289	0.4890129	0.2259852	1.697962
7308	-184.4615	-244.6617	60.2002	2.779777	0.3285356	0.381605	2.779544
7314	-177.8733	-239.871	61.99767	2.693197	0.4475168	0.491199	1.343145
7320	-171.821	-232.9579	61.13696	2.931873	0.8858145	0.1528791	1.927624
7326	-186.6422	-245.0493	58.40709	2.125709	0.8858145	0.3332134	3.788945
7332	-178.474	-241.3243	62.85035	2.519392	1.130911	0.09235133	0.8817561
7338	-189.8035	-252.1475	62.34404	2.813213	0.2653064	0.1952157	1.76425
7344	-184.1733	-246.1521	61.97877	2.826045	0.6462838	0.2751615	1.351136
7350	-179.1139	-240.9476	61.83375	3.410931	0.5062874	0.4547019	0.7676486
7356	-179.5149	-242.4082	62.89335	2.358648	0.5451576	0.3032067	1.034601
7362	-183.1646	-245.0568	61.89217	2.498485	0.5689405	0.6886779	1.185072
7368	-169.4071	-232.7152	63.30803	2.328594	0.5689405	0.1927572	0.9010624
7374	-179.0153	-240.71	61.69461	1.99394	0.3103205	0.3006769	2.474419
7380	-179.7698	-239.8036	60.03374	4.873683	0.7667277	0.2388873	1.215704
7386	-185.77	-247.6956	61.92556	3.079537	0.8832465	0.3548319	0.3758956
7392	-188.588	-250.6044	62.01642	2.498456	0.3622157	1.073163	1.011615
7398	-191.4914	-253.3685	61.87711	2.507536	0.4806748	0.2712318	1.849439
7404	-186.3713	-247.1278	60.75655	3.016567	0.5885217	0.2712318	2.143819
7410	-198.0831	-260.6215	62.53838	1.834432	0.600651	0.3033193	1.672516
7416	-184.005	-243.4906	59.48565	2.026087	0.6271946	0.2431162	3.532476
7422	-186.5088	-245.6885	59.17967	2.408695	0.9209821	2.058489	2.073101
7428	-189.2479	-247.8382	58.59031	2.065018	1.221538	0.9224261	3.017564
7434	-180.3989	-243.2283	62.82947	1.917639	0.5808923	0.5416929	1.035835
7440	-177.0452	-238.5413	61.49608	2.086924	0.5433212	0.7705848	1.752412
7446	-171.848	-233.7077	61.85966	2.559286	0.7012468	0.5739498	1.1392
7452	-179.8084	-241.2381	61.4297	2.171083	0.577107	0.5742225	1.886737
7458	-173.4698	-235.8584	62.38865	2.482683	0.3129259	0.727469	1.130599
7464	-176.5377	-236.9495	60.41177	1.893689	0.6582709	0.871483	2.408
7470	-173.8446	-231.4884	57.64382	2.331271	1.047182	3.047901	2.708141
7476	-169.2974	-229.5263	60.22893	2.145358	0.5452472	1.620108	2.05243
7482	-173.0377	-232.8384	59.80079	2.178586	0.5452472	1.620108	2.308723
7488	-183.2629	-246.1955	62.93265	2.461238	0.1807973	0.4519526	1.332018
7494	-182.7749	-242.631	59.85615	3.763749	0.6418638	0.9278699	1.492282
7500	-187.4524	-245.8558	58.40345	1.951821	0.4486458	1.059279	3.658023
7506	-183.6621	-240.3223	56.66016	3.24764	0.4486458	1.611283	3.658023
7512	-186.7887	-247.398	60.60935	2.034241	0.8051614	1.451909	1.7133
7518	-180.5552	-239.1373	58.58214	2.702437	0.6053973	2.206209	2.464774
7524	-186.0599	-246.5147	60.45478	2.94883	0.3408021	1.514868	1.6522
7530	-190.2934	-248.8225	58.52908	2.424707	0.3947228	3.148535	2.614289
7536	-188.3002	-247.8046	59.50443	2.108501	0.4594288	2.313567	2.367822
7542	-189.6326	-250.2483	60.61565	2.199797	0.5161756	1.095941	2.068198
7548	-180.0601	-241.1191	61.05898	2.17739	0.5161756	0.7096615	2.068198
7554	-183.2975	-244.1022	60.80474	3.336356	0.5161756	0.4992787	1.658447
7560	-180.9963	-242.8348	61.83852	3.158986	0.4737686	0.5886627	0.877595
7566	-189.8454	-251.0718	61.22643	3.405039	0.3385145	0.4334223	1.625302
7572	-171.4935	-234.7909	63.29742	2.503146	0.4238326	0.2537456	0.7866148
7578	-174.6631	-235.3194	60.65629	2.707508	0.3536537	0.6491994	2.231581
7584	-168.3198	-229.5865	61.26667	2.786514	0.3536537	1.518041	1.116847
7590	-169.0388	-231.4179	62.37911	2.130804	0.3536537	0.1185209	2.237596
7596	-168.2837	-229.9992	61.71553	2.914504	0.6069988	0.0717035	2.006355
7602	-172.3043	-234.3914	62.08712	3.052109	0.3712573	0.1151694	1.803668
7608	-175.3327	-235.3581	60.02541	2.440578	0.334366	0.2150231	3.315507
7614	-177.8026	-240.1667	62.36405	2.005902	0.4351563	0.6580551	1.415351
7620	-181.7898	-244.4603	62.67049	2.331347	0.4351563	0.05968647	1.982345
7626	-188.9323	-246.6052	57.67288	5.504175	0.3267715	0.2509491	2.842208
7632	-185.4529	-245.4055	59.9526	4.728089	0.3267715	0.780146	1.213235
7638	-184.4647	-243.296	58.83126	4.290795	0.4894788	2.279024	1.294745
7644	-188.1485	-247.302	59.15352	3.520586	0.41223	2.279024	1.733267
7650	-187.1519	-247.6425	60.49057	3.378548	0.3894837	2.279024	0.7146926
7656	-180.6765	-240.1489	59.47245	2.471149	0.3894837	2.279024	2.251121
7662	-179.2123	-240.2002	60.98796	2.285575	0.6385187	0.8589638	1.798632
7668	-174.8677	-234.1528	59.28512	1.609306	0.6301436	0.9895991	3.215106
7674	-192.2498	-249.4513	57.20147	2.12812	0.943385	0.9345027	3.938738
7680	-184.8942	-246.7413	61.84707	2.610505	0.5952348	0.1864906	1.836819
7686	-185.0774	-246.847	61.76961	2.596066	0.5952348	0.1731656	1.928206
7692	-187.0276	-249.4627	62.43505	3.891371	0.5952348	0.02644217	0.8383982
7698	-180.838	-243.903	63.06494	3.117554	0.5952348	0.08476039	0.6260784
7704	-182.0218	-241.9854	59.9636	3.217768	0.8354784	1.489138	1.258855
7710	-177.3911	-238.0119	60.62081	2.036831	0.3873617	0.2980162	3.009315
7716	-180.0243	-242.2972	62.27288	2.154706	0.3275985	0.5111598	1.692413
7722	-188.5593	-242.1453	53.58601	6.872654	0.5869668	15.71755	1.045444
7728	-188.8859	-243.7016	54.81565	4.847181	0.90417	15.71755	1.385116
7734	-196.3519	-249.365	53.01311	4.502506	0.6713173	19.67007	2.748384
7740	-185.2655	-240.2547	54.9892	4.961152	0.570118	19.67007	1.180276
7746	-190.0828	-241.8787	51.79594	6.358611	0.8790139	31.55711	1.608969
7752	-184.047	-236.5938	52.54681	6.124792	0.8191915	25.74572	1.553786
7758	-178.7442	-232.8047	54.06044	5.047383	0.8191915	25.74572	1.211084
7764	-182.1386	-235.5761	53.43749	6.291478	0.8191915	21.52302	0.9273387
7770	-178.3148	-234.2829	55.96806	6.486456	0.6170058	5.30597	0.488039
7776	-179.7323	-238.3089	58.57652	4.654803	0.6170058	2.039828	1.147309
7782	-182.183	-240.2802	58.0972	5.019718	0.6170058	2.786182	0.8849036
7788	-186.1005	-244.4021	58.30159	4.999891	0.6170058	2.786182	0.5896176
7794	-183.7259	-244.2388	60.51289	3.289333	0.4495033	0.6581755	1.808886
7800	-186.9129	-247.8297	60.91673	2.848406	0.4495033	0.6581755	1.834445
7806	-184.0528	-243.5235	59.47068	5.284468	0.5296208	0.3782747	1.346217
7812	-181.8869	-240.3521	58.46512	6.665679	0.7221939	0.3782747	0.6817818
7818	-189.4694	-250.097	60.62758	5.127353	0.4543191	0.2540959	0.7720694
7824	-175.856	-235.8853	60.02926	3.205829	0.6781799	0.5926326	2.018437
7830	-171.5634	-233.3238	61.76047	2.16213	0.3798992	0.4634012	2.018437
7836	-176.625	-237.2053	60.5803	2.327398	0.7817725	1.343446	1.604342
7842	-177.5297	-238.8209	61.29128	2.659883	0.446875	0.7710293	1.604342
7848	-181.197	-241.3009	60.10389	2.644159	0.5216067	0.8007724	2.306354
7854	-178.1443	-238.5444	60.40007	3.62552	0.5216067	0.9804827	1.271784
7860	-178.1424	-237.6056	59.46315	4.587603	0.5718075	1.466624	0.736791
7866	-181.8243	-241.2229	59.39862	5.155397	0.30978	1.466624	0.6989933
7872	-178.8826	-238.9335	60.05085	3.182135	0.6509638	1.492863	1.400131
7878	-177.9163	-237.4172	59.50093	4.091068	0.494261	1.492863	1.302767
7884	-172.9974	-232.4342	59.43678	3.199818	0.3064802	1.913246	2.049202
7890	-187.1567	-244.8378	57.68108	3.356458	0.2624323	1.913246	3.110545
7896	-186.0816	-249.9772	63.89564	2.587795	0.3410758	0.1158273	0.6559503
7902	-190.0856	-253.3502	63.26461	3.317193	0.2270092	0.1594703	0.6915235
7908	-187.391	-247.785	60.39404	3.674009	0.557126	1.002191	1.170126
7914	-181.9413	-240.8206	58.87932	2.794541	0.5619347	0.8597239	2.891033
7920	-184.9013	-242.9846	58.08322	3.108231	0.4927583	3.778753	2.201949
7926	-177.5142	-235.8129	58.29867	3.947769	0.5780749	3.037176	1.585469
7932	-176.1421	-237.4838	61.34162	3.760524	0.4242381	0.6894037	0.6466201
7938	-180.7978	-239.5728	58.77502	2.995437	0.5072041	2.132878	2.278048
7944	-179.549	-240.7465	61.19741	3.674056	0.4345874	0.8153343	0.7462767
7950	-183.1886	-244.588	61.39942	3.352495	0.4345874	0.8153343	0.8993297
7956	-181.0975	-243.0426	61.94512	2.123765	0.4345874	0.3764335	1.959657
7962	-175.6972	-236.8753	61.17811	2.724013	0.475353	0.9616868	1.445466
7968	-179.5489	-241.4202	61.87138	3.783709	0.475353	0.28197	0.7626896
7974	-170.4004	-233.6306	63.23013	2.565913	0.4501931	0.2230998	0.8376264
7980	-170.1467	-232.7256	62.57889	2.949267	0.6576569	0.2482096	0.65026
7986	-191.9972	-253.5451	61.5479	2.949267	0.8219478	0.6457077	0.7941477
7992	-184.9001	-244.0504	59.15033	3.795197	0.5596843	0.3478732	2.585128
7998	-184.8207	-245.2072	60.38652	3.312378	0.5596843	0.3478732	2.105933
8004	-179.7164	-236.319	56.60259	3.029559	0.5730946	11.09153	2.105933
8010	-179.3637	-236.4254	57.06171	2.913886	0.5679249	11.09153	1.88185
8016	-183.7131	-240.3047	56.59159	2.913886	0.945521	11.09153	1.88185
8022	-175.8377	-233.5255	57.68779	3.073694	0.3438095	12.0193	1.515697
8028	-180.1326	-237.9963	57.86376	3.398916	0.4057886	12.0193	0.98933
8034	-176.9499	-234.6183	57.6684	3.59142	0.8199048	9.886563	0.548875
8040	-177.0089	-234.9385	57.92964	3.59142	0.6108017	9.801878	0.6221814
8046	-181.6746	-239.2826	57.60794	3.59142	0.6303524	11.96955	0.4790703
8052	-188.4154	-247.3971	58.98166	3.727689	0.433697	5.377471	0.4045948
8058	-187.3579	-246.5782	59.22029	3.507662	0.433697	5.377471	0.5347484
8064	-202.6496	-261.419	58.7694	6.289733	0.544898	0.1713212	1.495309
8070	-191.3498	-249.9665	58.6167	3.790743	0.3269838	7.727734	0.4527712
8076	-191.0179	-249.4722	58.45428	4.157007	0.3269838	6.753765	0.4673187
8082	-189.7206	-249.2127	59.49209	4.103695	0.4631143	2.698174	0.4673187
8088	-191.4774	-251.4877	60.01027	2.353723	0.4991906	2.698174	1.697536
8094	-188.3314	-248.6367	60.30533	2.667375	0.6420151	1.204182	1.768566
8100	-182.892	-242.5829	59.69093	2.904019	0.641067	2.321808	1.507917
8106	-169.7064	-230.7879	61.08145	3.041017	0.3977301	1.926493	0.5310686
8112	-169.8619	-231.5423	61.68041	3.227828	0.3977301	0.9001122	0.6311655
8118	-176.4925	-237.8542	61.3617	3.014643	0.7378002	0.9001122	0.6509313
8124	-181.4685	-242.2035	60.73499	3.710924	0.3236087	1.662602	0.4837532
8130	-176.665	-235.243	58.57801	5.553875	0.4793313	0.8602079	1.345961
8136	-180.2043	-238.904	58.69965	4.2474	0.8032492	3.070402	0.551498
8142	-178.1654	-237.559	59.39365	3.901867	0.5169539	3.070402	0.6728639
8148	-184.8282	-242.9765	58.14828	4.757746	0.4055299	4.465163	0.8086895
8154	-191.1287	-250.597	59.46831	4.459046	0.73877	1.381752	0.3638472
8160	-175.1011	-235.5085	60.40741	3.793668	0.5503905	1.381752	0.6398974
8166	-180.7243	-241.982	61.25768	3.983983	0.5503905	0.3971772	0.2762948
8172	-171.2666	-233.8924	62.62577	3.677867	0.4988564	0.07386956	0.3034509
8178	-176.6625	-239.0234	62.36093	3.677867	0.4988564	0.1680116	0.5109099
8184	-178.3088	-240.2468	61.93792	3.143716	0.533571	0.5905835	0.5624723
8190	-178.1965	-241.8457	63.64918	3.143716	0.2605429	0.09258438	0.4162875
8196	-186.5406	-249.5473	63.0067	3.8476	0.2605429	0.07893974	0.4162875
8202	-193.5114	-256.369	62.85756	3.114501	0.3485454	0.2725118	0.6750035
8208	-187.6387	-250.0321	62.39341	2.454149	0.5301745	0.3648452	1.293008
8214	-182.7559	-244.6358	61.87992	2.35689	0.435171	0.2136059	2.104967
8220	-184.4534	-244.5136	60.06019	6.065823	0.4733945	0.08094989	0.9869575
8226	-189.0692	-247.2789	58.20977	7.825882	0.7120997	0.08094989	0.6361138
8232	-182.0244	-242.8468	60.82245	5.35129	0.5217588	0.0914729	0.7845837
8238	-190.0045	-250.0405	60.03595	3.977583	0.5072927	0.07987653	2.477423
8244	-192.1236	-253.4569	61.33333	4.552592	0.5654678	0.07987653	1.080537
8250	-189.6134	-248.7396	59.12622	5.44562	0.5654678	0.02841895	2.221422
8256	-194.5875	-256.9595	62.37201	3.188717	0.5654678	0.1730002	1.048492
8262	-186.6837	-242.04	55.35632	4.35695	0.5545119	0.9607107	3.98302
8268	-187.5088	-245.6697	58.16091	2.677767	0.6133621	0.2112551	3.98302
8274	-198.5991	-257.7269	59.12782	2.866068	0.8515052	0.5460142	2.716806
8280	-194.14	-255.1787	61.03873	1.385039	0.8515052	0.3611526	2.655108
8286	-199.8605	-261.0067	61.1462	1.948293	0.7577624	0.3611526	2.30394
8292	-205.5905	-265.4183	59.82788	4.398225	0.9129991	0.792467	0.7693398
8298	-206.735	-267.3325	60.59749	3.930487	0.9129991	0.5814825	0.7361513
8304	-199.5019	-260.8996	61.39768	4.516066	0.401545	0.2463346	0.3371815
8310	-191.279	-252.2853	61.00623	3.267772	0.401545	0.1239597	2.31366
8316	-191.0804	-252.8602	61.7798	3.765237	0.7747766	0.1756633	0.3246817
8322	-190.3175	-251.8027	61.48524	3.82863	0.7747766	0.2340751	0.2800461
8328	-189.8562	-250.3643	60.50816	4.723908	0.4442913	0.5026803	0.2775903
8334	-199.703	-259.6349	59.93191	4.070167	0.6030124	1.416317	0.7954329
8340	-189.4113	-247.7489	58.33766	4.752971	0.6030124	1.13447	1.76806
8346	-192.9717	-247.9254	54.95368	9.308955	0.5023014	0.9646786	1.108176
8352	-181.262	-237.5183	56.25634	7.228262	0.461479	2.105679	1.105949
8358	-188.789	-251.3002	62.51126	2.770667	0.6697466	0.06450708	1.512984
8364	-188.3356	-250.6332	62.29767	2.222771	0.7300001	0.2340952	1.564588
8370	-190.8825	-250.3042	59.42178	4.600102	0.8056041	0.3937313	1.594991
8376	-198.1613	-258.5557	60.39437	2.406489	0.8056041	0.7708337	2.04358
8382	-191.3194	-252.1035	60.7841	2.781347	0.4902895	1.196662	1.512642
8388	-180.3902	-242.129	61.73885	2.781347	0.6263037	0.4106771	1.367869
8394	-194.7647	-252.9414	58.17675	2.66633	0.5124174	3.916794	2.373461
8400	-193.307	-250.9821	57.67509	4.087392	0.9809755	3.873369	1.337769
8406	-189.3609	-246.1443	56.78344	3.179037	0.9809755	1.862745	3.117189
8412	-184.7717	-244.1898	59.41812	2.763844	1.141277	1.862745	1.595977
8418	-183.3471	-243.3408	59.99363	3.666937	0.6351696	1.862745	0.7797918
8424	-181.4807	-241.014	59.53337	4.235986	0.4040047	2.303587	0.8011008
8430	-201.8143	-256.1234	54.30909	6.461581	0.6304683	14.60725	0.7606302
8436	-193.9448	-246.991	53.04622	7.475562	0.5657864	18.60428	0.6409988
8442	-197.4538	-250.5336	53.07976	7.475562	0.5657864	18.60428	0.5042676
8448	-205.9202	-259.064	53.1438	7.429635	0.5657864	18.4108	0.498461
8454	-203.6605	-256.9866	53.32608	7.329643	0.5121766	18.4108	0.5310252
8460	-203.4513	-260.9259	57.47469	4.992243	0.5148435	3.808198	1.262904
8466	-204.4973	-259.7595	55.26223	5.062262	0.5148435	9.772543	1.837338
8472	-201.2232	-254.2573	53.03409	7.139054	0.5004149	22.91379	0.7859054
8478	-201.2892	-255.3504	54.06124	6.519425	0.7831126	15.19751	0.6270455
8484	-192.7936	-246.3935	53.59993	6.041307	1.029165	20.42968	0.8782533
8490	-193.1267	-246.9813	53.85465	5.94458	0.7081362	20.42968	1.084073
8496	-195.9813	-255.1794	59.19805	4.728024	0.4802912	1.792457	0.8025846
8502	-188.6526	-247.2576	58.60501	4.727325	0.7263859	2.385619	0.6294247
8508	-196.8522	-253.0675	56.21528	5.320149	0.7263859	6.043128	1.251969
8514	-192.1997	-246.0604	53.86065	6.066765	0.5463877	19.38806	1.251969
8520	-191.5179	-244.9369	53.41901	6.319711	0.5463877	19.10903	1.422918
8526	-192.3126	-246.8859	54.57336	6.225333	0.4426044	17.24879	0.7430271
8532	-191.4721	-246.8837	55.41161	3.802029	0.5406165	17.24879	1.930928
8538	-183.8697	-238.3525	54.48278	3.802029	0.6771997	17.24879	2.407069
8544	-187.3623	-242.0377	54.67542	3.681985	0.4293323	17.24879	2.602481
8550	-187.414	-244.7085	57.29446	2.664378	0.6711946	4.822423	2.602481
8556	-188.251	-248.5105	60.25946	3.037317	1.076313	0.5705446	1.694765
8562	-187.5163	-246.4969	58.98065	4.111532	1.076313	1.410151	1.1729
8568	-190.1996	-247.6016	57.402	3.198014	1.076313	1.410151	2.865642
8574	-179.896	-240.4648	60.56881	4.228896	0.8060131	0.5119765	0.6625682
8580	-187.4558	-249.7818	62.32604	3.565397	0.4598843	0.1905813	0.8159375
8586	-195.2515	-255.2955	60.04399	4.204526	0.7931198	0.9836011	0.5781791
8592	-186.9388	-248.0602	61.12133	3.596257	0.5795406	0.7717206	0.6928683
8598	-184.0806	-245.7832	61.70262	3.986215	0.4725128	0.2399744	0.2560985
8604	-193.0774	-251.997	58.91962	5.588514	0.6759193	0.2098907	0.06738778
8610	-190.0373	-247.7667	57.72937	6.057409	0.6759193	1.015323	0.1333152
8616	-184.4887	-243.3519	58.86325	6.205624	0.3444611	0.4518217	0.1333152
8622	-183.4035	-242.6441	59.24055	5.305424	0.5408904	0.733142	0.1930469
8628	-189.3296	-246.4548	57.12512	6.830437	0.5408904	1.325902	0.1930469
8634	-189.9803	-243.6759	53.69561	7.422954	0.5354921	11.76817	0.2243465
8640	-183.64	-241.3193	57.67929	4.365045	0.5905061	4.733606	1.270936
8646	-187.5034	-247.0325	59.52911	3.176087	0.5012683	4.559759	0.8115966
8652	-181.5785	-244.0937	62.5152	3.176087	0.5087818	0.2378659	0.7914948
8658	-185.0185	-246.6122	61.59375	2.87806	0.5061808	0.9762013	0.8782261
8664	-197.6875	-255.5699	57.88238	4.532043	0.5034911	5.384431	0.8782261
8670	-196.2119	-252.9031	56.69119	4.819038	0.5034911	6.827642	1.386358
8676	-195.5976	-250.0379	54.44033	3.972905	0.5034911	10.32367	3.004949
8682	-188.2713	-244.7437	56.47237	4.565004	0.4775204	7.322031	1.69217
8688	-192.055	-249.0859	57.03091	4.782086	0.4775204	7.322031	1.079685
8694	-194.502	-251.1021	56.60016	5.705163	0.6753093	4.80255	0.8964951
8700	-189.5865	-249.3761	59.78963	3.614776	0.6753093	2.397283	0.5981087
8706	-197.3536	-256.8243	59.47066	4.021499	0.9161473	1.658618	0.3309795
8712	-190.2725	-248.866	58.5935	5.125413	0.3834195	2.729383	0.4242698
8718	-192.0568	-253.0599	61.00312	3.427068	0.7107348	0.9169564	0.4844904
8724	-185.6378	-245.6179	59.98009	3.657128	0.7316056	1.627077	0.8443203
8730	-177.5959	-238.8116	61.21572	2.781393	0.4394039	1.627077	0.9331332
8736	-179.0406	-240.065	61.02437	2.96213	0.6413446	1.172453	0.9817759
8742	-184.6651	-243.6667	59.00161	3.518087	0.6358672	0.5217057	2.582571
8748	-186.869	-248.9652	62.09615	3.439152	0.6358672	0.08247742	1.285609
8754	-172.5617	-231.053	58.4913	2.820591	0.8774913	1.886317	2.348282
8760	-175.2478	-235.8889	60.64117	2.967408	0.5603431	1.638487	1.10999
8766	-181.7256	-243.2198	61.49421	2.731428	0.3238828	1.704583	0.8769175
8772	-174.1781	-236.4979	62.31978	2.502266	0.7343248	0.5393716	0.698338
8778	-181.7347	-242.5365	60.80175	3.085997	0.3197739	0.9178752	1.711663
8784	-194.0531	-248.3469	54.2938	4.634537	0.4600508	14.28401	2.410326
8790	-183.5719	-238.6463	55.07436	5.022225	0.7435279	14.28401	1.315634
8796	-185.3203	-238.4971	53.17676	5.327326	0.7435279	29.55822	1.558055
8802	-197.9834	-249.6871	51.70371	5.611562	0.4993295	19.72759	3.021077
8808	-192.0869	-244.2367	52.1498	3.751135	0.5444166	11.79349	4.301158
8814	-196.2355	-246.6038	50.36837	3.981392	0.565581	16.49892	4.841139
8820	-195.0463	-248.1382	53.09195	4.518263	0.565581	16.49892	2.965931
8826	-188.9301	-243.5911	54.66106	4.503829	0.455407	16.49892	2.107776
8832	-191.9353	-246.6786	54.74323	4.458135	0.765161	17.57158	1.704196
8838	-180.5729	-240.2694	59.69656	3.622705	0.4565172	2.622532	1.018681
8844	-180.6454	-239.4903	58.84489	3.742269	0.5413557	2.622532	1.511798
8850	-178.6022	-236.9749	58.37264	3.178252	0.6000921	4.146589	1.765955
8856	-188.2914	-245.5029	57.21153	3.380112	0.518729	5.216514	2.275735
8862	-185.034	-244.2777	59.24366	3.485934	0.518729	4.123462	0.9124732
8868	-189.6399	-249.6513	60.01139	2.61388	0.3616012	1.631156	2.097708
8874	-193.201	-254.6941	61.49316	2.637207	0.3616012	1.141016	1.297532
8880	-187.7514	-248.636	60.88456	4.774793	0.3616012	0.4281651	0.5509315
8886	-192.6568	-255.8734	63.21664	2.747019	0.4311871	0.2323956	0.4888677
8892	-188.1682	-248.7799	60.61172	4.299122	0.4945738	0.6700839	0.7994758
8898	-173.4168	-236.7942	63.37739	2.803118	0.4761607	0.1058416	0.794726
8904	-171.4602	-231.445	59.98487	5.409494	0.4600478	0.1551271	1.387357
8910	-178.932	-242.4962	63.56423	2.85222	0.3663753	0.08815969	0.8519695
8916	-186.1462	-245.8988	59.75265	4.608414	0.9385569	0.05723419	1.962478
8922	-175.6431	-237.4244	61.78131	2.739693	0.9385569	0.09129142	1.743123
8928	-175.0408	-237.8347	62.79386	1.990131	0.704122	0.5576103	0.7738295
8934	-173.4298	-235.2718	61.842	3.099699	0.3585546	0.8667908	0.7738295
8940	-172.8786	-236.0262	63.14759	2.501157	0.4779035	0.1987078	1.021921
8946	-175.0624	-237.908	62.84564	3.531214	0.3781968	0.03724689	1.118952
8952	-182.2397	-243.5927	61.353	4.150924	0.3781968	0.1882383	1.336414
8958	-178.0641	-240.7229	62.6588	2.638011	0.542572	0.1626755	1.336414
8964	-177.3515	-239.8762	62.52469	1.94951	0.3028858	0.401892	1.83349
8970	-184.3801	-242.9969	58.61679	2.500926	0.9804288	0.7451176	2.997111
8976	-184.3647	-244.1891	59.82444	2.749575	0.3950757	0.4111927	2.907686
8982	-175.1955	-237.9971	62.80155	2.218551	0.573675	0.2429064	1.328502
8988	-172.2414	-235.4964	63.255	2.766056	0.5572755	0.1205645	0.7507783
8994	-167.9423	-231.3104	63.36814	2.652918	0.5572755	0.1205645	0.7507783
9000	-169.9003	-233.2849	63.38463	2.617832	0.3788911	0.149356	1.010929
9006	-172.1874	-234.12	61.93267	2.3071	0.3753119	0.3489116	1.959103
9012	-177.0322	-236.1882	59.15597	2.467646	0.5463497	1.838893	2.441781
9018	-179.6862	-239.8199	60.13369	3.028755	0.5285022	1.838893	1.412829
9024	-173.9129	-236.3886	62.4757	1.994828	0.5285022	0.3556866	1.598307
9030	-180.5027	-241.6738	61.17109	1.930215	0.5285022	1.119426	1.84831
9036	-179.0201	-239.3124	60.29232	2.70736	0.5285022	0.1740244	2.857319
9042	-181.542	-242.0919	60.54994	2.238101	0.2735396	0.4997054	2.844112
9048	-186.6111	-249.7324	63.12136	1.951651	0.2735396	0.2225838	1.753024
9054	-184.5642	-245.6335	61.06932	3.036099	0.3888334	1.889498	0.691533
9060	-182.5619	-241.9686	59.40672	4.567592	0.3888334	1.889498	0.8744077
9066	-178.2216	-236.9517	58.73013	4.446894	0.386801	4.113173	0.5880517
9072	-183.8526	-241.3489	57.49632	4.830862	0.2107299	9.867183	0.518307
9078	-175.0858	-232.6686	57.58278	4.830862	0.5475761	5.701346	0.6589355
9084	-172.4877	-230.2604	57.77277	3.737777	0.7303705	5.701346	1.336578
9090	-170.1912	-228.318	58.12678	4.50738	0.3876917	5.399612	0.8596692
9096	-166.6551	-224.2799	57.62486	4.315876	0.6241579	5.399612	1.160578
9102	-166.3859	-225.9346	59.54871	4.036902	0.7121134	1.99389	0.5655778
9108	-173.1892	-232.2836	59.09432	4.080927	1.038288	1.99389	0.6854345
9114	-171.7606	-231.2261	59.46552	4.170971	0.6384879	1.99389	0.6854345
9120	-186.7096	-247.4156	60.70602	3.708272	0.7872764	0.7571234	0.7644043
9126	-182.3263	-241.294	58.96772	4.14433	0.5336673	0.1608467	2.810565
9132	-176.692	-236.9861	60.29415	5.089847	0.4946345	0.1608467	1.33343
9138	-187.414	-249.5257	62.11171	3.683734	0.3923639	0.2359629	0.9221026
9144	-187.5725	-245.9484	58.37592	6.149237	0.6853286	0.2359629	1.599602
9150	-186.4889	-246.6637	60.17486	4.748506	0.2992638	0.355773	1.587081
9156	-182.5625	-242.6644	60.10194	3.492155	0.2843793	0.3515854	2.501188
9162	-180.0798	-242.4557	62.37595	3.319498	0.2282602	0.03404076	1.909522
9168	-172.92	-234.8281	61.90803	2.84371	0.5013458	0.1140537	1.909522
9174	-186.186	-248.4116	62.22558	2.176754	0.4995576	0.1854312	1.97726
9180	-188.8237	-249.272	60.4483	2.734417	0.4995576	0.9994355	1.903195
9186	-194.3964	-251.5359	57.13943	2.700797	0.5146861	1.704751	3.595332
9192	-186.4484	-247.8078	61.35939	3.291294	0.3389039	0.7977031	1.198409
9198	-197.1899	-258.4276	61.23771	2.388591	0.4160377	0.428746	2.207387
9204	-186.1071	-247.9996	61.89253	2.852773	0.3697775	0.428746	1.499791
9210	-187.8427	-247.8381	59.99534	4.324776	0.6098987	0.03718051	2.316094
9216	-182.3018	-243.8475	61.54567	2.781951	0.4931221	0.02290499	2.46125
9222	-189.3508	-247.4984	58.14753	3.259858	0.7094084	0.1030434	3.796778
9228	-187.4789	-247.2841	59.80516	5.248297	0.7094084	0.09770616	1.530902
9234	-183.2643	-244.9607	61.69641	2.685817	0.7094084	0.3119156	1.543472
9240	-186.7642	-245.9075	59.14335	4.250194	0.7781962	0.7681397	1.661757
9246	-176.5291	-236.5051	59.97604	3.68332	0.7276906	0.6136211	1.661757
9252	-177.6032	-239.1946	61.59138	4.232729	0.5132773	0.1813312	0.8237983
9258	-185.494	-244.1483	58.65424	5.881494	0.5132773	0.681406	1.142689
9264	-182.6567	-242.2239	59.56721	5.189152	0.5132773	0.5291594	1.142689
9270	-183.589	-240.4607	56.87167	4.013524	0.453523	2.747523	2.695957
9276	-185.8239	-244.194	58.37015	2.40177	0.6213586	3.564692	2.393205
9282	-179.3182	-235.7546	56.43639	2.667923	0.5291568	3.564692	3.483912
9288	-178.8269	-235.9712	57.14433	3.174607	0.5291568	9.932219	1.807784
9294	-183.3415	-241.9117	58.57023	2.956133	0.4323867	5.568933	1.68596
9300	-180.8265	-240.2286	59.4021	3.210542	0.4323867	2.022563	1.84857
9306	-185.2229	-246.269	61.04605	3.542731	0.3985554	0.8527609	1.088904
9312	-182.5537	-238.5676	56.01394	3.700721	0.5581881	12.57124	1.931478
9318	-177.9634	-235.8979	57.93448	3.721782	0.4209469	6.599066	1.42405
9324	-185.9071	-243.2175	57.31032	3.798198	0.7387066	6.599066	1.475546
9330	-188.7724	-246.115	57.34261	3.865527	0.7387066	6.599066	1.399156
9336	-182.9313	-240.2214	57.29012	3.941519	0.660017	6.599066	1.459926
9342	-184.2207	-241.5767	57.35599	4.465165	0.660017	6.599066	0.9506925
9348	-180.8439	-239.2997	58.45576	3.179361	0.6276278	6.599066	1.169788
9354	-177.2949	-235.6304	58.3355	3.496466	0.7789593	6.599066	0.7523128
9360	-177.019	-235.2372	58.21817	3.817731	0.5207395	6.599066	0.9407512
9366	-180.9451	-240.4919	59.54682	4.037961	0.4153937	2.778472	0.698851
9372	-185.5591	-243.8389	58.27982	4.0404	0.4153937	6.698976	0.7942813
9378	-175.4731	-231.7378	56.26474	3.799794	0.6917868	6.698976	2.22099
9384	-175.8539	-234.2298	58.3759	3.525873	0.6917868	0.694346	2.762626
9390	-174.6391	-233.3688	58.72977	2.934787	0.6917868	0.694346	2.906641
9396	-183.4954	-243.9105	60.41509	4.598152	0.7356951	0.08604841	1.573643
9402	-189.553	-250.3119	60.7589	5.285823	0.6111209	0.09888947	0.7275598
9408	-178.9228	-241.3412	62.41842	3.302323	0.463723	0.1637156	1.082171
9414	-179.6159	-242.2729	62.65707	3.018668	0.4063575	0.2992416	0.8458919
9420	-179.4304	-241.9264	62.49605	2.363818	0.4082123	0.2992416	1.557182
9426	-172.8897	-232.496	59.60626	2.254104	0.6777601	1.032743	2.565296
9432	-178.3289	-236.2899	57.961	2.17124	0.3550962	1.748473	3.578785
9438	-172.71	-235.1441	62.43413	2.487125	0.3101134	0.6077405	1.232872
9444	-183.323	-244.8905	61.56744	2.356139	0.4936998	0.6077405	1.720341
9450	-184.4158	-248.382	63.96624	1.8561	0.4323588	0.06259707	1.389975
9456	-176.7961	-239.245	62.44891	1.908462	0.4323588	0.2995873	1.879617
9462	-187.7014	-248.4046	60.70317	2.464357	0.5056852	0.7200075	2.115946
9468	-181.3997	-243.0331	61.63336	2.668978	0.2811314	0.8371681	1.541531
9474	-181.3182	-240.364	59.04582	3.372027	1.072295	1.710259	1.541531
9480	-185.6062	-243.4156	57.8094	3.910383	0.7045173	3.146742	1.802391
9486	-179.9986	-242.4823	62.48368	2.924903	0.4647798	0.2216204	1.200614
9492	-176.9638	-237.5865	60.62267	2.479826	0.6892309	0.08792704	2.851968
9498	-172.5699	-235.1708	62.60096	2.793945	0.7229351	0.09710509	1.252423
9504	-171.7528	-235.4119	63.6591	2.346477	0.3792397	0.1447199	1.023328
9510	-179.7165	-240.2975	60.58096	2.593762	0.4255481	0.3929008	2.525584
9516	-165.9865	-227.9612	61.97466	2.780977	0.3889363	0.08184388	2.132868
9522	-172.3401	-235.4903	63.15017	1.896479	0.3285064	0.0702682	2.059705
9528	-182.0029	-242.3142	60.31133	4.066029	0.6320422	0.7177845	1.081037
9534	-170.568	-231.9579	61.38993	2.461195	0.4202359	0.7177845	1.757351
9540	-170.964	-231.2203	60.25628	3.592909	0.5810654	0.5310355	1.757351
9546	-180.8711	-242.3262	61.4551	2.561443	0.5737466	0.5310355	1.646595
9552	-178.7403	-242.4611	63.72087	2.402133	0.510238	0.1220192	0.6968997
9558	-172.0933	-236.4941	64.40076	2.233886	0.2831135	0.0952115	0.7677083
9564	-172.5302	-234.8336	62.30339	2.855479	1.043638	0.1984179	0.7677083
9570	-177.4129	-238.7027	61.28982	2.665036	0.5606101	0.8547187	1.387183
9576	-175.8567	-238.3839	62.52717	2.294418	0.4520501	0.5683621	1.122869
9582	-175.3938	-237.443	62.04922	2.729082	0.6952085	0.4458452	1.006106
9588	-163.6071	-226.7922	63.18503	2.412617	0.3384167	0.2037998	1.289407
9594	-174.4695	-235.3079	60.83837	3.104597	0.8581653	0.5929531	1.355436
9600	-178.2301	-239.4214	61.19136	3.101352	0.7711496	0.6171158	1.117111
9606	-175.2903	-237.1532	61.86288	2.670385	0.7711496	0.6144472	0.8787196
9612	-176.0194	-237.333	61.3136	2.889715	1.265682	0.2721845	1.314004
9618	-175.1896	-237.4377	62.24807	2.532279	0.6669218	0.2331906	1.433089
9624	-174.3437	-235.886	61.54227	2.380985	0.8242409	0.3396242	1.729162
9630	-179.9035	-240.3038	60.40033	3.294052	0.6098493	1.190575	1.271278
9636	-176.719	-238.3661	61.64713	2.790422	0.6098493	0.9674231	0.723387
9642	-183.2744	-242.5475	59.27311	2.517353	0.7030052	1.547766	2.319041
9648	-183.201	-244.5427	61.34172	1.769611	0.7278641	0.3954404	2.273091
9654	-181.414	-243.6371	62.22307	2.873773	0.2205228	0.6759277	1.195913
9660	-178.9156	-239.808	60.89243	3.662399	0.4302157	0.6759277	1.255437
9666	-170.3787	-231.5775	61.19885	3.270066	0.6104805	0.8757164	0.8166429
9672	-172.4425	-232.3841	59.94163	4.41657	0.4893321	1.331907	0.421422
9678	-178.7835	-238.0734	59.28988	4.112501	0.4893321	2.87862	0.7102033
9684	-173.4217	-232.0193	58.59759	4.597493	0.4893321	2.87862	0.969439
9690	-180.6596	-241.1626	60.50297	4.38812	0.4867612	0.7841951	0.4114079
9696	-188.9125	-250.2338	61.32123	3.796924	0.3702432	0.7841951	0.448147
9702	-195.2987	-256.8633	61.56452	3.571974	0.3580518	0.7841951	0.4251481
9708	-190.2705	-250.8582	60.58767	2.196796	0.4905146	0.274485	2.854147
9714	-199.6843	-257.7386	58.05426	3.716543	0.5885357	0.4908266	3.109015
9720	-190.6146	-249.4082	58.79355	3.497724	0.6827779	1.957557	1.829666
9726	-188.6566	-247.012	58.35543	2.648639	0.6827779	2.483413	2.483565
9732	-177.3164	-238.0633	60.74695	4.158997	0.2822365	0.2309848	1.83791
9738	-187.14	-247.4023	60.26228	5.529709	0.8019313	0.1190128	0.538966
9744	-190.6761	-248.7107	58.03465	3.836975	1.673433	0.02887128	3.217064
9750	-189.0873	-251.0955	62.00822	2.590819	1.673433	0.04162462	1.412695
9756	-186.8725	-248.2963	61.42373	2.353962	2.013471	0.08641864	1.70153
9762	-176.9839	-238.8826	61.89862	2.741449	0.6530989	0.07794536	1.936607
9768	-184.9269	-244.4589	59.53199	3.28081	0.6530989	0.164148	2.878999
9774	-187.9353	-249.27	61.33471	2.060156	0.6530989	1.61394	1.195416
9780	-184.8989	-245.0095	60.1106	2.678547	0.4155045	0.7302561	2.451238
9786	-182.4343	-243.5873	61.15297	3.15081	0.9390576	0.7302561	0.7253413
9792	-188.6075	-250.4344	61.82696	3.24821	0.3780012	0.2276962	1.575626
9798	-191.1712	-253.2046	62.03341	2.38846	0.3780012	0.7213097	1.395081
9804	-195.6056	-255.3284	59.72282	4.144047	0.5486679	1.861319	0.6482999
9810	-196.2749	-257.9468	61.67191	4.088724	0.2935837	0.4234563	0.6977387
9816	-190.5224	-252.5684	62.04601	4.548107	0.2935837	0.1216792	0.5867765
9822	-180.3614	-242.4926	62.13123	3.573997	0.5353149	0.1216792	1.126437
9828	-176.0611	-238.5833	62.52219	3.346413	0.5353149	0.1216792	0.9699743
9834	-180.893	-237.3405	56.44745	5.206892	0.6338509	1.004853	2.74606
9840	-176.9863	-235.0322	58.04588	2.841747	0.6338509	0.8214971	3.323104
9846	-179.5099	-241.2095	61.69952	1.993281	0.5193584	0.4959076	1.968523
9852	-172.9726	-232.4014	59.42881	3.064852	0.4580748	1.69452	2.035255
9858	-178.6421	-238.5498	59.90775	2.698341	0.4728077	1.576593	1.99733
9864	-176.815	-235.604	58.78901	2.698341	0.4991534	2.233331	2.431272
9870	-180.9409	-242.26	61.31915	2.686735	0.5669127	1.057017	1.164537
9876	-183.6702	-243.221	59.55082	2.192698	0.5669127	1.057017	2.719843
9882	-182.1744	-241.3009	59.12643	2.9502	0.464911	1.057017	2.616586
9888	-179.0197	-240.1268	61.10712	3.174702	0.464911	1.164072	0.9665671
9894	-178.1256	-239.0718	60.9462	3.4297	0.464911	1.319362	0.6712542
9900	-180.9537	-241.4351	60.48143	2.982139	0.464911	1.35544	1.522402
9906	-175.9512	-235.6737	59.72253	3.148557	0.451048	0.1832955	2.995484
9912	-173.0757	-233.9637	60.88792	2.619089	0.451048	1.224746	1.587796
9918	-176.12	-235.124	59.00395	2.705514	0.4749913	2.371474	2.269977
9924	-177.2873	-236.9784	59.69106	2.705514	0.4749913	3.455572	1.472171
9930	-186.9651	-246.5107	59.54561	3.070289	0.4092506	3.455572	1.394724
9936	-189.2694	-248.539	59.26958	2.315715	0.6242533	3.455572	1.885734
9942	-183.4203	-243.1685	59.74821	3.143863	0.4155566	3.455572	1.157446
9948	-180.5348	-240.8002	60.26541	3.840283	0.5436666	1.560984	0.5529111
9954	-185.6478	-244.9375	59.2897	4.338975	0.5436666	2.316171	0.618372
9960	-182.586	-244.2497	61.66364	3.258193	0.4272011	0.5367623	1.116896
9966	-180.9001	-242.4024	61.50232	3.634254	0.5635087	0.511985	0.3919994
9972	-178.9629	-240.2145	61.25162	3.920798	0.8560451	0.2399654	0.2617837
9978	-179.4306	-242.5657	63.13515	3.352007	0.4183582	0.08751184	0.5288902
9984	-172.3352	-233.2791	60.94389	3.36885	0.5148534	0.6521503	1.359482
9990	-192.7823	-254.3713	61.589	1.828879	1.122924	0.4435291	1.725907
9996	-177.7692	-240.1122	62.343	2.596621	0.6609756	0.1520653	1.507236
10002	-185.983	-247.4748	61.49176	2.221699	0.5170405	0.5597839	1.888417
10008	-190.9046	-250.7488	59.84422	3.240984	0.5626287	3.244188	0.7818208
10014	-182.3797	-243.3865	61.00684	3.385809	0.5626287	0.6096676	1.282802
10020	-171.5199	-234.8019	63.28202	2.652609	0.5626287	0.1188688	0.8627173
10026	-175.0132	-238.5277	63.51444	2.624471	0.5641009	0.06529367	0.896039
10032	-185.0985	-246.6946	61.59606	2.843541	0.412259	0.8639749	1.187439
10038	-183.2145	-244.6291	61.41465	3.148107	0.3420231	1.056006	1.022309
10044	-181.8922	-243.6859	61.79362	3.342733	0.601449	0.4502118	0.7214037
10050	-190.3494	-249.9778	59.62837	3.462662	0.6133074	1.920384	1.328874
10056	-178.8782	-238.071	59.19278	3.18757	0.4053118	2.778958	1.777175
10062	-188.7003	-247.3485	58.64826	3.408328	0.3656642	2.291208	2.204903
10068	-189.6381	-250.5709	60.93282	3.495762	0.6144729	0.4355659	1.416423
10074	-184.9219	-246.7418	61.81989	2.746691	0.6538194	0.2510429	1.571011
10080	-194.119	-254.7406	60.62169	3.33912	0.8767007	0.2510429	1.807563
10086	-188.3751	-247.8477	59.47261	4.513183	0.9122962	1.117452	0.4313507
10092	-189.0156	-249.9783	60.96264	4.925421	0.698542	0.1191019	0.3799138
10098	-189.3293	-248.6421	59.31278	4.255313	0.6342082	1.868511	0.8922985
10104	-182.3146	-241.5006	59.18601	3.626961	0.6342082	0.897428	2.084471
10110	-176.2466	-235.685	59.43832	3.576151	0.6342082	1.343751	1.664723
10116	-180.7247	-238.434	57.70928	3.261562	0.3193906	2.758242	2.803162
10122	-192.3158	-252.4903	60.17447	2.878675	0.3193906	2.62142	1.471514
10128	-185.7283	-241.7838	56.05548	3.550035	0.4937181	4.439604	3.047637
10134	-181.1724	-237.2156	56.04321	3.237398	1.195835	3.359685	2.970529
10140	-183.5705	-240.1569	56.58636	3.495256	0.926981	2.454688	2.882213
10146	-184.7297	-242.9894	58.25967	4.16571	1.064411	2.454688	1.205488
10152	-182.7387	-240.0295	57.29078	5.252161	0.7141208	3.040698	1.205488
10158	-177.6899	-236.5821	58.89218	3.167133	0.7267717	4.381087	1.191846
10164	-184.2688	-244.2076	59.93876	2.481006	0.4556804	2.108752	1.917846
10170	-185.418	-241.8821	56.46409	2.27372	0.8609649	1.1985	4.183078
10176	-174.3422	-233.31	58.96783	3.990319	0.8609649	1.860581	1.21126
10182	-169.4149	-231.5311	62.11615	3.020129	0.2894952	0.7528719	0.889649
10188	-175.8605	-236.7027	60.8422	3.101089	0.35805	0.7528719	1.747561
10194	-175.9313	-239.3007	63.36938	3.068728	0.1779876	0.2387928	0.771598
10200	-172.2907	-235.7281	63.43747	3.132296	0.2188621	0.181146	0.6140903
10206	-167.9061	-231.0754	63.16927	2.889077	0.4401651	0.181146	0.6544755
10212	-171.9739	-233.9394	61.96543	2.950847	0.3818441	0.929033	0.6111679
10218	-169.4534	-232.3535	62.90015	2.475296	0.3818441	0.5388444	0.6937845
10224	-166.9721	-228.7167	61.74463	2.342317	0.3818441	0.5681566	1.78913
10230	-169.1097	-230.6314	61.52166	1.693963	0.6817673	0.1866423	2.564138
10236	-176.1518	-239.4984	63.34655	2.340892	0.6817673	0.1866423	0.4029791
10242	-180.9099	-242.3588	61.44887	4.437417	0.5127721	0.2056418	0.4241048
10248	-182.0887	-245.411	63.32228	2.776388	0.3946261	0.2056418	0.5742554
10254	-176.9889	-238.7562	61.76727	4.043853	0.3596369	0.3426633	0.6240274
10260	-181.4068	-241.9096	60.50282	4.524887	0.3275757	0.9409097	0.5783145
10266	-186.0532	-248.8218	62.7686	3.575963	0.3675123	0.1193656	0.3005946
10272	-180.0294	-243.2616	63.23226	2.45464	0.6875842	0.1193656	0.9402649
10278	-176.8938	-240.5017	63.60787	2.762272	0.2672266	0.1310653	0.9580091
10284	-172.7469	-236.3589	63.61203	2.629424	0.261673	0.2028064	0.2622166
10290	-182.7417	-245.4008	62.65914	2.524384	0.6808189	0.2972046	0.9195333
10296	-172.1932	-234.8346	62.64136	2.404649	0.5886563	0.2972046	1.175493
10302	-174.1859	-237.5966	63.41061	2.50691	0.3966522	0.1150692	1.175493
10308	-184.339	-246.0557	61.71677	2.589492	0.7965035	0.5434552	1.175493
10314	-188.0413	-249.2424	61.20109	3.928454	0.4526522	0.5434552	0.2644148
10320	-190.4927	-250.7821	60.28943	4.46923	0.4526522	0.5434552	0.1431928
10326	-184.3264	-245.0088	60.68233	4.077761	0.8098687	0.427851	0.2362794
10332	-190.6622	-250.9076	60.24532	3.733658	0.8098687	0.8272369	1.116406
10338	-189.0983	-248.9526	59.85428	4.258627	0.4205258	1.868554	0.4589738
10344	-193.9398	-254.0565	60.11665	4.255419	0.411332	1.36191	0.7793664
10350	-184.2629	-247.1235	62.86059	2.631428	0.440938	0.3848005	0.7611454
10356	-193.298	-256.256	62.95798	1.881831	0.4148568	0.2922872	1.574701
10362	-189.6781	-252.0669	62.38882	3.276588	0.1952916	0.4453706	1.070306
10368	-187.9822	-248.5067	60.5245	3.001862	0.1952916	0.4453706	2.579687
10374	-186.5166	-249.5574	63.04076	1.986991	0.325299	0.3872043	1.416701
10380	-180.0735	-242.6806	62.60715	1.991905	0.1775463	0.1737097	2.343001
10386	-192.4863	-254.1136	61.62731	1.499661	0.1958617	0.8212475	2.494172
10392	-182.2607	-241.6727	59.41196	1.305136	0.389948	0.3450874	4.076309
10398	-183.2432	-243.6946	60.4514	1.860655	0.4550121	0.3379028	3.087059
10404	-183.2362	-243.4232	60.18702	2.32568	0.3037177	1.355278	2.382641
10410	-179.3877	-240.7785	61.39074	2.839286	0.4834342	0.7425224	1.372672
10416	-188.7339	-249.0213	60.28748	3.171356	0.5889988	0.9668798	1.63632
10422	-184.381	-245.0632	60.68213	2.928711	0.5889988	0.5807293	1.861217
10428	-188.5571	-247.8729	59.31578	3.848664	0.5086408	2.469415	1.149349
10434	-182.9299	-243.9962	61.0663	2.897869	0.3896542	1.285756	1.284987
10440	-179.178	-241.7132	62.53523	2.815562	0.2852434	0.2376225	1.501878
10446	-185.6529	-248.739	63.08602	2.374686	0.6754657	0.2216159	0.8303243
10452	-189.7654	-251.7012	61.93584	2.864787	0.8823216	0.3118682	1.028853
10458	-186.9166	-248.0761	61.15944	2.720367	0.733753	0.3786847	1.779149
10464	-191.7373	-253.3761	61.63879	1.97246	0.8930503	0.1009837	2.350978
10470	-186.8521	-249.579	62.72695	3.195712	0.3511467	0.2234138	0.9120036
10476	-182.3838	-239.7249	57.34107	2.080379	0.4177123	0.2170877	4.951467
10482	-170.7746	-232.4162	61.64165	1.94084	0.5310425	0.4430334	2.089976
10488	-181.7072	-241.2971	59.58986	2.398053	0.5310425	2.19477	2.089976
10494	-172.0653	-233.4913	61.42592	2.689874	0.5310425	1.05238	1.120162
10500	-168.8842	-230.9087	62.02453	2.574838	0.5310425	0.6311486	1.121554
10506	-166.9115	-228.9318	62.02031	2.574838	0.5310425	0.4995042	1.296056
10512	-175.1618	-238.4022	63.2404	2.260287	0.5310425	0.1248644	1.296056
10518	-175.4679	-234.7285	59.26054	2.125407	0.1708688	0.3695262	3.977025
10524	-180.2573	-242.3666	62.1092	1.464712	0.2439324	0.3695262	2.554388
10530	-186.2927	-242.9034	56.61077	1.953032	0.5048989	0.3256979	5.192001
10536	-178.9675	-235.3697	56.4022	1.69164	0.7394433	2.000008	4.307481
10542	-178.2754	-238.8471	60.57167	2.372774	0.4931739	1.183423	1.954736
10548	-175.2715	-237.5909	62.31942	2.641707	0.4424398	0.4411716	1.199422
10554	-169.7386	-232.0744	62.33578	2.96204	0.4424398	0.4706624	0.8068442
10560	-172.7912	-235.9146	63.12343	2.865487	0.1810409	0.4706624	0.6858933
10566	-169.5098	-232.4499	62.94005	3.372537	0.1810409	0.1108644	1.299714
10572	-186.9439	-250.9848	64.04091	2.833167	0.3005609	0.05494293	0.5903232
10578	-183.4926	-245.5043	62.0117	4.307505	0.591595	0.06157338	0.5546009
10584	-175.3406	-237.5352	62.19454	4.295319	0.591595	0.02531752	0.5546009
10590	-168.2407	-230.1699	61.92914	3.942957	0.7940419	0.1022811	0.5077775
10596	-180.5166	-243.0676	62.55098	3.221561	0.2951447	0.4246466	0.6642508
10602	-173.3026	-237.0544	63.75188	2.818234	0.3994581	0.06816006	0.6642508
10608	-182.0717	-243.831	61.75934	3.287432	0.3859308	0.06816006	1.986975
10614	-173.954	-236.6759	62.72188	2.620066	0.4599276	0.1470828	1.449691
10620	-179.1519	-241.6887	62.53678	2.048382	0.4307283	0.06838324	2.233019
10626	-189.2313	-250.2819	61.05059	1.83187	0.779897	0.06838324	2.970734
10632	-185.5503	-246.0153	60.46496	2.235693	0.572324	0.1398344	3.066918
10638	-188.6144	-251.1105	62.49619	3.749576	0.7194469	0.02515847	0.7200654
10644	-184.7599	-247.4602	62.70024	3.924702	0.488866	0.0247615	0.6405221
10650	-179.0809	-241.3185	62.2376	4.262757	0.488866	0.0247615	0.2689656
10656	-183.1801	-244.6105	61.43042	4.635306	0.5792836	0.05037145	0.1945298
10662	-182.5477	-243.9371	61.38941	4.175273	0.6405211	0.08785261	0.1373577
10668	-180.8141	-243.5323	62.71821	2.945834	0.3275692	0.4359546	0.6908991
10674	-180.7665	-244.4661	63.69956	2.217733	0.3466911	0.1680437	1.094632
10680	-183.1438	-244.8653	61.72157	4.26218	0.3434086	0.1680437	0.1904158
10686	-179.0468	-239.5401	60.49333	5.544563	0.3743908	0.05316418	0.1149511
10692	-176.0195	-236.6958	60.67629	5.149176	0.7017185	0.05368913	0.1786354
10698	-179.5473	-241.7653	62.21797	4.362343	0.4068396	0.03934164	0.2661208
10704	-181.2649	-241.8186	60.55369	4.631266	0.4198713	0.3414718	0.1431672
10710	-176.1239	-237.3609	61.23696	3.833248	0.4198713	0.3414718	0.1224721
10716	-176.055	-238.1363	62.08133	3.510619	0.8703192	0.1054945	0.257087
10722	-175.11	-236.5236	61.41365	3.467277	1.063242	0.2071951	0.1924441
10728	-180.8246	-241.7163	60.89175	3.672945	1.063242	0.3517604	0.2055904
10734	-183.4325	-243.8753	60.44285	4.026297	1.063242	0.3992413	0.2055904
10740	-183.089	-244.4146	61.32559	3.610579	1.063242	0.3004695	0.3690694
10746	-179.4311	-238.3455	58.91439	3.832457	0.4724747	3.924592	1.042044
10752	-175.8581	-234.7725	58.91447	3.667705	0.5708561	3.924592	1.048275
10758	-178.2695	-237.147	58.87751	3.990157	0.5708561	3.924592	0.7123828
10764	-181.3367	-240.5225	59.18583	4.015883	0.4976226	3.388147	0.6692209
10770	-188.582	-247.3589	58.77686	4.573218	0.4170783	3.388147	0.6559677
10776	-191.0601	-251.8667	60.80653	3.657786	0.4170783	0.9408463	1.083008
10782	-190.4669	-248.9115	58.44459	4.3171	0.5269085	2.729704	1.356947
10788	-198.7751	-256.0931	57.31797	4.591906	0.3921633	6.109129	1.356947
10794	-202.274	-257.2045	54.9305	5.294824	0.5441572	21.96165	0.3327885
10800	-186.1313	-245.1888	59.05751	3.831002	0.6470401	3.632959	0.6615191
10806	-188.8512	-245.0096	56.15839	3.747923	0.6805825	4.94945	2.604761
10812	-184.0918	-242.2202	58.12834	3.747923	0.5595026	4.94945	1.392961
10818	-184.2884	-243.5681	59.27965	3.661244	0.4456905	2.959981	1.239593
10824	-187.605	-247.3622	59.75723	3.495692	0.4456905	2.959981	0.9511325
10830	-191.7279	-250.8949	59.16705	5.162445	0.4355696	1.397371	0.321406
10836	-178.983	-237.8147	58.83178	4.682808	0.4915032	2.592297	0.321406
10842	-185.3649	-244.7939	59.42893	4.574414	0.699744	1.39505	0.5701483
10848	-183.4081	-244.2825	60.8744	3.33079	0.5006384	1.50142	0.4114504
10854	-189.0478	-249.6941	60.64627	3.377379	0.5006384	1.547689	0.2644747
10860	-181.7708	-243.3251	61.55435	2.563314	0.4629336	1.505294	0.8464987
10866	-185.3829	-247.9511	62.56813	1.989677	0.4629336	0.3173361	1.673812
10872	-179.9821	-240.4448	60.46269	3.684746	0.5845599	0.7509834	1.302512
10878	-186.1319	-248.9267	62.79481	3.185251	0.6411116	0.1053253	0.7199309
10884	-178.0993	-241.8503	63.75104	3.104407	0.2625251	0.06172661	0.7460325
10890	-173.9253	-237.6435	63.71819	2.862244	0.3624275	0.06398981	0.7975441
10896	-183.5502	-246.6431	63.09294	2.862244	0.5337808	0.1125416	0.9190052
10902	-191.693	-252.2809	60.58793	4.513349	0.8989359	0.05468399	1.478128
10908	-185.1618	-244.6728	59.51108	6.314644	0.7148239	0.1173409	0.7318548
10914	-191.8482	-246.6814	54.83322	7.494287	0.7148239	1.68949	1.892096
10920	-197.6985	-256.5076	58.80914	3.957756	0.5585934	1.303073	1.935577
10926	-192.2688	-253.5982	61.32936	3.781774	0.5585934	0.4911443	0.7502067
10932	-181.094	-242.6279	61.5339	3.10469	0.9464507	0.5417404	0.507478
10938	-180.3959	-242.21	61.81411	3.321777	0.9464507	0.2762566	0.5960238
10944	-191.0515	-252.2522	61.20062	4.648551	0.3024551	0.3959097	0.4507745
10950	-182.4999	-244.6134	62.11351	3.13678	0.5932469	0.3853336	0.7518645
10956	-197.4313	-257.4797	60.04846	4.658087	0.7029329	0.09311805	1.799209
10962	-191.9791	-251.4603	59.48123	4.41819	0.6760215	0.09311805	2.355087
10968	-193.0377	-250.9416	57.90386	7.928107	0.5968525	0.06469231	1.152413
10974	-193.8831	-252.408	58.52493	6.830411	0.7011655	0.06619849	1.419525
10980	-195.4505	-256.7819	61.3314	4.975897	0.6678702	0.01184296	0.7115638
10986	-199.4629	-255.8465	56.38365	9.770948	0.6678702	0.07175919	0.4219021
10992	-188.7577	-249.9248	61.16711	4.641673	0.6678702	0.07300061	0.1881814
10998	-187.9619	-248.0144	60.05245	5.323325	0.6678702	0.2304907	0.2355028
11004	-186.3921	-247.0462	60.65401	4.258616	0.5851566	0.5168689	0.241419
11010	-189.959	-249.4395	59.48055	5.401051	0.3943001	0.7582026	0.2345501
11016	-180.4722	-242.8282	62.35606	3.948974	0.3943001	0.07128995	0.2039865
11022	-188.3985	-250.5569	62.15832	4.048082	0.3943001	0.1278624	0.2666237
11028	-193.1596	-255.2236	62.06399	4.176389	0.449341	0.1341717	0.5318566
11034	-188.8126	-249.1573	60.34471	3.808999	1.108152	0.6668021	0.2767151
11040	-195.0105	-255.2715	60.26102	4.390425	0.7436066	0.6053315	0.7896856
11046	-182.3827	-241.8163	59.43364	2.751396	0.5431826	1.456887	2.254389
11052	-173.6319	-235.0433	61.41139	2.450259	0.5431826	0.8703371	1.466221
11058	-183.8374	-246.9912	63.15372	2.183648	0.5431826	0.3279147	0.8907166
11064	-186.3398	-244.5449	58.20509	3.821102	0.4616263	2.584004	2.009627
11070	-185.1483	-245.2002	60.05184	3.587579	0.4616263	1.310019	1.421211
11076	-191.521	-252.5157	60.99465	2.804377	0.7409434	1.090842	1.107465
11082	-181.8686	-243.0236	61.15504	2.597148	0.319609	1.090842	1.685628
11088	-180.2848	-243.3255	63.04071	2.172976	0.319609	0.2081787	1.605101
11094	-181.9801	-243.4825	61.50244	2.551263	0.4671813	0.7287765	1.541318
11100	-184.3461	-247.6085	63.26242	2.041922	0.7726307	0.1024632	1.257545
11106	-177.6503	-238.4586	60.80835	2.203832	0.5011206	0.5027891	2.421573
11112	-173.3325	-233.7022	60.36979	1.540475	0.5011206	0.2288945	3.434358
11118	-181.8932	-245.096	63.20277	2.169479	0.5011206	0.1768752	1.291645
11124	-180.4431	-242.3314	61.88832	1.940868	0.859511	0.1284405	2.164187
11130	-185.1511	-245.4667	60.31563	3.898663	0.4098366	1.573565	0.7826832
11136	-176.3672	-235.8556	59.48835	3.845344	0.6351284	2.4523	0.7794342
11142	-187.0123	-244.5669	57.55457	4.877046	0.5744932	5.628226	0.4746025
11148	-179.7189	-239.8301	60.11119	3.736452	0.4496166	2.003143	0.806404
11154	-178.3816	-238.1173	59.73565	3.811636	0.4496166	2.003143	1.121502
11160	-186.6883	-245.8879	59.19957	3.811636	0.5800834	2.003143	1.39136
11166	-178.8742	-238.5	59.62582	3.647607	0.5943539	2.216047	1.048202
11172	-183.9299	-244.974	61.04415	4.263998	0.5943539	0.3492602	0.7724603
11178	-190.5826	-250.7564	60.1738	3.424316	0.4857389	0.9983466	1.630148
11184	-189.6748	-250.2718	60.59705	3.043368	0.3952281	0.9983466	1.7167
11190	-184.7154	-248.1485	63.43309	1.867711	0.5092695	0.14334	1.427522
11196	-183.2924	-242.6346	59.34222	3.298493	0.5092695	0.5384253	2.609306
11202	-193.5334	-251.9951	58.46175	3.217585	0.3569802	0.8457647	3.114719
11208	-205.227	-262.4657	57.23872	3.154388	0.3569802	11.44313	1.816109
11214	-188.2908	-250.956	62.66515	2.913071	0.5605863	0.2153062	0.9060552
11220	-187.6624	-245.6352	57.9728	2.913071	0.5894009	2.475761	2.64033
11226	-183.4659	-240.9901	57.52426	3.865878	0.4805397	4.755966	1.876366
11232	-181.0951	-239.5061	58.41099	3.865878	0.4181717	4.755966	1.308235
11238	-179.6982	-238.1206	58.42241	3.739784	0.5444488	4.755966	1.225291
11244	-185.2102	-244.8522	59.64193	3.672495	0.446186	2.636132	1.035014
11250	-186.4806	-244.4644	57.98388	2.241823	0.5747716	2.108219	3.169572
11256	-191.6867	-251.4165	59.72983	3.085045	0.5747716	2.108219	1.501379
11262	-198.5133	-257.3983	58.88499	4.168083	0.5747716	0.7168811	2.122596
11268	-197.3642	-259.1339	61.76969	2.69645	0.6212879	0.3979029	1.434418
11274	-184.1258	-245.0534	60.9276	3.809878	0.8268163	0.3448967	1.079233
11280	-186.7126	-247.3812	60.66869	4.363534	0.8268163	0.1294988	1.33927
11286	-181.5609	-245.0825	63.52161	3.44124	0.2929569	0.04238453	0.5592383
11292	-179.8592	-243.5264	63.66715	2.591022	0.2929569	0.04238453	1.353516
11298	-185.9725	-249.6368	63.66429	2.470904	0.5428234	0.04166582	1.054424
11304	-182.4207	-244.9935	62.5728	3.94005	0.5428234	0.0380491	0.5375304
11310	-190.7083	-253.8484	63.14011	3.181165	0.2945575	0.1906763	0.667753
11316	-188.9526	-251.0044	62.05189	2.499452	0.3550699	0.2431463	1.945448
11322	-187.4654	-248.1437	60.67827	4.321988	0.6942725	0.4926993	0.4287184
11328	-177.6849	-238.3596	60.6747	4.080158	0.4057197	0.9876771	0.7209428
11334	-182.4927	-242.9997	60.50698	4.235879	0.5317311	0.8643947	0.5008808
11340	-170.6832	-232.4922	61.80902	2.283192	0.5317311	0.8370011	1.329898
11346	-180.1852	-242.2736	62.08845	2.34149	0.5317311	0.2143752	1.864881
11352	-167.6324	-229.519	61.88664	2.890265	0.5166626	0.5262165	1.123592
11358	-173.1063	-236.4675	63.36121	2.251728	0.2577996	0.3955978	1.043074
11364	-183.8332	-243.9761	60.1429	2.967085	0.4251456	1.227044	1.898024
11370	-179.5271	-242.0332	62.50612	2.872591	0.5605117	0.2906122	0.9100581
11376	-178.4143	-241.2576	62.84328	2.607049	0.5320414	0.3701214	0.6050801
11382	-176.4593	-239.4477	62.98841	3.190601	0.3588263	0.1959587	0.3865646
11388	-179.4654	-240.8669	61.40151	3.944299	0.8235895	0.1441615	0.1956702
11394	-184.6145	-246.2138	61.59937	3.940893	0.7424415	0.1645095	0.2665602
11400	-188.8911	-248.4958	59.6047	4.296505	0.7424415	1.097468	0.2022953
11406	-183.9602	-243.1802	59.22006	4.56202	0.7424415	1.197497	0.192853
11412	-204.5579	-262.6602	58.10227	4.611623	0.7182487	3.441906	0.8796668
11418	-201.5668	-259.9206	58.35378	4.783969	0.7182487	2.513545	0.8503357
11424	-199.9165	-261.6726	61.75616	2.570726	0.6907881	0.2061412	1.79471
11430	-203.1799	-260.7703	57.59042	5.59452	0.5798709	3.139861	0.6399204
11436	-207.0471	-265.713	58.66585	4.798251	0.4244341	3.139861	0.5789872
11442	-188.6542	-245.5848	56.93065	4.853844	0.815784	6.889869	0.6470416
11448	-189.6143	-246.946	57.33167	5.0119	0.4112632	6.889869	0.7087703
11454	-185.1601	-241.7551	56.59499	5.70533	0.4112632	6.889869	0.7751745
11460	-187.7458	-246.1713	58.42549	4.340171	0.7461076	3.645707	0.6369724
11466	-191.6915	-250.0731	58.38165	4.742911	0.4202104	3.645707	0.8432026
11472	-184.1899	-241.5043	57.31437	3.182002	0.4767586	2.648143	2.935764
11478	-184.132	-242.3889	58.25691	4.331137	0.4767586	2.998395	1.463747
11484	-183.3257	-243.4368	60.11109	1.884946	0.5568783	1.303065	2.437634
11490	-178.4457	-236.6658	58.22008	3.210674	0.7299679	1.749696	2.437634
11496	-189.8856	-249.771	59.88542	3.782502	0.4098267	1.749696	1.2167
11502	-183.2369	-244.4342	61.19732	3.296677	0.5478512	0.8936431	0.8761812
11508	-181.217	-242.1946	60.97755	2.997211	0.5478512	0.8936431	1.353084
11514	-187.7764	-247.2398	59.46332	4.103619	0.774388	1.582182	0.9014403
11520	-176.8768	-238.3306	61.45386	3.56707	0.1338982	1.582182	0.5988965
11526	-169.7319	-227.3512	57.61931	3.444817	0.2535592	6.279577	2.143524
11532	-183.1908	-239.8263	56.63547	3.411527	0.2535592	9.033256	2.444136
11538	-183.2647	-239.4977	56.23297	3.16026	0.7021764	9.033256	2.352478
11544	-179.4488	-234.9385	55.48968	4.292844	0.7021764	9.033256	2.101398
11550	-173.7679	-230.5066	56.73869	3.486918	0.4159361	9.033256	2.101398
11556	-174.8386	-232.193	57.3544	3.952187	0.4159361	9.033256	1.333521
11562	-179.1371	-236.2702	57.13314	3.925979	0.4159361	10.57547	1.333521
11568	-183.3956	-239.1964	55.8008	5.228225	0.4106624	11.00879	1.314245
11574	-175.3884	-231.6169	56.22849	4.366403	0.5568844	11.00879	1.459529
11580	-175.2955	-231.489	56.19351	4.347472	0.5798847	11.00879	1.474062
11586	-183.543	-237.6484	54.10539	6.483227	0.8705907	13.23818	0.8240057
11592	-180.5823	-238.6532	58.07093	5.171929	0.7291209	2.606692	0.5557945
11598	-185.758	-243.409	57.65101	4.357094	0.6206843	3.18455	1.668847
11604	-188.4754	-243.824	55.34862	6.161321	0.6206843	0.9224911	2.896568
11610	-183.8718	-243.2726	59.40077	3.692271	0.4181571	1.118316	1.983161
11616	-187.8638	-245.191	57.32727	3.75614	0.4272107	1.328942	3.114749
11622	-186.7704	-244.8624	58.092	4.661798	0.7084258	0.6098105	2.289884
11628	-190.2218	-247.8355	57.61365	5.837357	0.6943454	0.5181404	1.936287
11634	-184.7618	-244.9837	60.22199	3.753885	0.76273	0.2712879	1.852749
11640	-184.1373	-242.3991	58.26177	4.713439	0.76273	3.105454	0.5772752
11646	-179.5262	-237.3228	57.79654	5.542257	0.5283349	3.015994	0.4322188
11652	-175.2475	-234.5169	59.26942	4.65181	0.7185278	1.431606	0.3733167
11658	-173.0075	-232.1149	59.10742	3.859138	1.261629	1.431606	1.123528
11664	-185.6405	-243.9563	58.31579	3.871366	1.261629	2.782579	1.123528
11670	-180.3409	-238.1985	57.85761	3.844715	0.9655612	2.782579	1.714207
11676	-180.6321	-236.5608	55.92867	4.338747	0.8540255	0.6503037	3.6502
11682	-182.6225	-240.4807	57.85816	4.485206	0.7550762	1.624452	1.876976
11688	-180.5583	-236.9086	56.35033	5.398338	0.8427093	1.181751	2.422063
11694	-174.6315	-234.5685	59.93703	3.8849	0.8427093	0.5558029	1.504802
11700	-183.6361	-245.3727	61.73655	2.458038	0.4207794	0.3712485	1.899036
11706	-186.4926	-248.0999	61.60728	3.728993	0.5701976	0.3712485	0.7148504
11712	-182.284	-244.898	62.61408	3.754444	0.5701976	0.05358904	0.6272511
11718	-184.0528	-244.8417	60.78889	4.02922	0.7943327	0.05701979	1.76056
11724	-186.031	-246.0051	59.97412	6.666561	0.3563428	0.04530948	0.8550768
11730	-183.2837	-244.7738	61.49007	5.242022	0.3784906	0.04933155	0.5973451
11736	-181.2991	-242.8975	61.59843	2.919326	0.7548864	0.3847601	1.273995
11742	-180.6284	-241.4532	60.82478	2.176216	0.7548864	0.2945437	2.458255
11748	-186.689	-249.1516	62.46252	2.477338	0.3830431	0.5226759	1.195127
11754	-183.2131	-244.3324	61.11927	2.853056	0.3090241	2.351992	0.7595201
11760	-181.7584	-240.5503	58.79189	2.696855	0.4801435	1.283719	2.837009
11766	-182.225	-243.7054	61.48037	2.902006	0.3923299	1.283719	0.891072
11772	-195.1747	-251.6487	56.47394	4.013152	0.4124575	8.561589	1.987438
11778	-188.283	-244.5116	56.22856	4.828642	0.5935967	8.561589	1.364245
11784	-180.7788	-236.5692	55.79044	4.907919	0.8051831	8.561589	1.42821
11790	-182.3206	-237.6406	55.32004	5.671975	0.8051831	8.561589	1.190253
11796	-177.1092	-233.3228	56.21352	4.065126	0.5999944	8.561589	1.919623
11802	-173.1016	-230.6883	57.58667	3.418513	0.375161	8.561589	1.681003
11808	-188.6681	-247.5219	58.85381	3.104592	0.5370704	3.284403	1.763812
11814	-178.0961	-239.6774	61.58127	3.558639	0.6981932	0.1266809	1.387034
11820	-171.966	-234.86	62.894	2.797742	0.6000043	0.09939221	1.132051
11826	-172.9791	-235.5453	62.56621	2.828994	0.757233	0.1390851	1.068401
11832	-183.2492	-246.3661	63.11689	3.207376	0.3471755	0.1267728	0.8182448
11838	-176.7793	-237.4566	60.67735	3.573764	0.8299483	0.5709644	1.152695
11844	-171.9455	-232.8756	60.93012	1.994087	0.5863623	0.4123574	2.493267
11850	-172.5124	-232.4594	59.94697	2.4223	0.5863623	0.786604	2.493267
11856	-177.6196	-237.1983	59.57873	3.649653	0.4030833	2.264385	1.340063
11862	-169.5345	-229.5846	60.05005	2.858289	0.5594155	1.307027	1.836281
11868	-172.9253	-233.9429	61.01761	3.154956	0.3310719	0.8711246	1.524165
11874	-170.0183	-232.4522	62.43387	3.092174	0.3310719	0.5150924	0.6810409
11880	-182.7641	-243.5553	60.79121	4.198304	0.4252328	0.5150924	1.089961
11886	-184.0294	-246.5831	62.55365	2.377411	0.4252328	0.7357769	0.820576
11892	-183.4493	-245.4388	61.9894	2.414624	0.7015878	0.7357769	0.9389853
11898	-176.9601	-238.9894	62.02939	2.374635	0.7015878	0.7357769	0.9389853
11904	-176.0921	-237.7195	61.62737	2.875558	0.7133733	0.6488403	0.9389853
11910	-179.4566	-241.3952	61.93862	3.372727	0.7133733	0.2588154	0.8303457
11916	-180.8785	-243.7969	62.91832	2.390837	0.4168904	0.3226146	1.143217
11922	-184.691	-241.4769	56.78589	4.236447	0.4356161	0.4602922	3.724554
11928	-190.7843	-250.1198	59.33551	3.327976	0.4356161	1.312299	2.134883
11934	-180.1872	-242.2753	62.08814	2.155163	0.4196495	0.2054866	2.134883
11940	-194.2293	-255.4546	61.22526	3.172875	0.6445561	0.7853423	0.9617175
11946	-189.6925	-246.8109	57.11838	2.728421	0.5668731	0.7853423	4.007064
11952	-186.1146	-246.4728	60.35819	1.587865	0.9967413	0.06372499	3.398739
11958	-179.8666	-242.5154	62.64876	2.553551	0.5211315	0.04564914	1.793812
11964	-189.4873	-250.6832	61.19587	2.182637	0.5149566	0.8317833	1.874894
11970	-179.8954	-242.302	62.40654	3.236373	0.5626323	0.02338902	1.500031
11976	-174.8889	-237.3522	62.46335	3.987315	0.3376003	0.0499025	1.071027
11982	-185.0537	-248.1869	63.13312	3.517874	0.3149871	0.09085676	0.6438306
11988	-188.9622	-250.5935	61.63122	2.055594	0.4299846	0.09085676	2.731851
11994	-186.8542	-249.5449	62.69065	2.697123	0.4299846	0.09085676	1.620136
12000	-182.4398	-245.2035	62.76372	2.617197	0.4299846	0.3117537	1.078062
12006	-187.9649	-250.5314	62.56649	2.816517	0.6313636	0.3117537	0.7011778
12012	-185.1488	-247.2912	62.14236	2.928919	0.3281075	0.6219692	1.044785
12018	-178.0329	-240.6831	62.65029	3.216501	0.3924454	0.1712566	1.044785
12024	-184.2989	-245.93	61.63111	2.63485	0.4392744	0.18296	2.14127
12030	-184.8073	-246.7506	61.94327	2.181506	0.4392744	0.2310899	2.14127
12036	-181.485	-243.5725	62.08751	2.256787	0.8491839	0.135647	1.809449
12042	-185.8802	-248.4658	62.58561	3.327335	0.8019464	0.08244724	0.6482026
12048	-186.1635	-249.1744	63.01088	2.336352	0.8019464	0.2419891	0.3548159
12054	-171.2062	-234.2271	63.02089	2.505965	0.9822871	0.08021673	0.9266523
12060	-169.2432	-231.2628	62.01962	3.032969	0.9822871	0.08021673	1.353056
12066	-174.4719	-237.5868	63.11495	3.386774	0.3831712	0.09856451	0.5592946
12072	-175.2989	-237.5091	62.21019	2.043319	0.369509	0.2528928	2.106447
12078	-175.6525	-238.9004	63.24794	2.212918	0.30743	0.3852937	1.091987
12084	-169.8467	-232.8338	62.98716	2.906765	0.30743	0.2042888	1.091802
12090	-186.758	-249.2815	62.52349	1.826529	0.4944568	0.2314482	1.927765
12096	-170.3247	-231.6628	61.3381	1.943589	0.4944568	0.8090227	1.980802
12102	-174.4933	-237.1103	62.61695	2.351911	0.5411706	0.202275	1.495167
12108	-177.3657	-238.894	61.52829	4.382975	0.5411706	0.1865494	0.4875206
12114	-193.4498	-254.0397	60.5899	4.588271	0.3761201	0.6239569	0.815819
12120	-174.0901	-235.0267	60.93655	4.214713	0.6395139	0.3991455	0.306946
12126	-181.5045	-242.2012	60.69673	4.092793	1.111216	0.3280195	0.3247675
12132	-171.6754	-233.8828	62.20745	3.290551	1.111216	0.1124311	0.4722326
12138	-176.2691	-237.8183	61.54919	2.772258	1.06131	0.5825794	0.8137358
12144	-171.1083	-233.5068	62.3985	3.4728	0.6792801	0.1370524	0.5678199
12150	-179.0027	-241.1284	62.12571	4.049165	0.477082	0.1370524	0.5678199
12156	-179.7869	-241.3096	61.52269	4.613257	0.6845639	0.07382493	0.4894261
12162	-177.9758	-240.2501	62.27436	3.650704	0.6845639	0.1131637	0.6538988
12168	-177.651	-240.2996	62.64861	3.142559	0.6845639	0.1131637	0.2603174
12174	-181.8923	-244.4954	62.60314	2.66895	0.8442791	0.1131637	1.176317
12180	-187.0952	-248.5277	61.43247	2.812633	0.4856434	0.1131637	2.262552
12186	-182.5056	-240.1888	57.68324	5.726706	0.4856434	1.003924	1.759794
12192	-181.5624	-239.5188	57.95636	3.635753	0.6904693	5.628748	1.327114
12198	-182.3549	-239.7602	57.40528	3.229254	0.3199193	5.628748	2.417893
12204	-179.6301	-239.7398	60.10977	2.606513	0.6144829	1.397482	1.86283
12210	-178.2641	-238.9529	60.68886	3.223353	0.6144829	1.397482	0.9025451
12216	-189.9744	-248.5367	58.56237	3.576811	0.8041383	4.082189	1.123086
12222	-182.1385	-242.1797	60.04113	3.003593	0.744008	0.999506	1.757937
12228	-183.1457	-244.9571	61.81131	3.376175	0.5717724	0.3018135	1.060451
12234	-184.9969	-247.0289	62.03207	3.630204	0.5717724	0.2024828	0.8309956
12240	-190.072	-252.7133	62.64127	2.668175	0.7374275	0.1974719	0.9878891
12246	-191.5488	-252.2583	60.70956	3.070299	0.6023129	0.6119932	1.698371
12252	-188.1909	-248.9982	60.80727	2.4511	0.5665915	0.6119932	2.089109
12258	-189.104	-249.996	60.89199	3.423255	0.5665915	0.3095049	1.738915
12264	-199.0103	-258.19	59.17972	4.628241	0.4635392	2.270238	0.5242248
12270	-195.7217	-255.8973	60.17568	4.660647	0.4421126	0.8811121	0.6533635
12276	-191.1943	-246.9314	55.73706	5.583995	0.5776171	1.250613	2.861368
12282	-200.7576	-256.7978	56.0402	3.737356	0.4679437	1.198111	3.898333
12288	-193.1147	-251.687	58.57233	4.579086	0.5121841	0.8614432	2.008257
12294	-188.6764	-248.6284	59.95204	4.026662	0.5900848	1.570852	0.6845145
12300	-179.2242	-239.7463	60.52211	3.92571	0.6109652	0.9877007	0.6652367
12306	-177.9894	-239.3277	61.33828	3.463181	0.9968722	0.4127951	0.4445166
12312	-185.319	-246.0307	60.71169	3.209317	1.09294	0.1264115	1.951124
12318	-185.8817	-248.6529	62.77125	2.167767	0.9862992	0.2239103	1.002498
12324	-180.0925	-242.4435	62.35091	2.961808	0.9862992	0.145406	0.8658026
12330	-184.3346	-246.4808	62.14619	3.03157	0.7241323	0.145406	1.274669
12336	-183.8941	-246.3431	62.44895	2.841497	0.7726904	0.138187	1.149632
12342	-183.2166	-245.71	62.49341	3.070135	0.2923909	0.5785098	0.4516458
12348	-177.9379	-240.2741	62.33617	3.388655	0.493838	0.2713024	0.3902307
12354	-180.7006	-243.8686	63.16798	3.081968	0.4092372	0.1525769	0.5023449
12360	-181.3434	-243.4698	62.12637	3.547521	0.8497262	0.1363269	0.5023449
12366	-195.7317	-252.8107	57.07908	3.91358	1.116157	6.57374	1.253276
12372	-187.661	-249.862	62.20099	3.240397	0.5380367	0.354701	0.3572769
12378	-175.8805	-236.8359	60.9554	3.269913	0.5380367	0.6741373	1.375796
12384	-170.691	-233.9489	63.25787	2.407665	0.5086737	0.2686088	0.7108578
12390	-184.0599	-242.5333	58.47335	4.616455	0.5356034	2.602477	1.119572
12396	-181.5886	-239.8957	58.30712	4.616455	0.5356034	3.625762	0.8563691
12402	-184.2508	-243.5921	59.34127	4.218948	0.7334797	1.98214	0.5852904
12408	-182.8486	-240.6511	57.80255	4.822205	0.7334797	3.756653	0.8243702
12414	-170.0518	-227.1351	57.0833	5.35241	0.8865214	3.756653	0.2686668
12420	-168.9193	-226.5247	57.60544	5.604178	0.4313489	3.756653	0.4101503
12426	-170.9953	-228.6314	57.63607	5.02768	0.4313489	5.54759	0.6239348
12432	-173.7381	-231.6511	57.91299	4.753635	0.4313489	5.493053	0.3750323
12438	-166.4107	-224.2355	57.82477	4.270232	0.4313489	6.694048	1.015477
12444	-168.383	-224.9954	56.61235	4.763047	0.6071404	8.926834	1.015477
12450	-175.0132	-230.4158	55.40259	4.660407	0.5951473	15.10647	1.425793
12456	-168.778	-226.4916	57.71358	4.498683	0.5774473	6.377712	0.6448546
12462	-175.1777	-233.2931	58.11542	4.806097	0.4665431	4.383887	0.6448546
12468	-176.8514	-234.2439	57.39243	5.006161	0.3913925	7.086803	0.4328047
12474	-185.7633	-243.0029	57.23956	4.61611	0.9018461	5.774201	0.7955114
12480	-183.9841	-241.9769	57.9928	3.162198	0.5400108	4.678993	1.984864
12486	-187.7875	-245.5508	57.76326	3.162198	0.5400108	4.906049	2.09324
12492	-191.4735	-251.1762	59.7027	3.646207	0.4121072	3.064625	0.8635592
12498	-192.4274	-252.4155	59.98811	3.683454	0.2727156	3.064625	0.8361021
12504	-195.1876	-253.3407	58.15304	4.359859	0.3266286	7.100348	0.3923555
12510	-186.0527	-244.1254	58.07275	4.658555	0.2120712	5.514696	0.1586731
12516	-187.5092	-245.2452	57.73599	4.45685	0.3792648	6.079371	0.1586731
12522	-193.6644	-250.4963	56.83184	4.940031	1.028595	6.079371	0.4482284
12528	-186.7293	-245.5634	58.83407	3.850784	0.3583067	6.121389	0.4482284
12534	-182.4855	-241.3139	58.82839	3.827618	0.3241912	6.121389	0.3023419
12540	-182.4908	-240.4891	57.99825	3.769585	0.7270339	7.591927	0.5934721
12546	-183.1507	-241.5591	58.40839	3.702243	0.7270339	6.055918	0.5614209
12552	-181.8956	-240.4034	58.50782	3.284621	0.5082302	5.217392	1.46274
12558	-177.2371	-238.7971	61.55996	3.794185	0.7714605	0.2691578	0.5818262
12564	-178.5548	-240.2934	61.73864	3.871345	0.7714605	0.1815745	0.5265027
12570	-178.8499	-239.6884	60.83858	4.278133	0.3222545	0.6441165	0.9821187
12576	-182.7674	-245.4593	62.6919	3.388218	0.2657968	0.2577161	0.850238
12582	-183.822	-244.9391	61.11707	4.823129	0.4138932	0.2339579	0.6782014
12588	-179.3191	-240.933	61.6139	2.907387	0.4138932	1.230951	0.7084705
12594	-188.5304	-249.5175	60.98715	4.923878	0.536708	0.1844968	0.4210264
12600	-189.5661	-252.0381	62.47201	2.787002	0.8352761	0.2764871	0.4210264
12606	-191.7367	-254.203	62.4663	3.948883	0.5146296	0.0666582	0.4599007
12612	-205.0485	-267.5485	62.50002	3.953889	0.3523391	0.0969063	0.7923838
12618	-189.9315	-252.2804	62.34889	2.47854	0.5826827	0.2314502	1.491413
12624	-191.2653	-254.4712	63.20597	2.234679	0.4636207	0.1709926	1.303217
12630	-186.9341	-248.6156	61.68154	2.833988	0.7115381	0.5409501	1.0853
12636	-182.3455	-243.6352	61.28964	3.152544	0.7115381	0.4742896	1.245305
12642	-186.9877	-247.076	60.08833	1.895896	0.6996312	1.068062	2.448688
12648	-182.0479	-242.2991	60.25122	2.103208	0.5278162	1.675106	2.058865
12654	-185.3807	-246.3169	60.93616	2.683049	0.9991349	0.9409826	1.143765
12660	-176.8145	-238.5852	61.77076	2.703176	0.6047362	0.9524123	0.700653
12666	-170.9704	-231.8916	60.92116	2.697833	0.4887988	0.9524123	1.645106
12672	-169.3325	-230.3171	60.98466	2.841449	0.4250523	1.770972	1.03613
12678	-174.9794	-236.4064	61.42699	2.632039	0.7548847	0.9481792	0.9760248
12684	-170.2169	-233.4764	63.25948	2.369213	0.7548847	0.1738736	0.6266376
12690	-175.3239	-237.6736	62.34975	2.303457	1.147634	0.3448875	0.8229874
12696	-179.8584	-242.4268	62.56843	2.509277	1.147634	0.09773041	1.134609
12702	-183.2147	-243.3503	60.13555	3.677849	0.9395428	0.1916891	1.975681
12708	-178.7689	-240.9315	62.16261	3.270473	0.9395428	0.1600988	0.6924696
12714	-175.3859	-237.5962	62.21034	3.9582	0.5186044	0.1225173	0.519379
12720	-172.0963	-234.2238	62.12747	3.426467	0.4612194	0.3672777	0.3725399
12726	-174.8838	-237.0817	62.19796	3.327387	0.4612194	0.3989556	0.5520518
12732	-179.0604	-241.5158	62.45539	2.876782	0.4060923	0.5389836	0.6862133
12738	-168.9531	-229.4885	60.53533	3.491859	0.4060923	0.3348241	2.080345
12744	-177.9641	-238.0366	60.07243	4.780449	0.809779	0.1828065	1.351751
12750	-176.4182	-239.7462	63.32803	3.249637	0.4359628	0.05710893	0.6143897
12756	-178.2319	-237.5103	59.27832	3.577829	0.9534698	2.858218	0.6101046
12762	-181.0405	-239.9411	58.90056	3.831974	0.4661399	3.157132	1.313428
12768	-176.9676	-238.1667	61.19907	2.914834	0.4661399	1.252325	1.054941
12774	-187.3798	-248.0982	60.71838	2.760273	0.4919667	1.823164	1.213352
12780	-182.0563	-241.7557	59.69943	4.345052	0.647551	1.429219	0.5794737
12786	-178.4342	-239.1874	60.75322	3.505221	0.3697832	1.775577	0.5929454
12792	-177.589	-237.4889	59.89987	3.837341	0.3697832	2.693386	0.3738622
12798	-184.0425	-243.7337	59.69122	3.97867	0.3697832	2.693386	0.7664838
12804	-183.49	-243.239	59.74904	4.000082	0.3697832	2.693386	0.3934978
12810	-179.9754	-240.2411	60.2657	2.768952	0.5299978	2.693386	1.138704
12816	-186.1665	-246.5457	60.3792	3.856802	0.6410998	1.217485	0.4884392
12822	-183.0129	-244.2233	61.21044	3.460423	0.4686634	1.011693	0.6112487
12828	-192.545	-253.2492	60.70421	3.83354	0.4001902	0.9467049	1.038092
12834	-191.8251	-252.1672	60.34213	4.295004	0.4585336	0.3121594	1.630837
12840	-193.4406	-255.1686	61.728	4.310141	0.2626903	0.3519416	0.4751617
12846	-194.884	-253.9856	59.10161	5.167932	0.5614288	1.079231	0.8942646
12852	-196.5684	-256.5069	59.93849	4.139185	0.6227421	0.347272	1.789394
12858	-184.9829	-243.2972	58.31428	3.804743	0.7165489	2.81512	1.609207
12864	-200.4978	-251.6754	51.17758	2.136124	0.4758926	2.81512	6.918181
12870	-184.7152	-239.7336	55.01838	1.801073	0.3545744	0.3299202	6.294531
12876	-186.9857	-245.4537	58.46797	3.949867	0.6133103	0.510731	2.6761
12882	-184.3645	-242.5809	58.21647	4.321934	0.5664472	1.862627	1.81259
12888	-187.6319	-248.0047	60.37282	3.224807	0.5664472	0.2766032	2.270028
12894	-174.9275	-235.9096	60.98207	2.605209	0.546308	1.172786	1.443729
12900	-167.1516	-228.2174	61.06576	3.070167	0.4530739	0.9495249	1.301972
12906	-167.8633	-227.2646	59.40125	3.12635	0.3600712	3.921833	1.408614
12912	-182.4044	-242.9535	60.54918	2.48156	0.5461962	3.005453	0.9876265
12918	-173.5509	-232.359	58.80814	2.719005	0.9144073	2.977222	1.814189
12924	-174.4047	-230.173	55.76834	3.139784	0.5031549	11.917	2.563383
12930	-181.2039	-238.093	56.88908	3.71327	0.427102	9.994632	1.724897
12936	-181.7218	-241.0654	59.34361	2.394191	0.3678443	2.603677	2.30637
12942	-179.3611	-242.0686	62.70754	2.527141	0.3678443	0.5214435	0.9483482
12948	-180.1538	-241.9382	61.78436	2.94203	0.3678443	1.157426	0.6005152
12954	-175.8836	-238.5333	62.64968	2.590405	0.3678443	0.6526353	0.6883233
12960	-177.6659	-237.9664	60.30049	2.978645	0.6712345	2.20088	0.9424585
12966	-190.3171	-248.9996	58.68259	3.56227	0.5849685	2.20088	1.860352
12972	-173.6666	-236.0448	62.37824	1.946109	0.5261387	0.3152774	1.767353
12978	-168.033	-229.8059	61.77289	2.314572	0.4711936	0.6161583	1.622021
12984	-174.4334	-233.767	59.3336	2.148067	0.4711936	0.6161583	3.276465
12990	-175.1419	-236.8856	61.74364	2.158113	0.4711936	0.6161583	1.753985
12996	-178.7625	-240.9669	62.20442	2.328146	0.6289806	0.6161583	1.068118
13002	-176.9362	-238.6018	61.66562	2.371696	0.5811551	0.5162307	1.640743
13008	-175.1126	-235.8192	60.70664	2.826888	0.5811551	0.3536705	2.184698
13014	-177.8919	-238.6277	60.7358	2.741808	0.5811551	1.06863	1.557978
13020	-175.005	-232.9124	57.90744	3.926573	0.5811551	3.823798	1.662713
13026	-186.0293	-244.4408	58.41151	3.422505	0.5811551	3.823798	1.662713
13032	-179.6594	-237.4574	57.79807	3.676746	0.5811551	4.301065	1.803583
13038	-178.9451	-237.355	58.40981	2.373932	0.6999033	1.12865	3.145775
13044	-173.2049	-229.4065	56.2016	1.677217	0.6369182	1.375463	4.741448
13050	-178.1853	-241.1338	62.94854	1.861157	0.4687033	0.2884339	1.532102
13056	-178.5194	-238.2064	59.68699	2.964342	0.4687033	0.6929641	2.507568
13062	-176.2447	-238.0481	61.80336	2.435914	0.6123173	0.2350295	1.872881
13068	-171.8773	-233.386	61.50861	3.26122	0.4198368	0.5141971	1.289652
13074	-168.7254	-231.5032	62.77773	3.382994	0.4198368	0.1564589	0.3509149
13080	-169.3809	-232.5303	63.14941	3.731829	0.3329437	0.04009675	0.4370856
13086	-165.9443	-229.6677	63.72338	2.932495	0.3945616	0.04009675	0.7686788
13092	-168.9221	-230.9333	62.01115	4.726492	0.3647373	0.0354524	0.7686788
13098	-166.2754	-228.5803	62.3049	4.092414	0.3629337	0.03393749	1.142204
13104	-169.5411	-230.7932	61.25205	4.906554	0.4270133	0.1399926	0.7621942
13110	-178.7031	-241.0731	62.37	3.86124	0.4476596	0.1318888	0.4011149
13116	-184.8529	-247.5022	62.6493	3.417169	0.5366037	0.1318888	0.6517251
13122	-172.7746	-235.9844	63.20971	3.19222	0.3522857	0.04265035	1.120467
13128	-184.3319	-244.2645	59.9326	5.441065	0.68859	0.2182319	0.9226349
13134	-170.5992	-233.6614	63.06221	3.280602	0.3700151	0.1220155	0.7526965
13140	-173.4536	-234.4944	61.04078	3.91321	0.6649744	0.4062259	0.9420521
13146	-165.8041	-228.3937	62.58966	2.788811	0.6649744	0.2803128	0.7528028
13152	-169.5171	-231.4764	61.95934	2.995656	0.6649744	0.3802136	0.9934927
13158	-179.0407	-237.6821	58.64137	3.287829	0.8280349	1.615644	2.099781
13164	-175.6167	-236.4854	60.86875	2.381643	0.6344251	0.7246419	1.927688
13170	-171.8523	-233.7326	61.88033	3.502715	0.6344251	0.3364128	0.5527958
13176	-174.4944	-237.044	62.5496	3.059211	0.4652563	0.3364128	0.6597969
13182	-180.6377	-240.712	60.07427	3.693834	0.4685946	1.395423	1.254449
13188	-185.0902	-245.3111	60.22095	2.754157	0.4685946	3.884467	0.8156999
13194	-190.1098	-250.5206	60.41082	2.860877	0.6201456	2.530198	0.8380004
13200	-177.4788	-239.6212	62.14243	3.37264	0.2725549	0.6391181	0.589296
13206	-180.623	-242.9885	62.36555	3.536657	0.7449138	0.106443	0.4255001
13212	-177.2084	-239.6426	62.43413	3.69476	0.5893601	0.09540577	0.3681023
13218	-172.9284	-235.3709	62.44254	3.665243	0.36649	0.1629119	0.8757917
13224	-170.892	-234.3528	63.46083	2.418227	0.5851549	0.1325993	0.8248676
13230	-182.2592	-245.3652	63.10594	2.870402	0.5851549	0.1364603	0.6497602
13236	-185.9442	-248.8994	62.95515	2.227865	0.5851549	0.2164327	1.240788
13242	-179.7681	-241.5019	61.73379	2.256344	0.2549006	0.372431	2.269953
13248	-178.7496	-241.6727	62.92312	2.484821	0.2549006	0.1155195	1.800272
13254	-185.6441	-246.5337	60.88957	3.949256	0.7456451	0.1155195	1.600817
13260	-183.5638	-245.7633	62.19954	3.366708	0.5044503	0.3418791	0.5607915
13266	-191.2438	-248.1611	56.91731	3.859645	0.4715363	1.156482	3.336057
13272	-189.376	-248.7396	59.36357	3.712551	0.641744	0.5036611	2.24487
13278	-179.9474	-240.0093	60.06192	3.178244	0.5797913	1.481563	1.478942
13284	-190.1125	-251.4784	61.36591	2.810124	0.3916242	1.481563	0.9489874
13290	-181.6225	-243.6357	62.01326	2.579517	0.5563396	0.7453481	0.9432381
13296	-176.6153	-238.2836	61.66834	2.708447	0.3403876	0.7453481	1.466406
13302	-182.4488	-242.2023	59.75342	3.237932	0.8086615	0.7453481	1.934851
13308	-185.7375	-247.3946	61.65709	3.984038	0.5109988	0.1616405	1.08863
13314	-178.9934	-239.5225	60.52916	3.628043	0.5109988	0.1575142	2.186219
13320	-177.0922	-239.5005	62.40835	2.889902	0.706042	0.2419672	0.908703
13326	-182.2503	-244.293	62.04273	2.64953	1.246871	0.2279847	0.9974348
13332	-187.86	-249.3314	61.4714	3.460398	0.6433849	0.5485444	0.6907899
13338	-189.3855	-252.362	62.97646	2.813526	0.6433849	0.1585921	0.3436184
13344	-187.1335	-249.4125	62.27893	3.238746	0.7250351	0.2068195	0.3310466
13350	-189.7631	-251.3289	61.56583	2.485911	0.7647279	0.4674533	1.509226
13356	-182.1076	-244.1805	62.0729	3.093448	0.54361	0.2894746	1.145806
13362	-176.2544	-238.4207	62.16628	3.131256	0.54361	0.3590653	0.8588313
13368	-189.3257	-251.9372	62.61149	2.224396	0.4443003	0.3590653	1.426213
13374	-183.5224	-241.8378	58.31542	3.298687	0.5144783	0.5562489	3.207793
13380	-186.898	-248.8811	61.9831	1.787066	0.5144783	0.2312183	2.286991
13386	-182.079	-245.0402	62.96119	1.771616	0.8161837	0.1369798	1.556294
13392	-184.0597	-246.2027	62.14301	3.015618	0.6723792	0.2299286	1.12271
13398	-191.6296	-249.0191	57.38949	4.662603	0.4661792	1.100097	2.605224
13404	-181.9425	-242.7168	60.77435	2.966261	0.4426661	2.117928	0.8728215
13410	-183.5378	-243.2578	59.71996	4.013945	0.4426661	2.117928	0.880625
13416	-182.9088	-243.0201	60.11135	3.611792	0.4426661	2.117928	0.8929538
13422	-180.5908	-240.5068	59.916	3.690001	0.5590821	2.117928	0.8005396
13428	-185.0767	-245.9323	60.85567	3.673664	0.5590821	0.8910447	0.8152297
13434	-184.421	-245.1575	60.73644	3.626083	0.5201416	1.119162	0.8152297
13440	-183.2504	-243.1147	59.86436	4.630253	0.5201416	1.119162	0.5721293
13446	-182.4938	-243.2894	60.79557	3.410094	0.5201416	1.185344	0.9295105
13452	-184.8469	-244.5342	59.68735	3.585256	0.4161484	2.471272	1.195263
13458	-179.159	-238.806	59.64695	3.597063	0.7189802	2.471272	0.7327195
13464	-187.05	-246.3722	59.32226	4.529172	0.8284251	1.396692	0.5350273
13470	-185.1178	-245.6074	60.48961	3.12693	0.519672	1.396692	1.308072
13476	-182.7597	-241.8658	59.10612	4.589123	0.519672	0.6414109	1.816696
13482	-189.7185	-244.9828	55.26435	6.04679	0.6830665	6.472491	1.396873
13488	-191.487	-244.4766	52.9896	4.086907	0.5965816	14.93969	3.355195
13494	-193.0467	-243.053	50.00627	5.626967	0.5475212	14.93969	4.229525
13500	-196.5875	-253.5117	56.92422	4.779334	0.9575446	6.6455	0.5926833
13506	-200.698	-256.7099	56.01185	6.215473	0.3742769	6.6455	1.003567
13512	-197.2429	-251.6517	54.40882	6.696214	0.7437175	11.47266	0.4209602
13518	-200.0634	-256.2894	56.22609	4.890866	0.7437175	11.47266	0.5328583
13524	-186.786	-248.0457	61.25976	3.339913	0.4274575	0.2056002	1.887789
13530	-194.9826	-250.192	55.20931	6.621256	0.6164091	7.387836	0.2784339
13536	-199.8782	-256.0935	56.21526	6.721516	0.3622481	4.525554	0.2604209
13542	-200.2015	-253.8212	53.6197	7.94616	0.5162087	8.74871	0.2049175
13548	-200.3568	-253.8099	53.45314	7.94616	0.7936714	8.74871	0.3200605
13554	-185.7082	-241.5982	55.89001	5.888508	0.5707747	8.74871	0.5463309
13560	-179.6592	-240.3361	60.67693	2.315902	0.7484212	1.099839	1.722588
13566	-182.4057	-242.4464	60.0407	2.323146	1.221557	0.3064879	2.541329
13572	-171.6048	-233.1716	61.56683	3.164525	0.5630386	0.07675368	1.966246
13578	-182.3772	-243.0425	60.66528	2.983786	0.9419584	0.3596106	1.800858
13584	-179.2028	-241.9187	62.71589	2.497147	1.148662	0.129942	0.8676559
13590	-174.7485	-236.4432	61.69474	2.700333	1.188316	0.1870085	1.401209
13596	-179.6977	-241.5525	61.85478	3.000496	0.464887	0.3969987	1.322658
13602	-186.8721	-248.1005	61.22834	3.727242	0.7543828	0.3969987	0.8279048
13608	-183.9092	-244.3565	60.44739	3.553708	0.3224841	0.5950764	1.906058
13614	-183.78	-244.9038	61.12374	3.513129	0.4156421	0.7292109	1.149102
13620	-193.0602	-252.4035	59.34327	2.147506	0.3105848	2.461952	2.582588
13626	-176.7211	-237.4613	60.74014	2.176558	0.3105848	2.461952	1.643704
13632	-173.5721	-235.8286	62.25651	2.038313	0.4263197	0.5739684	1.574253
13638	-179.619	-242.8775	63.25842	2.294292	0.4263197	0.3254844	0.8768674
13644	-176.1565	-237.8848	61.72827	3.824758	0.4833229	0.1564975	1.222302
13650	-176.1504	-237.1325	60.9821	3.523816	0.462208	0.7644999	1.151626
13656	-170.9388	-231.2841	60.34527	3.508879	0.7409217	1.3173	0.8476339
13662	-173.6991	-232.2745	58.57548	2.661737	0.7409217	2.03962	2.438939
13668	-179.8468	-238.6553	58.80856	3.996908	0.4391327	2.538573	1.507031
13674	-182.656	-241.9815	59.32553	3.996908	0.5984687	2.538573	0.8078694
13680	-181.3466	-242.6065	61.25988	3.057587	1.103392	0.6557634	0.5185885
13686	-171.6163	-233.2656	61.64927	2.63949	0.3708016	0.6557634	1.571652
13692	-180.8352	-239.0389	58.2037	6.041043	0.5235953	0.6557634	1.397913
13698	-189.7746	-249.0637	59.28907	5.003028	0.3436259	0.5995031	1.667435
13704	-185.3611	-244.9373	59.57621	3.405994	0.9049092	0.804852	1.818411
13710	-190.7172	-248.2914	57.57419	4.382126	0.5340239	6.319203	1.062655
13716	-187.9861	-246.8364	58.85032	4.382126	0.6865031	1.961476	1.101901
13722	-186.8692	-246.5827	59.71349	3.277975	0.6388075	1.961476	1.359857
13728	-193.3587	-252.9551	59.59648	3.884859	0.409445	1.522365	1.489673
13734	-195.8268	-254.9801	59.15328	4.412402	0.4257091	1.910318	1.192287
13740	-201.0274	-260.2917	59.26436	3.527856	0.627112	0.07212624	3.132723
13746	-190.9521	-253.8338	62.8817	2.556578	0.4515017	0.1655558	1.336695
13752	-193.1253	-252.6461	59.52082	4.629094	0.5775655	1.257433	0.8180142
13758	-193.5294	-254.8834	61.35397	3.210335	0.596611	0.614406	1.084115
13764	-208.7536	-270.8576	62.10402	4.423599	0.4037372	0.0796411	0.397228
13770	-192.3734	-254.9241	62.55066	3.706114	0.4215505	0.0796411	0.9538248
13776	-188.8804	-249.1263	60.24592	4.029	0.6381137	0.9086458	0.9538248
13782	-186.1074	-247.664	61.55664	3.836494	0.4981798	0.3881813	0.751231
13788	-190.5753	-250.1104	59.53513	4.114158	0.4981798	1.093224	1.509988
13794	-197.3715	-257.8628	60.49126	3.848963	0.4981798	1.093224	0.9129083
13800	-195.1515	-255.9022	60.75067	3.760572	0.3046894	1.329459	0.9129083
13806	-194.0587	-254.5955	60.53684	4.059612	0.3046894	1.226886	0.9129083
13812	-193.9572	-255.5034	61.54626	3.640854	0.3353283	0.7040374	0.7723345
13818	-186.4756	-247.2544	60.77885	4.517564	0.8744851	0.2288333	0.3503321
13824	-189.3449	-248.5922	59.24733	2.842975	0.8744851	0.3604072	2.844184
13830	-183.7204	-243.117	59.39661	3.086576	0.5685885	0.3604072	2.844184
13836	-190.4287	-250.2598	59.83108	3.081702	0.3668101	0.1902135	3.053614
13842	-184.7239	-244.0272	59.30338	3.25407	0.3668101	0.3605183	3.011776
13848	-184.601	-245.4134	60.8124	3.351516	0.5240088	1.124591	1.021926
13854	-178.4703	-238.7952	60.32493	3.691294	0.5240088	1.741042	0.539316
13860	-184.951	-243.203	58.25204	3.67808	0.5240088	5.378568	1.300999
13866	-185.217	-242.8975	57.68048	4.84136	0.5240088	4.875669	0.8771689
13872	-184.5581	-240.0358	55.47767	5.250273	0.5240088	14.73431	0.9823101
13878	-180.8428	-239.1197	58.27692	5.155598	0.4201544	3.177653	0.3784291
13884	-183.6788	-240.4719	56.7931	5.09357	0.4201544	7.720914	1.031045
13890	-188.0162	-244.6057	56.5895	5.61134	0.4189501	7.831724	0.5511062
13896	-180.4774	-237.9994	57.52199	5.026056	0.4189501	6.208944	0.4647553
13902	-180.8243	-238.6678	57.84356	4.291554	0.5636466	6.208944	0.8536578
13908	-192.216	-249.7987	57.58267	4.49305	0.5636466	5.787332	1.026387
13914	-182.3272	-242.6047	60.2775	3.485265	0.4539694	2.354949	0.6033537
13920	-183.9415	-245.3194	61.37791	2.336065	0.6067971	0.880565	1.497153
13926	-172.3902	-233.9758	61.58563	2.71294	0.6030489	0.7702813	1.130981
13932	-176.233	-238.3572	62.12422	3.550342	0.4561624	0.3252139	0.5977179
13938	-167.5177	-229.7209	62.20317	3.418025	0.4613315	0.3252139	0.3448292
13944	-173.3607	-234.8046	61.44382	3.31795	0.6626822	0.689684	0.52063
13950	-177.0671	-239.1475	62.08038	2.713269	0.6626822	0.4778436	0.9778886
13956	-173.1318	-234.6557	61.52389	2.439569	0.6626822	0.4778436	1.656521
13962	-177.1183	-239.1054	61.98712	3.023282	0.5289827	0.129597	1.656521
13968	-174.9624	-238.4587	63.49625	2.138897	0.5289827	0.1355642	1.150937
13974	-180.214	-241.887	61.67294	2.50934	0.3254954	0.9431386	1.467885
13980	-171.7861	-232.9667	61.18062	2.494324	0.5994505	0.9431386	1.484076
13986	-176.4367	-236.3984	59.96168	1.957092	0.5994505	0.9431386	2.652524
13992	-169.6457	-231.6205	61.97479	2.239429	0.5326305	0.9431386	1.127861
13998	-171.1499	-232.5707	61.42084	2.018475	0.6766799	0.6179089	1.857526
14004	-166.1419	-227.1151	60.97328	2.269849	0.6144892	0.6179089	2.047127
14010	-179.5018	-242.6286	63.12685	2.468108	0.6144892	0.09480072	1.215372
14016	-187.2808	-250.5086	63.22774	2.26822	0.2620354	0.2931457	1.325457
14022	-170.1993	-233.0634	62.86406	3.075557	0.2620354	0.3727973	0.6910638
14028	-178.5628	-239.9281	61.36529	2.547323	0.5583577	0.07970094	2.490532
14034	-181.2047	-240.7751	59.57043	2.809972	0.5583577	1.136284	2.283498
14040	-178.4588	-239.0754	60.61656	4.076053	0.3702309	0.21526	1.88074
14046	-185.4769	-243.7088	58.23185	2.640468	0.3702309	1.680041	3.152387
14052	-189.3029	-250.1285	60.82562	2.535916	0.5193427	0.3148112	2.409752
14058	-189.8236	-249.0999	59.27629	3.011301	0.4123455	0.5431404	2.924092
14064	-189.0413	-251.7193	62.67797	2.358807	0.4028452	0.5431404	1.04319
14070	-172.5413	-235.1645	62.62323	2.718986	0.503652	0.3237642	0.9641387
14076	-175.7885	-237.581	61.7925	3.147854	0.6758029	0.5425428	0.4180987
14082	-174.8316	-236.6346	61.80306	2.268647	0.670089	0.5425428	1.492492
14088	-177.8455	-239.6419	61.79649	2.243393	0.4708022	0.5425428	1.734607
14094	-178.2978	-240.4731	62.17526	2.165713	0.5891428	0.2867375	1.734607
14100	-178.4863	-241.0125	62.52617	1.994027	0.5891428	0.3277119	1.53771
14106	-176.328	-236.571	60.24301	1.979924	0.3030158	0.7987951	2.892189
14112	-175.0907	-237.245	62.15433	1.527402	0.1160633	0.3246746	2.799804
14118	-171.368	-235.0533	63.68526	1.777808	0.2681835	0.3104644	1.307072
14124	-165.7672	-228.823	63.05574	2.347509	0.407318	0.09069196	1.64005
14130	-168.0654	-231.6695	63.60412	2.135845	0.8956652	0.09069196	0.705767
14136	-171.4454	-234.5041	63.05876	1.988337	0.5845793	0.1741802	1.451802
14142	-187.2046	-247.969	60.76441	1.773451	0.7653698	0.337774	2.677371
14148	-174.6917	-236.2299	61.53812	2.273508	0.693029	0.5631152	1.637967
14154	-172.1002	-234.0924	61.9922	3.522479	0.528805	0.3080736	0.7490185
14160	-182.1835	-242.4834	60.29986	1.792959	0.5538656	0.3080736	3.160157
14166	-185.493	-247.1064	61.61336	1.538515	0.393985	0.2624094	2.754902
14172	-194.5947	-254.6474	60.05271	2.972502	0.3017376	0.4102704	2.754902
14178	-188.3861	-249.492	61.10587	2.944122	0.6992115	1.328775	0.5932154
14184	-188.7475	-248.4074	59.65988	3.532663	0.656384	1.328775	1.521376
14190	-184.5403	-243.38	58.83973	3.419381	0.603229	1.648092	2.058334
14196	-192.0248	-252.0119	59.98708	4.332965	0.603229	0.5705736	1.339273
14202	-187.0605	-247.8238	60.76329	3.19386	0.6471506	0.7909634	1.344649
14208	-183.7673	-243.872	60.10467	3.582023	0.4471806	0.3420896	2.242349
14214	-189.4951	-248.161	58.66592	4.504734	0.4471806	0.5561965	2.326082
14220	-192.9008	-252.2926	59.3918	2.921358	0.4438492	3.368878	1.599161
14226	-197.5678	-258.7657	61.1979	3.185263	0.5472621	0.8058508	1.091506
14232	-193.7665	-255.318	61.55147	3.332657	0.4233109	0.4564085	1.270667
14238	-189.9135	-248.8916	58.97802	4.500873	0.8958261	0.7169481	1.54849
14244	-194.6163	-252.4006	57.78436	6.00156	0.8314932	1.435202	0.6436922
14250	-182.0295	-241.5433	59.51383	3.327723	0.8314932	1.435202	1.557769
14256	-197.6795	-256.7613	59.08183	1.938024	0.6661064	0.90386	3.164378
14262	-186.8611	-247.0533	60.19225	3.971607	0.5828506	0.8133718	1.22913
14268	-183.0026	-242.9721	59.96952	2.604607	0.5421192	0.7324151	2.448645
14274	-187.9531	-249.7678	61.81469	4.2392	0.5421192	0.1427782	0.4659721
14280	-182.7571	-243.3231	60.566	3.441609	0.3880842	1.338106	1.215849
14286	-187.5279	-246.1291	58.60123	5.144835	0.318499	2.811288	0.7358455
14292	-184.0874	-243.5745	59.48702	3.37395	0.2917049	1.824737	1.959187
14298	-179.1781	-238.8986	59.72054	2.758703	0.4362063	2.18121	1.873804
14304	-177.1347	-236.7404	59.60568	3.491616	0.5174258	1.887604	1.453287
14310	-165.9249	-226.9688	61.04389	2.556398	0.3588071	0.4257752	2.300106
14316	-167.1333	-228.711	61.57772	2.575207	0.1502723	0.4257752	2.300106
14322	-161.5316	-224.0144	62.48279	1.872442	0.22053	0.2977168	2.199081
14328	-166.7739	-230.6259	63.85194	2.513846	0.22053	0.01836849	1.482639
14334	-172.4887	-236.4308	63.94214	2.92685	0.1544335	0.03053792	1.220165
14340	-169.7828	-234.2564	64.47367	2.312935	0.2433763	0.06727503	0.8667655
14346	-173.0106	-235.6481	62.63748	2.448438	0.3671751	0.01549776	2.126302
14352	-165.7237	-227.8139	62.09025	2.564836	0.3752144	0.03134099	2.371942
14358	-169.3713	-232.6594	63.28812	2.394661	0.6660954	0.2019928	0.5183572
14364	-172.7529	-236.1078	63.35496	2.648314	0.6658043	0.109764	0.4942641
14370	-171.7805	-231.9613	60.18083	3.090348	0.4377455	0.8096293	2.052816
14376	-166.7617	-228.9913	62.22958	3.355554	0.4258497	0.2736903	0.9741724
14382	-169.8944	-231.3759	61.48144	2.083245	0.6432647	0.07926199	2.631278
14388	-182.9275	-243.9559	61.02845	2.647878	0.4409571	0.1181237	2.656232
14394	-183.2911	-245.1607	61.86966	3.265376	0.4199545	0.6467068	0.708793
14400	-180.8963	-243.8738	62.97749	2.322442	0.607317	0.1469021	1.299497
14406	-175.7404	-235.4913	59.75093	4.172762	0.4826035	0.5490886	1.794496
14412	-180.2847	-237.964	57.67935	3.56452	0.6446805	0.5490886	3.318093
14418	-180.2999	-240.8054	60.50552	2.933653	0.6348688	0.4089827	2.124005
14424	-176.8479	-238.6363	61.78837	1.554153	0.3904125	0.4089827	2.443011
14430	-182.0277	-243.6499	61.62225	1.713149	0.3765313	0.3889732	2.488973
14436	-184.781	-245.4744	60.69335	1.846245	0.3765313	0.053694	3.57991
14442	-176.821	-239.1314	62.31043	2.128632	0.3765313	0.0871474	2.337222
14448	-189.3038	-247.8483	58.54451	3.241425	0.3765313	0.1258302	3.830782
14454	-194.5196	-255.7466	61.22696	3.294493	0.3765313	0.3257473	1.799576
14460	-191.6757	-254.6067	62.931	2.490413	0.8870282	0.09826103	1.05371
14466	-183.6519	-245.3807	61.72885	2.490942	1.03127	0.03621482	2.063362
14472	-178.6896	-240.7736	62.08402	2.122384	0.4379242	0.2457922	2.063362
14478	-179.1438	-240.4018	61.25805	3.898031	0.3658367	0.2457922	1.497649
14484	-180.8973	-243.373	62.47574	3.638875	0.5564376	0.1210944	0.5191683
14490	-192.5538	-251.2727	58.71892	5.775757	1.286663	0.1210944	1.436324
14496	-178.726	-241.9709	63.24486	3.423678	0.4304342	0.02744815	0.73256
14502	-188.1566	-251.0805	62.9239	3.086054	0.7059555	0.08439254	0.6740224
14508	-183.1251	-245.8586	62.73351	3.365404	0.7295704	0.06653379	0.5883912
14514	-196.9505	-254.8472	57.89667	2.891787	0.5731139	2.742211	2.637206
14520	-193.3211	-253.6839	60.36271	2.849812	0.5731139	0.9178944	1.861321
14526	-186.6986	-249.3869	62.6883	2.131644	0.5731139	0.3026982	1.370392
14532	-181.1607	-242.1732	61.01248	2.568541	0.885063	0.05896238	2.497391
14538	-178.176	-237.2604	59.08442	3.045571	0.5668071	0.2943394	3.1453
14544	-177.0652	-239.3083	62.24307	3.849979	0.4189545	0.1819999	0.3697667
14550	-183.7331	-245.4503	61.71716	3.407062	0.856339	0.2833048	0.7701094
14556	-189.6676	-250.0384	60.37079	3.429605	0.7074832	1.51972	0.7701094
14562	-187.3461	-248.1239	60.77778	3.524625	0.7074832	1.034113	0.4235916
14568	-188.3669	-248.2277	59.86079	5.021987	0.397358	0.7806297	0.2507293
14574	-179.9116	-238.9747	59.06307	4.925011	0.397358	1.634296	0.1971214
14580	-187.9884	-247.3681	59.37973	4.497714	0.5206198	1.946767	0.4100548
14586	-185.6977	-244.1953	58.49751	4.949984	0.5878092	1.95858	0.1930069
14592	-181.0726	-243.111	62.03846	3.930199	0.4438945	0.1521079	0.9075563
14598	-180.2798	-242.2043	61.92458	3.965078	0.4438945	0.1609503	0.9599939
14604	-169.9099	-231.6055	61.69567	2.17191	0.453671	0.3864416	2.057614
14610	-176.2253	-238.3055	62.08027	2.19765	0.5272491	0.1724311	2.057614
14616	-182.6899	-241.5871	58.89717	1.759449	0.5272491	0.1724311	4.228401
14622	-179.2268	-238.3088	59.08197	2.858817	0.3838463	0.9364184	2.865624
14628	-179.949	-242.1685	62.21951	2.482985	0.4077338	0.3826892	1.541636
14634	-178.4926	-240.3993	61.90674	2.507053	0.9066786	0.184975	1.596893
14640	-178.1481	-239.2584	61.11026	4.368021	0.526399	0.184975	1.145082
14646	-179.611	-241.5772	61.96626	2.652926	0.526399	0.6829075	1.044475
14652	-183.1854	-243.8172	60.63186	3.405588	0.526399	1.139741	1.123922
14658	-179.9364	-239.1031	59.16665	3.64299	0.8582007	2.574217	0.994214
14664	-176.4583	-237.7522	61.29394	2.906681	0.8582007	0.799563	0.8685063
14670	-180.9681	-238.1376	57.16947	4.308177	0.6106111	7.597321	1.145022
14676	-176.167	-233.1777	57.01073	4.672117	0.478186	7.597321	1.146481
14682	-182.0288	-239.5062	57.47746	4.519697	0.521715	7.597321	0.7223596
14688	-185.6387	-243.6841	58.04539	5.035313	0.3628438	4.612303	0.4706649
14694	-183.7317	-242.25	58.51836	4.004963	0.5206803	4.612303	0.9657873
14700	-182.0553	-240.0385	57.9832	4.004963	0.5206803	5.7845	1.169251
14706	-190.8071	-248.7498	57.94266	3.553859	0.5793604	6.845381	1.299612
14712	-191.5059	-247.8509	56.34493	4.892547	0.4650607	6.845381	1.636134
14718	-175.4657	-235.2662	59.80041	3.707139	0.4604332	2.796742	0.3578304
14724	-185.6094	-245.5202	59.91081	4.018559	0.3745949	2.246552	0.34758
14730	-184.7337	-244.7924	60.05869	3.779569	0.7602241	1.490613	0.395577
14736	-177.9987	-238.0822	60.08351	3.779569	0.7602241	1.490613	0.4829002
14742	-179.4348	-240.4315	60.99676	3.464646	0.3722956	1.490613	0.4590002
14748	-183.2892	-242.8207	59.53148	3.813035	0.3722956	3.36955	0.8135655
14754	-184.258	-245.3862	61.12816	3.236272	0.3722956	1.553608	0.6842709
14760	-186.5194	-246.8291	60.30972	3.156128	0.5921231	1.331262	1.380608
14766	-173.4859	-235.3282	61.84235	3.358082	0.5921231	0.451524	0.6161527
14772	-193.0646	-255.66	62.5954	3.153057	0.5921231	0.1401754	0.9323178
14778	-182.1415	-244.3543	62.21281	3.501443	0.4252325	0.1402935	1.221139
14784	-178.1624	-241.3549	63.19249	3.302581	0.4252325	0.05512209	0.8065415
14790	-180.3762	-243.7408	63.36466	2.639336	0.5853053	0.05512209	1.053805
14796	-185.6211	-246.2338	60.61275	3.451756	0.3581556	0.06796486	2.650813
14802	-191.0813	-249.7339	58.6526	4.014917	0.2221843	3.50267	1.661389
14808	-183.5233	-243.917	60.39372	5.044354	0.189879	0.8731081	0.6319789
14814	-180.8592	-239.8297	58.97057	3.984115	0.677776	1.785576	1.431882
14820	-178.9293	-237.5986	58.66928	4.617852	0.6394414	2.61907	0.7183889
14826	-180.6651	-240.1835	59.51846	3.88684	0.7505637	0.2259697	2.316761
14832	-186.3581	-247.9822	61.62413	3.145557	0.676561	0.04757023	1.927833
14838	-182.181	-244.8925	62.71151	3.85813	0.3908152	0.04757023	0.8430795
14844	-184.674	-246.4773	61.80332	3.351145	0.4667694	0.05251171	1.865451
14850	-189.5116	-249.5867	60.0751	3.868795	0.4667694	1.604973	0.9544878
14856	-195.9495	-255.7247	59.77512	4.227747	0.2531639	1.604973	1.306028
14862	-190.646	-248.5233	57.87732	2.126329	0.5655823	0.867746	3.863931
14868	-184.9545	-240.9004	55.94594	3.22861	0.5809395	5.864075	2.988918
14874	-183.7133	-242.5975	58.88421	3.19564	0.5809395	3.351386	1.611168
14880	-177.3616	-236.5854	59.22377	4.602708	0.3905615	2.489348	0.5529867
14886	-175.115	-234.2232	59.10813	3.997332	0.6126863	3.153835	0.6918464
14892	-175.1341	-233.9683	58.83424	4.156036	0.6126863	3.153835	0.8557452
14898	-169.138	-228.7263	59.58829	3.397114	0.4469298	3.871778	0.8557452
14904	-176.1446	-238.1013	61.95664	3.076181	0.4469298	0.6048711	0.8635346
14910	-182.7961	-244.0925	61.29645	2.742426	0.6267247	0.2281364	2.006817
14916	-179.7086	-242.0304	62.32181	2.523186	0.5318379	0.1939876	1.615636
14922	-180.9396	-244.256	63.31636	2.601947	0.8593234	0.06775944	0.6431783
14928	-178.3705	-239.9302	61.55969	3.599122	0.8593234	0.3133789	0.5014844
14934	-190.9155	-252.7007	61.78518	2.920587	0.8593234	0.5041439	0.7389294
14940	-183.1498	-245.2406	62.09079	2.9447	0.4321595	0.5041439	1.051641
14946	-180.6217	-244.0644	63.44266	3.03945	0.4321595	0.07918419	0.6038488
14952	-190.5123	-251.6969	61.18464	4.2379	0.4321595	0.4397769	0.3224036
14958	-176.4195	-238.9447	62.5252	3.638761	0.3859596	0.1536423	0.2881986
14964	-181.4311	-243.237	61.80592	3.638761	0.5066969	0.3967475	0.423515
14970	-183.7814	-245.8511	62.06964	3.551681	0.2535454	0.5980172	0.5905305
14976	-199.306	-260.8213	61.51535	2.969745	0.9780643	0.5980172	0.6467643
14982	-186.592	-247.5902	60.99822	2.632092	0.3758612	0.2461222	2.507661
14988	-186.8904	-245.4797	58.58923	2.454468	0.7508799	0.4346812	3.466649
14994	-189.4925	-250.2189	60.72641	3.249838	0.7186731	0.5329902	1.527523
15000	-190.1862	-247.943	57.75688	2.978625	0.7186731	1.685236	2.900693
15006	-189.3367	-246.8229	57.48617	3.225827	0.5759613	5.149285	2.15243
15012	-186.6956	-242.4991	55.8035	5.364379	0.5759613	5.149285	1.848336
15018	-181.331	-242.3725	61.04146	3.919176	0.5759613	0.5972129	0.6815437
15024	-194.2285	-252.4495	58.22101	2.924157	0.4479655	0.5972129	3.513689
15030	-185.2353	-245.5402	60.30497	2.209659	0.3736591	0.08381355	3.513689
15036	-186.9729	-247.068	60.09518	2.867266	0.3994827	0.08381355	3.220793
15042	-183.9249	-243.8911	59.96618	2.35001	0.4679888	0.7429225	2.676419
15048	-186.3159	-245.405	59.08902	1.913091	0.6122483	1.416835	2.942655
15054	-173.5237	-235.3152	61.79153	2.199312	0.5506473	1.021891	1.228146
15060	-190.5729	-247.8245	57.25166	2.160119	0.6996291	4.904858	2.899423
15066	-181.9235	-241.5564	59.63289	2.773493	0.7415055	3.501249	1.134922
15072	-176.3703	-236.0473	59.67699	2.707259	0.7415055	3.197509	1.255582
15078	-180.8868	-240.8222	59.93542	2.586268	0.6371697	3.197509	1.255582
15084	-188.5803	-248.0662	59.48586	3.889484	0.4642799	3.197509	0.5522725
15090	-184.6052	-244.145	59.5398	3.889484	0.2879971	3.197509	1.001746
15096	-187.6763	-246.1753	58.49903	4.284597	0.473575	3.931863	1.001746
15102	-193.9072	-249.7342	55.82692	5.603977	0.7629679	6.348744	1.24128
15108	-177.3177	-236.3067	58.98901	4.852822	0.7108704	1.466477	0.3070307
15114	-167.12	-229.0334	61.91336	3.719297	0.7108704	0.1800922	0.3472923
15120	-184.4279	-244.5505	60.12256	5.365401	0.5270698	0.3440613	0.3661422
15126	-182.9221	-244.2838	61.3617	3.315071	0.4185993	0.9028561	0.906699
15132	-187.1379	-248.1856	61.0477	3.820168	0.4322788	0.9028561	0.4704605
15138	-195.6681	-258.2494	62.58131	3.762801	0.5963765	0.0558941	0.4704605
15144	-200.6645	-260.6541	59.98961	6.14139	0.4068262	0.1808508	0.6322827
15150	-193.1189	-251.1475	58.02857	7.381549	0.7687748	0.1808508	0.8938422
15156	-189.2463	-248.3111	59.06481	5.777651	0.7687748	0.1718553	1.425482
15162	-181.496	-243.9639	62.4679	3.403737	0.5870019	0.1536647	0.7245064
15168	-184.7267	-245.5426	60.81582	3.662178	0.5870019	0.1536647	1.904591
15174	-173.4854	-235.135	61.64964	2.779952	0.6295689	0.4280713	1.409703
15180	-175.4963	-237.5018	62.00552	3.607166	0.3663995	0.3872533	0.7858565
15186	-179.7388	-241.9724	62.23366	3.251903	0.3924338	0.3872533	0.8799784
15192	-182.34	-245.3181	62.97811	3.353278	0.5174485	0.06773409	0.7233818
15198	-182.119	-240.7721	58.65307	2.874875	0.7816637	0.06773409	3.767265
15204	-178.4333	-241.3369	62.90356	2.119565	0.5160992	0.1671803	1.566083
15210	-179.5127	-240.7066	61.19391	2.601711	0.8754374	0.6222872	1.422521
15216	-174.5881	-236.2157	61.62761	1.955801	0.4567898	0.6222872	1.982601
15222	-181.5417	-244.7527	63.21097	2.391588	0.4567898	0.3569095	0.6063745
15228	-176.7817	-238.6935	61.91188	3.476484	0.3695566	0.3569095	1.088316
15234	-174.2764	-236.1523	61.87595	2.725065	0.4621627	0.473625	1.416697
15240	-176.1129	-238.9308	62.81795	2.250547	0.4150993	0.2352061	1.512142
15246	-181.5609	-243.4898	61.92884	2.278987	0.3630579	0.485083	1.823502
15252	-184.9326	-244.0381	59.10555	2.411433	0.9977818	1.491966	2.305891
15258	-184.6765	-244.9384	60.26189	2.184076	0.9977818	0.5791665	2.305891
15264	-180.3519	-238.9354	58.58342	3.774307	0.9977818	0.5791665	2.362043
15270	-174.7809	-234.6893	59.90839	4.40298	0.963618	0.7592572	0.5720574
15276	-171.0609	-231.201	60.14013	3.960089	0.8354015	1.040441	0.3534352
15282	-163.2824	-223.7852	60.50288	3.993422	0.5594951	1.040441	0.40556
15288	-169.6951	-231.856	62.16096	3.627148	0.5594951	0.1692325	0.27339
15294	-183.3694	-244.7708	61.40141	4.692406	0.5594951	0.1236822	0.5605535
15300	-189.4595	-247.6585	58.19906	4.07833	0.3949995	5.454259	1.183647
15306	-197.5274	-251.3233	53.79593	5.096624	0.6882821	11.21714	2.464368
15312	-187.7937	-242.8014	55.0077	4.2657	0.6882821	11.21714	2.222233
15318	-184.1246	-238.3469	54.22229	3.585683	0.4966363	11.21714	3.292838
15324	-179.5555	-240.0684	60.51289	3.651042	0.6155045	1.272976	0.6961388
15330	-178.126	-239.331	61.20507	3.284267	0.4441229	1.269276	0.5831105
15336	-186.7879	-247.1249	60.33698	3.538275	0.8711227	1.269276	0.639276
15342	-186.7364	-248.9295	62.1931	3.306645	0.3965074	0.4777626	0.5607141
15348	-179.8453	-241.2255	61.38023	1.890943	0.7524204	0.4777626	2.051745
15354	-185.5432	-247.3933	61.85011	2.128412	0.3936942	0.4777626	1.946299
15360	-182.4625	-244.0108	61.54833	2.035105	0.6337736	1.050818	1.434312
15366	-179.5844	-241.9117	62.32731	2.318985	0.4416201	0.434512	1.462899
15372	-173.0372	-233.7667	60.7295	2.697604	0.5568253	1.015722	1.658512
15378	-183.2275	-244.4365	61.20901	2.534223	0.5568253	1.015722	1.424338
15384	-173.428	-236.3684	62.94037	3.313102	0.4169916	0.1178703	0.7729809
15390	-179.0943	-242.3109	63.21659	2.844184	0.3926615	0.1178703	1.041827
15396	-177.0736	-239.5302	62.45664	3.127938	0.9367345	0.1178703	0.7025267
15402	-175.0046	-237.4779	62.47327	1.913226	0.7074923	0.1178703	1.943456
15408	-175.771	-234.2852	58.51413	4.359884	0.4358509	0.4042076	2.686447
15414	-179.2261	-240.1959	60.96973	2.24241	0.4358509	0.581033	2.288682
15420	-181.1548	-242.7503	61.59554	2.598227	0.4358509	0.4293043	1.80392
15426	-184.3957	-246.3907	61.99494	2.119804	0.4358509	0.581595	1.683374
15432	-173.7887	-236.2583	62.46958	1.465513	0.4358509	0.2732369	2.197283
15438	-168.6887	-229.1424	60.45367	2.654494	0.4818139	0.6999975	2.197283
15444	-172.6602	-235.5498	62.8896	1.958861	0.5095973	0.1765283	1.677977
15450	-172.5239	-235.2896	62.76571	1.685765	0.2918948	0.3635286	1.918491
15456	-177.4026	-239.589	62.18639	2.804452	0.6880789	0.4283795	0.8150828
15462	-183.3581	-242.2351	58.87701	3.129549	0.6160935	2.506264	1.884504
15468	-172.3379	-233.2592	60.92133	3.148407	0.5474871	1.531214	0.6876068
15474	-168.9824	-229.6782	60.69577	2.941978	0.5795508	1.260203	1.304984
15480	-173.9173	-235.0581	61.14088	2.8355	0.5795508	1.146155	1.099706
15486	-183.3766	-242.9991	59.6225	2.85156	0.5795508	0.2729661	2.958972
15492	-174.9438	-236.794	61.85015	1.434505	0.2614725	0.2729661	2.836664
15498	-180.7077	-244.0634	63.35575	2.781916	0.2793822	0.2578427	0.7243719
15504	-183.292	-245.4864	62.19436	3.020755	0.54807	0.366163	0.9279955
15510	-190.0102	-251.742	61.73178	4.065273	0.5531439	0.2181179	0.5337163
15516	-178.0134	-240.2523	62.23893	3.245127	0.5531439	0.3433337	0.4376838
15522	-189.0903	-249.6853	60.595	4.169614	0.5531439	0.7775716	0.6661529
15528	-185.24	-246.7669	61.52692	2.957147	0.5531439	0.4120089	1.476903
15534	-189.178	-249.2621	60.08407	2.854509	0.6464815	1.03438	1.895209
15540	-197.0149	-256.7819	59.76702	3.54906	0.7176016	1.074471	1.534433
15546	-199.6626	-259.3334	59.67078	3.723418	0.7176016	1.106882	1.452891
15552	-196.8815	-255.6608	58.77925	3.464383	0.6375743	3.336954	1.432619
15558	-190.1905	-248.4489	58.25837	3.664885	0.6911262	4.52992	1.30542
15564	-188.027	-245.4529	57.42581	4.44749	0.6555285	4.083663	1.491676
15570	-182.1985	-243.1886	60.99006	2.946684	0.6643266	1.178746	0.9946646
15576	-187.773	-249.3792	61.60617	2.946684	0.6486674	0.8631584	0.6040527
15582	-184.5459	-245.8812	61.33525	3.525713	0.5040728	0.6822069	0.8229282
15588	-183.6718	-245.1671	61.49529	3.594014	0.3836492	0.6180688	0.9134116
15594	-194.6809	-255.2498	60.56889	3.578218	0.5559543	1.45736	0.6083457
15600	-186.3637	-245.3512	58.98756	4.052692	0.5613418	2.6885	1.091484
15606	-181.1728	-239.6782	58.5054	3.535489	0.5613418	5.046665	1.235718
15612	-183.8679	-243.1824	59.31451	3.535489	0.4327458	4.302782	0.8774631
15618	-185.7308	-246.8652	61.13447	2.891632	0.4327458	1.335849	1.127451
15624	-172.9858	-234.7282	61.74238	2.99985	0.3478394	1.204144	0.4665531
15630	-180.8596	-242.8598	62.00018	3.309279	0.405497	0.5560105	0.3540471
15636	-183.8777	-246.9372	63.05949	3.176915	0.5018916	0.08709084	0.7692771
15642	-185.3899	-246.9394	61.54943	3.581412	0.5080438	0.5791904	0.5945581
15648	-190.8978	-251.3391	60.44127	3.875302	0.4028664	1.439681	0.2889378
15654	-185.3834	-246.5317	61.14829	3.875302	0.5793351	0.5234516	0.3100241
15660	-180.3588	-239.2501	58.89122	4.892428	0.4957864	1.659694	0.1936849
15666	-188.2687	-246.0439	57.77524	3.416637	0.8829405	1.659694	2.512143
15672	-180.3017	-239.2833	58.98161	3.475141	0.7736884	2.665395	1.351913
15678	-179.8326	-238.4512	58.61855	4.195782	0.3918675	3.173825	1.351913
15684	-177.4136	-236.1357	58.72211	4.195782	0.734519	3.173825	0.7196019
15690	-167.9572	-227.2886	59.33146	4.036455	0.4569188	3.173825	0.6442402
15696	-176.5775	-235.3155	58.73803	3.772925	0.7467579	3.173825	1.14971
15702	-175.3073	-233.3632	58.05587	4.066426	0.7467579	4.255374	1.14971
15708	-172.3176	-227.7941	55.47645	3.444767	0.8095997	6.040245	2.934743
15714	-178.1946	-235.7526	57.55801	4.07798	0.4829376	4.999828	1.653182
15720	-166.5547	-227.7538	61.19907	3.574302	0.4319816	0.9597453	0.6482793
15726	-165.7773	-226.5458	60.76844	3.680021	0.6264675	0.9597453	0.6766879
15732	-162.0971	-223.1074	61.01031	3.686139	0.3946651	1.044479	0.7573846
15738	-166.9417	-228.0617	61.12001	3.638255	0.3946651	1.044479	0.6501059
15744	-172.7833	-233.5911	60.80781	2.799831	1.033753	0.747722	1.310321
15750	-166.9672	-228.1949	61.22769	2.961876	0.6306885	0.747722	1.215771
15756	-175.9084	-237.3552	61.44681	3.171214	0.6306885	0.747722	0.7789393
15762	-192.705	-253.3726	60.6676	4.293413	0.730804	0.4660843	0.3595148
15768	-195.1144	-254.868	59.75357	4.290614	0.5754431	1.489986	0.7105182
15774	-170.2325	-231.2556	61.02308	3.789923	0.7243949	0.5889797	0.4366059
15780	-176.5433	-237.5688	61.02549	3.877809	0.7243949	0.35534	0.1971252
15786	-188.0406	-249.95	61.90944	3.117584	0.7243949	0.35534	0.8876094
15792	-182.4534	-244.3837	61.93024	3.149117	0.5967691	0.5192086	0.3996135
15798	-175.1049	-237.791	62.68615	3.253824	0.499857	0.1693849	0.3142824
15804	-179.2166	-241.0583	61.84162	4.208242	0.4827254	0.1311807	0.2763448
15810	-178.2029	-239.9653	61.76238	3.800526	0.3188811	0.402229	0.2277594
15816	-173.166	-235.2821	62.11611	3.53982	0.349314	0.402229	0.3232683
15822	-175.9867	-238.6331	62.64638	3.534587	0.349314	0.1580097	0.2620795
15828	-176.6364	-238.674	62.03761	3.265909	0.771486	0.2517993	0.7681456
15834	-175.002	-236.7143	61.71228	3.692035	0.771486	0.2517993	0.4467082
15840	-181.1693	-242.5664	61.3971	2.98355	0.5234113	0.4327906	1.560028
15846	-184.8238	-246.4667	61.6429	2.109422	0.8688618	0.4327906	1.683968
15852	-187.1792	-248.0641	60.88499	2.52345	0.6753342	0.381546	2.142813
15858	-184.1909	-242.0969	57.90597	4.858337	0.730367	1.333109	1.757355
15864	-190.6924	-251.3757	60.68328	2.266429	0.6106127	1.77211	1.512514
15870	-182.4094	-242.8921	60.48269	2.2424	0.7489901	0.7272063	2.173422
15876	-190.4972	-252.4973	62.00003	3.334829	0.5468904	0.3933577	0.3403116
15882	-186.785	-248.8221	62.03712	2.978041	0.4511503	0.3933577	1.216483
15888	-190.6479	-248.178	57.53009	2.999152	0.6616172	4.275951	2.357105
15894	-194.2801	-255.1762	60.89614	4.302487	0.6616172	0.1996387	1.176999
15900	-189.8983	-250.4564	60.55813	3.834484	0.5939264	1.116014	0.4757035
15906	-192.8097	-254.0019	61.19221	2.993258	0.4983029	0.4970804	1.650229
15912	-187.5978	-246.9208	59.32301	3.719328	0.6970079	2.437685	1.022963
15918	-193.9186	-252.9127	58.99406	4.477085	0.3791277	2.338461	1.143261
15924	-183.8933	-245.8395	61.94616	2.385321	0.5267763	1.014539	0.9537601
15930	-189.0041	-249.4395	60.43537	3.057346	0.7063563	1.363724	1.209465
15936	-184.9447	-245.2603	60.31559	2.76209	0.688109	1.934246	1.249052
15942	-182.3114	-243.268	60.9566	3.41902	0.7512378	0.9201216	0.4828521
15948	-182.9663	-242.8186	59.85227	3.189956	0.7512378	1.674089	1.347152
15954	-190.9583	-249.6785	58.72017	3.53237	0.6123527	2.018028	1.898056
15960	-193.2481	-252.2346	58.98646	3.458819	0.6175459	2.018028	1.760308
15966	-191.681	-250.5104	58.82939	4.225537	0.6175459	2.37185	1.142968
15972	-196.718	-254.9115	58.19358	3.937548	0.6175459	2.37185	1.844031
15978	-183.5397	-244.0422	60.50255	3.026751	0.6175459	1.152306	1.420941
15984	-187.8466	-248.4702	60.62357	2.732638	0.6175459	0.7871999	1.819236
15990	-185.9795	-246.1385	60.15897	2.997849	0.6328196	0.7871999	1.940381
15996	-188.0169	-248.6726	60.65575	2.937654	0.6328196	0.4787842	1.940381
16002	-183.7844	-243.3981	59.61368	3.93708	1.143447	0.3571386	1.736585
16008	-182.6639	-245.1112	62.44736	3.067909	0.49649	0.3637793	0.6204544
16014	-188.1995	-247.398	59.19854	2.756311	0.49649	2.944628	1.907676
16020	-181.8434	-240.5013	58.65783	2.866123	0.7525266	2.944628	1.952349
16026	-180.4456	-238.0084	57.56283	2.408946	0.8155872	1.811649	3.237196
16032	-177.7462	-239.7093	61.96303	3.439134	0.4515115	0.3432672	0.9501964
16038	-185.4764	-247.9749	62.49858	2.970154	0.4620762	0.426922	0.5633945
16044	-184.4242	-245.9994	61.57518	3.001193	0.9121091	0.426922	0.9862459
16050	-193.1036	-252.9755	59.87195	4.000393	0.6050769	1.342396	1.004389
16056	-188.4903	-250.4463	61.95605	3.229886	0.3915273	0.4843617	1.012194
16062	-187.1443	-248.1267	60.98241	3.98369	0.7238237	0.4843617	0.6104833
16068	-179.0013	-240.3916	61.39034	3.405448	1.084381	0.3012553	0.2676239
16074	-184.3445	-247.6408	63.29627	3.093239	0.4266168	0.1062588	0.5417791
16080	-180.1174	-242.2622	62.14483	3.796539	0.7241711	0.1062588	0.4995668
16086	-179.2316	-241.4318	62.2002	3.218612	0.5698683	0.1927774	1.11637
16092	-194.2822	-255.7932	61.511	4.015129	0.276892	0.6285403	0.4419275
16098	-191.016	-250.7729	59.7569	4.12577	0.345374	1.923813	1.041696
16104	-178.8532	-241.3354	62.48218	3.002865	0.345374	0.4754245	0.2868989
16110	-176.4482	-238.4181	61.96993	3.515604	0.6543384	0.2802405	0.5459026
16116	-172.7002	-235.0523	62.35216	3.284058	0.4115839	0.2946952	0.8932716
16122	-177.9025	-240.3229	62.42038	2.554978	0.4407771	0.2946952	1.4331
16128	-179.7974	-240.4779	60.68056	2.780487	0.4820754	0.2300892	2.518092
16134	-188.6427	-248.3734	59.73079	2.120686	0.8535106	0.8288686	2.571342
16140	-188.903	-249.8143	60.91134	2.88942	0.6672706	1.318097	1.008761
16146	-190.7679	-249.7256	58.95763	3.490038	0.4562969	3.531339	1.436292
16152	-193.9603	-252.513	58.55265	4.076361	0.4435636	5.604667	0.6187037
16158	-188.8429	-245.9072	57.06437	5.583701	0.4435636	5.604667	0.450141
16164	-190.4753	-248.6297	58.15442	4.156857	0.8580091	4.437956	0.3174513
16170	-186.7895	-245.8913	59.10176	4.640736	0.4567127	2.374995	0.3984112
16176	-174.5539	-236.5388	61.98485	2.80768	0.5902892	0.6951397	0.7026072
16182	-180.9786	-241.4399	60.46131	3.733643	0.605672	1.32503	0.4710627
16188	-189.1741	-249.8549	60.68085	3.60618	0.7051593	0.9309076	0.282428
16194	-190.9076	-250.785	59.87737	3.502082	0.4329233	3.335051	0.5349314
16200	-176.807	-239.471	62.66404	2.611148	0.3778622	0.6312668	0.6356334
16206	-177.8338	-239.4687	61.63494	1.878665	0.5473909	0.4504107	2.1097
16212	-184.0966	-245.8772	61.78066	2.336048	0.6246386	0.4458399	1.624357
16218	-180.5013	-242.0754	61.57408	3.226547	0.4423329	0.2598917	1.624357
16224	-198.7817	-258.8594	60.07763	3.541496	0.7530003	0.5736339	1.709529
16230	-188.0247	-248.9861	60.96137	3.115472	0.7530003	1.227078	0.4518757
16236	-188.0888	-248.9751	60.88622	3.08435	0.5602731	1.714126	0.5726869
16242	-181.2919	-242.4033	61.11144	3.08435	0.5367173	1.343839	0.3170243
16248	-178.7553	-239.4076	60.65224	3.08435	0.5111858	2.232784	0.5825376
16254	-184.1101	-244.3512	60.24109	3.241056	0.6773799	2.232784	0.4011947
16260	-184.3683	-246.2954	61.92711	3.375369	0.4041482	0.4322152	0.9622216
16266	-180.8744	-242.9151	62.04067	3.484706	0.5912689	0.1254277	1.196898
16272	-185.2544	-247.0456	61.79118	3.075592	0.5663094	0.2915973	1.362082
16278	-186.8223	-247.5288	60.70656	3.140871	0.5625074	0.2245623	2.200603
16284	-193.627	-252.3677	58.74079	4.218414	0.5463923	0.08819182	3.060205
16290	-190.2954	-252.4651	62.16963	2.149425	0.8991653	0.1937566	1.651621
16296	-185.2456	-247.2227	61.97708	1.892761	0.6601437	0.2926939	1.978742
16302	-178.9796	-236.4883	57.50866	1.234841	0.3099112	0.09115013	5.692422
16308	-183.4277	-245.5806	62.15283	2.147643	0.640933	0.09115013	2.133282
16314	-192.8083	-256.0886	63.2803	2.332408	0.5083797	0.158519	1.12805
16320	-201.9964	-263.3851	61.38876	2.826331	0.531934	0.7846085	1.27967
16326	-189.4133	-251.2524	61.83904	2.626971	0.4200795	0.7846085	1.230581
16332	-179.079	-241.8202	62.74118	2.509603	0.4200795	0.6123947	0.5209185
16338	-182.3442	-245.7227	63.37856	2.344122	0.5035031	0.2432772	0.7376772
16344	-184.0591	-246.2533	62.19424	2.322869	0.5035031	0.2432772	1.781244
16350	-188.6065	-247.3541	58.74752	2.615227	0.5035031	3.167857	2.229038
16356	-187.5903	-248.2052	60.61488	2.905182	0.5035031	1.377168	1.417113
16362	-183.3397	-242.5148	59.17512	2.905182	0.5035031	3.185534	1.743971
16368	-184.3217	-243.9638	59.64216	2.94042	0.4268877	3.185534	1.476134
16374	-180.7968	-242.3513	61.55459	2.232882	0.5132693	0.9725131	1.476134
16380	-187.8863	-248.9145	61.02814	2.464922	1.115356	0.4201281	1.707982
16386	-179.4936	-236.2697	56.77608	3.942686	0.5643089	0.8445618	3.466011
16392	-176.3157	-237.4365	61.12076	3.871722	0.3829095	0.3278438	1.446016
16398	-181.4882	-243.2715	61.78327	3.227362	0.8228766	0.3278438	0.8352201
16404	-180.39	-243.7372	63.34716	3.064204	0.3941806	0.1072175	0.3731168
16410	-180.5343	-242.6173	62.08297	4.196028	0.5200044	0.09392588	0.4495742
16416	-183.914	-246.7733	62.85925	2.914317	0.5200044	0.2118178	0.3117846
16422	-183.9231	-246.4454	62.52229	3.322009	0.3070832	0.2118178	0.1668875
16428	-187.2562	-250.3872	63.13099	3.623699	0.2055887	0.07036755	0.2034878
16434	-183.0586	-246.8624	63.80376	2.871905	0.3597398	0.07036755	0.4407544
16440	-182.1293	-244.5007	62.37143	2.070534	0.8525309	0.5066703	1.046644
16446	-189.5359	-248.2923	58.75643	2.33329	0.4150572	1.838815	2.908069
16452	-189.4849	-249.9663	60.4814	2.567549	0.6466169	1.691663	1.439127
16458	-181.9281	-243.9891	62.06095	2.812826	0.5309203	0.3977352	1.215765
16464	-178.2292	-239.6267	61.39746	2.857788	0.4432925	0.06379909	2.442544
16470	-186.0015	-246.8527	60.85116	2.611562	1.153189	0.1124054	2.251819
16476	-190.5688	-252.6132	62.04441	2.780923	1.153189	0.1124054	1.293213
16482	-183.4941	-245.85	62.35584	3.167007	0.6843766	0.2248231	0.7119121
16488	-176.5351	-240.1065	63.57144	3.065342	0.3901984	0.04808329	0.7509917
16494	-195.5427	-257.6238	62.08111	3.70055	0.4961533	0.2442927	0.37613
16500	-187.1491	-249.5199	62.37086	3.047815	0.4961533	0.3352861	0.865534
16506	-189.8515	-251.9368	62.08522	2.606487	0.6878553	0.2827693	1.381505
16512	-182.6353	-244.2077	61.57241	3.206663	0.6878553	0.6339299	0.6215416
16518	-182.4053	-241.9097	59.50442	4.674257	1.038172	0.2133082	1.608358
16524	-176.4564	-238.3484	61.89197	2.075653	1.425829	0.03736893	2.001771
16530	-175.2961	-237.6109	62.31478	2.290264	1.450381	0.1127666	1.272561
16536	-169.0479	-230.6179	61.56996	2.512004	0.9124264	0.1127666	2.000012
16542	-173.84	-230.9681	57.12812	2.42309	0.7301359	1.076283	3.870689
16548	-178.2292	-237.9432	59.71406	3.166362	0.7301359	2.444859	1.13112
16554	-178.0143	-235.2299	57.21562	3.116346	1.596609	6.23349	1.530533
16560	-182.5761	-244.5206	61.94449	2.58572	0.6953221	0.5904652	1.019804
16566	-175.7688	-237.4937	61.72488	2.359104	0.59951	0.5120896	1.592277
16572	-175.033	-236.0845	61.05152	3.17996	0.8124281	0.1039933	1.998819
16578	-175.6476	-234.5979	58.95031	3.981695	0.8762228	2.598039	0.822532
16584	-176.9451	-238.2394	61.29432	3.116897	0.8762228	0.5920882	0.9159412
16590	-178.0557	-237.0938	59.03805	4.675998	0.4708233	2.30308	0.3406057
16596	-171.0752	-232.1107	61.03544	3.233881	0.6050138	0.9309755	0.9835505
16602	-170.5292	-229.9522	59.423	3.407137	0.7962436	2.62628	1.020096
16608	-171.8651	-231.2377	59.37267	4.106314	0.370225	2.62628	1.02012
16614	-167.9455	-227.1296	59.18407	4.091715	0.370225	3.732422	0.7252539
16620	-171.1987	-230.5437	59.34498	4.066384	0.5420904	1.686289	1.27628
16626	-174.6565	-234.7659	60.10943	4.765377	0.5420904	0.6537625	0.2997842
16632	-177.7384	-239.182	61.44354	4.254347	0.5420904	0.1623333	0.2089121
16638	-171.0702	-233.2682	62.19798	4.403465	0.4041715	0.04954744	0.3115716
16644	-178.7781	-234.9029	56.12483	2.23823	0.2745317	0.9927298	5.027024
16650	-174.0512	-230.7762	56.72492	5.847259	0.2963009	7.059602	0.6662498
16656	-180.1655	-235.6424	55.47692	4.395731	0.7139794	9.495398	1.980179
16662	-176.8679	-236.9662	60.09827	3.645108	0.3664275	1.860538	1.16451
16668	-175.5937	-232.9842	57.39046	2.498577	0.3664275	2.952461	3.338193
16674	-175.6996	-234.2473	58.54767	4.279079	0.3664275	1.073135	2.251362
16680	-180.3821	-238.0542	57.67212	3.431358	0.8397691	1.073135	2.883086
16686	-175.5685	-233.8699	58.30138	3.557921	0.5097346	1.073135	2.694492
16692	-170.0567	-229.4172	59.3605	2.222992	0.5097346	1.395354	2.694492
16698	-164.8354	-227.8884	63.05298	2.649873	0.5097346	0.02950915	1.501851
16704	-171.9985	-235.2413	63.24277	2.835629	0.5761651	0.05756964	0.9820374
16710	-175.5481	-238.1297	62.58169	3.163602	0.6003545	0.2118861	0.5246128
16716	-175.6839	-238.5612	62.87735	2.913992	0.612195	0.07441035	1.127328
16722	-173.1672	-235.1479	61.98068	3.287873	0.5945447	0.2783728	1.003172
16728	-173.2592	-235.7542	62.49508	3.015181	0.5945447	0.03263423	1.537904
16734	-173.1043	-232.8737	59.76936	4.234638	0.5471855	0.3184587	1.958825
16740	-179.997	-237.7459	57.74893	4.668658	0.5055231	4.962271	0.9949621
16746	-183.827	-246.177	62.35005	2.020802	0.3432171	0.3042468	1.98187
16752	-185.7591	-248.3398	62.58072	2.420512	0.3432171	0.3317708	1.494748
16758	-178.4862	-239.8366	61.35041	3.088341	0.4220492	0.3317708	1.786815
16764	-177.304	-239.0814	61.77744	4.079621	0.5126736	0.1381225	0.9551611
16770	-179.7909	-242.2325	62.44157	3.51997	0.7003983	0.08874677	0.7361512
16776	-175.4547	-238.2011	62.74645	2.983058	0.7003983	0.1717504	0.5365281
16782	-180.1297	-240.6515	60.52188	3.828515	0.9077902	0.6920619	0.2973814
16788	-161.4241	-223.9631	62.53897	3.0901	0.5799171	0.2391172	0.7138408
16794	-170.7877	-229.2678	58.48013	4.626879	0.5799171	1.20283	1.737808
16800	-180.5144	-242.2837	61.7693	2.872344	0.3322365	0.4453641	1.612164
16806	-178.899	-241.2403	62.34129	3.082883	0.335796	0.4453641	0.9554679
16812	-178.7767	-240.4677	61.69097	3.097679	0.5928697	0.6599526	0.7753693
16818	-180.3434	-240.5045	60.16108	3.870138	0.5928697	1.383571	0.8100208
16824	-184.7308	-244.1279	59.39707	4.766909	0.5928697	1.383571	0.4524592
16830	-187.3929	-247.3012	59.90833	4.70328	0.5336423	0.9781734	0.4425132
16836	-200.7682	-258.5185	57.75027	5.054751	0.5336423	2.425245	1.428865
16842	-193.1181	-253.5333	60.41523	2.582885	0.5336423	1.235978	1.842806
16848	-188.2481	-247.4565	59.20833	4.566527	0.5336423	1.418435	1.141119
16854	-183.9569	-245.5043	61.54743	3.208722	1.063077	0.4057221	0.4827155
16860	-186.177	-246.988	60.81095	2.372322	0.4769619	1.076887	1.877435
16866	-185.6984	-246.0736	60.37521	1.967085	0.5802052	0.4693961	2.794303
16872	-187.0634	-246.3866	59.32328	3.226176	0.5802052	0.2476027	2.951938
16878	-194.996	-257.7311	62.73508	2.220672	0.5802052	0.2476027	1.362057
16884	-189.0749	-249.7018	60.62691	2.31183	0.5970844	0.8248708	2.089975
16890	-186.6132	-249.6824	63.06919	2.643494	0.7010125	0.1343431	0.8240604
16896	-185.0882	-245.3656	60.2774	3.872914	0.5282652	1.538834	0.5193064
16902	-178.4878	-238.6747	60.18693	3.734021	0.5282652	1.884097	0.5193064
16908	-187.5678	-245.054	57.48627	5.458601	0.6050808	3.532668	0.7320485
16914	-181.8486	-239.5657	57.71712	5.453402	0.7101374	2.006935	0.1702337
16920	-191.0456	-250.6235	59.57798	4.438542	0.7921107	0.1641224	2.008655
16926	-195.4285	-255.5447	60.1162	3.0735	0.7567779	0.708417	1.874279
16932	-207.8768	-262.983	55.10623	5.597373	0.7567779	0.7620357	3.37822
16938	-204.6603	-262.0899	57.42954	6.916747	0.5574665	0.9322666	0.9757846
16944	-193.3969	-254.5353	61.13842	3.098633	0.550579	1.30782	0.6862925
16950	-180.1009	-237.7807	57.67982	3.877564	0.6221571	0.6907794	3.030957
16956	-179.3806	-239.7027	60.32213	2.998648	0.5148548	0.6907794	2.030033
16962	-186.3985	-246.7393	60.34084	2.289104	0.8116012	0.597986	2.299096
16968	-181.2841	-241.9262	60.6421	2.532684	0.6531964	0.4815497	2.194862
16974	-169.7786	-231.7583	61.97968	1.936582	0.3691818	0.3386038	2.194862
16980	-176.1039	-238.8485	62.74468	2.100064	0.5197955	0.3277095	1.371654
16986	-176.3885	-238.4804	62.09188	1.856008	0.5197955	0.09411357	2.465891
16992	-180.7404	-241.7504	61.01002	2.508403	0.5744877	0.09411357	2.679743
16998	-181.8338	-244.5233	62.68949	1.718523	0.6975656	0.1294539	1.907415
17004	-179.754	-242.5538	62.79979	2.166986	0.6975656	0.05556241	1.745817
17010	-172.025	-233.9971	61.97207	1.863524	0.4907622	0.15011	2.429243
17016	-171.5382	-235.0821	63.54387	1.904769	0.1984114	0.15011	1.791399
17022	-174.7426	-237.2434	62.50079	2.040188	0.1116578	0.1173499	2.653113
17028	-176.4579	-239.4828	63.0249	2.26211	0.6483279	0.2204206	1.05876
17034	-183.9375	-243.2502	59.31267	1.215607	0.6483279	0.07493172	4.414832
17040	-173.6804	-235.7483	62.0679	1.921489	0.2971461	0.199935	2.470822
17046	-173.5203	-236.3445	62.82421	1.453927	0.5563902	0.3440713	1.722331
17052	-202.467	-263.7443	61.27733	2.467664	0.5778037	0.09750484	2.52739
17058	-195.4515	-256.0245	60.57304	2.929796	0.5778037	0.522019	2.006419
17064	-192.4986	-251.9857	59.48707	2.840792	0.5778037	0.9667528	2.40213
17070	-179.9403	-241.1981	61.25788	2.0137	0.5778037	0.4381248	2.251005
17076	-185.4304	-245.3256	59.89521	2.054821	0.5778037	0.9145904	2.67149
17082	-182.5034	-245.4307	62.92733	2.208584	0.3712709	0.3589135	1.299328
17088	-191.7566	-252.3185	60.56186	4.517636	0.5819202	0.4948758	0.7352755
17094	-197.3706	-254.7981	57.42747	3.16194	0.399384	5.385421	2.382123
17100	-185.5167	-242.5227	57.00608	3.333589	0.7730031	0.5078797	3.786081
17106	-184.0855	-242.8164	58.73091	5.27231	0.5428633	1.095009	1.167747
17112	-178.2918	-239.5051	61.21326	4.440375	0.2604859	0.489164	0.2833988
17118	-177.4111	-236.6419	59.23071	3.257169	0.4933642	1.973922	1.88059
17124	-183.2257	-239.5666	56.34094	3.950127	0.9395066	5.244402	2.115425
17130	-186.4082	-241.3918	54.98364	2.78631	0.9395066	5.244402	3.648519
17136	-175.1627	-235.4394	60.27666	2.352941	0.4722049	0.6860099	2.523069
17142	-170.6081	-232.6531	62.04506	2.902735	0.4722049	0.6860099	0.7715713
17148	-177.4345	-237.3507	59.91625	4.122925	0.4722049	1.030655	1.286982
17154	-192.4498	-251.4345	58.98469	4.418662	0.3819706	0.8209325	2.026647
17160	-196.9744	-255.8537	58.87925	3.267646	0.8023274	2.742078	1.535807
17166	-184.0124	-244.5433	60.53097	3.292317	0.4530076	0.9594344	1.535807
17172	-179.6912	-241.7368	62.0456	3.522865	0.4530076	0.2393543	1.030007
17178	-180.8192	-242.8943	62.07509	2.807973	0.4530076	0.08768082	1.951948
17184	-181.7735	-241.8795	60.10601	5.085415	0.7949676	0.09430536	1.355581
17190	-179.4196	-239.8532	60.43365	5.459726	0.7949676	0.02933371	1.012873
17196	-180.914	-241.1763	60.26232	4.324625	0.9802558	0.103677	1.627885
17202	-191.6663	-251.2384	59.57206	5.377236	0.5281242	0.5974463	0.2810738
17208	-192.1495	-253.4244	61.27491	4.455176	0.9693867	0.07475602	0.3338186
17214	-186.698	-248.3116	61.61361	3.781093	0.9034058	0.139254	0.2421946
17220	-192.7352	-253.6866	60.95132	4.87333	0.9597697	0.06885903	0.4182983
17226	-184.0531	-244.9387	60.88558	4.250623	0.5284268	0.5300207	0.3540216
17232	-195.3446	-253.893	58.54835	4.250623	0.4460195	1.652196	1.863471
17238	-191.7271	-252.8793	61.15223	3.380268	0.4460195	0.9290831	0.9772136
17244	-194.2081	-255.0918	60.88377	3.749459	0.4036147	1.018542	0.8517196
17250	-194.0779	-254.3894	60.31146	4.535033	0.3762551	1.018542	0.4289046
17256	-204.2475	-261.9374	57.68989	6.281649	0.2308755	2.948642	0.4151568
17262	-196.9667	-254.146	57.17928	5.979408	0.6763493	2.948642	0.4578355
17268	-204.7243	-259.7061	54.98176	4.289274	0.6961563	4.294147	3.096803
17274	-191.3478	-250.4927	59.1449	3.743611	0.6452236	3.143042	0.9247261
17280	-187.3946	-248.1809	60.78637	4.048109	0.5684066	0.7372114	0.530994
17286	-195.1724	-254.2151	59.04269	4.671162	0.6086582	0.4575154	1.907045
17292	-192.1179	-254.117	61.99909	3.449587	0.4410942	0.4575154	0.5726239
17298	-194.2868	-256.7921	62.50525	3.134415	0.4871989	0.2184927	0.9568248
17304	-187.759	-250.4329	62.67393	3.108557	0.6083643	0.06232117	1.191136
17310	-190.0245	-253.107	63.08246	2.178223	0.5149893	0.2491455	1.191136
17316	-199.0234	-259.8739	60.85047	2.228163	0.4598355	1.460747	1.7477
17322	-192.2671	-249.0708	56.80368	4.666568	0.4116203	1.460747	2.838184
17328	-187.1276	-244.6739	57.54635	6.437906	0.3184529	1.587363	1.20094
17334	-179.4609	-240.7766	61.3157	3.149568	0.3184529	1.007773	1.20094
17340	-189.6863	-250.4109	60.72465	3.665537	0.3517874	1.264972	0.9872556
17346	-185.8989	-245.6231	59.72414	3.787167	0.5677545	2.516513	0.4598895
17352	-183.1234	-242.3795	59.25602	3.178378	0.7680094	2.516513	1.430284
17358	-182.1255	-242.9017	60.77614	2.225116	0.7680094	0.7245802	1.978299
17364	-176.4327	-237.7761	61.34343	2.564643	0.6122698	0.7893527	1.422945
17370	-175.9897	-237.8635	61.87384	3.346622	0.3171274	0.6547861	0.8653721
17376	-169.6665	-231.4979	61.83135	4.040118	0.5922724	0.1731562	0.5530192
17382	-171.7729	-232.9431	61.17014	4.561949	0.4669272	0.2585706	0.309273
17388	-174.8623	-236.5162	61.65394	4.401466	0.2447414	0.2585706	0.2258501
17394	-166.5364	-227.7039	61.16747	4.258863	0.6796545	0.2612845	0.3293249
17400	-170.1194	-231.6371	61.51768	4.497183	0.4671818	0.1297037	0.2405233
17406	-169.1477	-228.6344	59.48675	4.384363	0.4671818	2.138566	0.5410814
17412	-165.7741	-226.9431	61.16903	4.295009	0.4621304	0.4103103	0.3672533
17418	-174.6672	-236.8366	62.16933	3.305109	0.9885518	0.1386117	0.3672533
17424	-182.931	-243.4744	60.54342	4.444956	0.8198705	0.3575664	0.2936201
17430	-180.0618	-241.6816	61.61986	4.624319	0.3459292	0.1564037	0.2936201
17436	-176.4818	-237.2079	60.72613	4.696938	0.4406456	0.4181249	0.3025475
17442	-174.3643	-234.1534	59.78909	3.980142	0.4977404	2.23448	0.4799954
17448	-166.4447	-225.8024	59.35767	4.193141	0.5709587	2.23448	0.7633454
17454	-167.7741	-227.071	59.2969	4.253909	0.5709587	2.23448	0.7633454
17460	-176.2765	-235.577	59.30044	3.904301	0.3643243	3.717048	0.8473136
17466	-173.0867	-231.5019	58.41514	3.959186	0.3001383	5.99829	1.155678
17472	-177.6832	-234.7468	57.0636	3.959186	0.3345622	5.99829	2.088679
17478	-174.2421	-234.2971	60.05494	3.659937	0.3666645	2.452453	0.866268
17484	-170.2661	-230.4414	60.17539	3.618214	0.3496579	1.756153	1.208478
17490	-170.6639	-229.5664	58.90248	3.477938	0.6277587	3.754337	1.208478
17496	-178.8345	-237.8847	59.05023	2.759326	0.5399918	3.844226	1.719617
17502	-184.9571	-242.8401	57.88293	2.759326	0.5399918	3.844226	2.487947
17508	-179.1352	-238.7472	59.61195	3.589007	0.7875131	2.078953	0.9413571
17514	-183.1783	-243.5199	60.34162	3.404636	1.046331	1.116848	0.7784426
17520	-183.5114	-244.5018	60.99036	3.349655	0.6575724	0.9879715	0.7390465
17526	-188.6827	-247.9463	59.26359	3.285222	0.403045	3.456103	1.455363
17532	-195.7356	-253.1818	57.44618	4.70815	0.781039	5.610312	0.5606679
17538	-195.7763	-251.6771	55.90078	4.614259	0.781039	10.32245	1.366057
17544	-196.8214	-253.7068	56.88542	4.182045	0.6599692	7.195353	1.487161
17550	-187.0872	-243.6902	56.60296	5.11354	0.5625675	8.410252	0.8120522
17556	-189.4798	-245.6388	56.15901	5.552728	0.5135931	9.660302	0.4467623
17562	-184.6514	-241.1958	56.54434	4.915019	0.7160558	8.339317	0.8808542
17568	-193.18	-246.6516	53.47161	5.267857	0.7160558	21.64788	1.815733
17574	-198.7779	-251.7012	52.92337	5.816103	0.7160558	21.64788	1.815733
17580	-195.5584	-252.1945	56.63618	4.256972	0.7160558	7.845028	1.46475
17586	-183.8852	-239.8098	55.92461	4.279314	0.7463908	10.90603	1.567968
17592	-189.2047	-251.3394	62.13472	2.448935	0.5960861	0.4961828	1.228204
17598	-183.479	-245.1789	61.69988	2.727055	0.5960861	0.4961828	1.356092
17604	-188.3907	-249.3629	60.97218	2.973016	0.5125042	1.34541	1.068624
17610	-198.4496	-257.1496	58.70006	4.583804	0.6351853	2.311132	0.9271602
17616	-201.4644	-260.4394	58.97494	3.6956	0.6290486	2.311132	1.467824
17622	-192.6459	-250.2889	57.64307	2.848788	0.5628274	1.996732	3.059965
17628	-187.2641	-247.2229	59.95878	4.04724	0.5628274	1.16349	1.081224
17634	-183.3003	-244.7678	61.46751	3.23178	0.4559418	0.6821816	1.081224
17640	-181.3389	-243.6438	62.30482	3.011031	0.2801587	0.4195817	1.218658
17646	-188.7495	-252.2062	63.45661	3.028731	0.2801587	0.03583333	1.218658
17652	-174.224	-237.6689	63.44495	2.458212	0.5065519	0.2074852	0.5189855
17658	-170.8911	-233.8246	62.93341	2.981744	0.5065519	0.1875809	0.6725595
17664	-166.8802	-230.3865	63.50636	2.652954	0.5065519	0.04389878	1.075918
17670	-182.1111	-242.2712	60.16006	4.660767	0.3565774	0.04389878	2.252606
17676	-169.756	-232.5515	62.79543	2.588204	0.7549207	0.06555335	1.346568
17682	-175.7102	-238.0708	62.36069	3.563266	0.7549207	0.06555335	0.8411106
17688	-168.5015	-231.4661	62.96458	2.928093	0.6313819	0.1433371	0.6318074
17694	-161.7637	-224.6587	62.89499	2.800818	0.397154	0.3682758	0.5858956
17700	-177.5671	-240.0963	62.52923	3.166233	0.3973331	0.3682758	0.5858956
17706	-182.2828	-244.7806	62.49782	2.948571	0.5443058	0.3400453	0.7057957
17712	-198.2722	-260.3897	62.11753	3.204998	0.6743214	0.3400453	0.54224
17718	-198.2515	-256.9147	58.66323	4.874177	0.673692	1.842641	0.8840731
17724	-195.2347	-253.7758	58.54102	5.351592	0.2963544	2.546047	0.2983675
17730	-189.1054	-249.8936	60.78812	3.516354	0.2263369	1.280703	1.319263
17736	-190.8568	-253.7408	62.88392	2.337741	0.2263369	0.4826524	1.319263
17742	-193.7967	-254.3225	60.52586	3.250528	0.6125282	0.4214776	1.905057
17748	-188.6213	-250.594	61.97274	3.020632	0.5432591	0.4282671	1.038823
17754	-196.2609	-258.2227	61.96176	3.337726	0.5432591	0.2882598	1.02549
17760	-194.0026	-254.3184	60.31576	3.436549	0.5432591	0.8297023	1.581658
17766	-181.3461	-243.6815	62.33544	2.42498	0.5432591	0.5590485	1.052323
17772	-188.848	-251.5118	62.66379	2.767102	0.5341451	0.1684331	1.221438
17778	-197.2425	-258.1723	60.92982	2.742974	0.5300303	0.1530543	2.484809
17784	-201.0711	-262.4679	61.39679	3.193518	0.458843	0.214436	1.838089
17790	-190.7058	-252.6364	61.93069	3.054707	0.4040851	0.1389597	1.802607
17796	-185.793	-248.5314	62.73848	2.491418	0.7094324	0.1606168	1.202454
17802	-188.1576	-249.0043	60.84676	2.865066	0.8234716	1.109504	1.080528
17808	-178.798	-239.3629	60.56491	2.657153	0.8234716	1.109504	1.484081
17814	-178.3172	-237.29	58.97282	2.633668	0.7621687	0.4381148	3.123001
17820	-183.3725	-246.5593	63.18674	2.839877	0.5486836	0.08599217	0.9388527
17826	-180.7596	-244.6159	63.85638	2.073267	0.4270762	0.08724067	1.216732
17832	-178.8625	-240.6276	61.76518	1.798328	1.112481	0.08724067	2.279542
17838	-183.3561	-246.387	63.03091	2.452323	0.4772919	0.08724067	1.500075
17844	-184.7013	-247.8296	63.12834	2.378563	0.4772919	0.1742642	1.219981
17850	-181.0644	-241.7363	60.67188	3.233643	0.4065331	0.01514487	2.817995
17856	-181.417	-244.2617	62.8447	3.018704	0.5776269	0.1620267	0.7140572
17862	-181.1945	-244.441	63.24656	2.595366	0.5710895	0.1270149	0.9178913
17868	-176.7946	-238.1714	61.37677	4.264343	0.5563564	0.275387	0.5322219
17874	-172.3484	-231.8713	59.5229	5.203871	0.4914084	0.9381438	0.5322219
17880	-168.2638	-230.5318	62.26796	3.319866	0.4774146	0.2948241	0.2823532
17886	-173.1991	-235.5233	62.32426	3.319866	0.5254208	0.2948241	0.4828747
17892	-177.2793	-239.6598	62.3805	3.161967	0.5601338	0.30255	0.3872938
17898	-185.6898	-246.5076	60.81777	3.033215	0.5601338	0.9203295	1.412745
17904	-189.3477	-249.4599	60.11219	3.813579	0.3451361	1.817605	1.06367
17910	-185.4117	-248.3577	62.94601	3.368167	0.2797714	0.2207173	0.486686
17916	-188.1893	-251.5011	63.31181	3.368167	0.2797714	0.1109125	0.5434974
17922	-185.2979	-247.5377	62.2398	2.601428	0.7333818	0.09233992	1.679783
17928	-182.8964	-243.2155	60.31908	1.918642	0.8791031	0.491704	2.601631
17934	-183.7051	-244.0732	60.36811	2.629537	0.6117321	1.50624	1.610324
17940	-188.6908	-247.4896	58.7988	4.432869	0.8752845	0.2319939	2.324004
17946	-193.1086	-249.236	56.12742	3.034861	0.8752845	2.871656	3.346981
17952	-187.4681	-246.6527	59.18456	3.354218	0.4254229	2.636513	1.685424
17958	-177.2404	-235.0751	57.83467	3.233062	0.4692924	5.514594	1.966427
17964	-179.7311	-238.4553	58.72425	3.64414	0.3194867	4.797911	1.385947
17970	-183.1333	-244.0839	60.95058	3.139574	0.7095609	1.228167	0.6663057
17976	-182.1926	-242.0361	59.84349	4.260715	0.7095609	1.211231	0.3632788
17982	-187.8806	-248.0269	60.14625	3.649226	0.3792131	2.514131	0.3625817
17988	-183.6279	-242.8271	59.19921	4.693449	0.3816638	2.314725	0.3642389
17994	-176.9782	-237.7694	60.79121	4.056139	0.3816638	0.9294496	0.3163788
18000	-179.2611	-241.6191	62.35794	3.261432	0.417094	0.3351432	0.7883142
18006	-170.8138	-233.7697	62.95592	3.016896	0.417094	0.2280584	0.6305534
18012	-170.9092	-233.0554	62.14614	3.048141	0.5121786	0.5371023	0.5746707
18018	-164.468	-224.447	59.97901	4.009971	0.5121786	1.816384	0.5203099
18024	-175.2343	-234.8131	59.57882	4.066979	0.7962962	1.544532	0.8068848
18030	-165.9369	-226.8657	60.92881	3.397815	0.4188055	1.544532	0.5689842
18036	-176.4968	-237.5097	61.01292	3.553064	0.3064702	1.544532	0.4729428
18042	-169.0792	-229.4771	60.39793	3.136445	0.7700906	1.544532	0.9707439
18048	-172.7438	-233.606	60.8622	3.231623	0.5466476	1.544532	0.6182683
18054	-178.2589	-239.497	61.23805	3.00399	0.5466476	1.115154	0.9130057
18060	-181.5576	-241.5309	59.97335	3.744668	0.5466476	2.180177	0.462042
18066	-182.7334	-242.7913	60.05793	3.872323	0.5466476	1.657715	0.7707862
18072	-187.9495	-248.3622	60.41271	2.986649	0.5495837	1.657715	1.292368
18078	-194.1332	-253.3734	59.24014	4.777371	0.4315202	0.8334188	1.521934
18084	-196.0163	-254.5089	58.49263	2.988103	0.4315202	0.711092	3.242719
18090	-188.4593	-250.8921	62.43281	2.953317	0.5289199	0.4083843	0.5864486
18096	-191.7869	-255.0442	63.25734	2.747822	0.3616267	0.1888772	0.908854
18102	-191.346	-251.5586	60.21267	3.024611	0.4241916	1.247574	1.800012
18108	-192.7481	-255.014	62.26593	2.622175	0.4241916	0.1850609	1.735721
18114	-181.4055	-244.5973	63.19187	2.583063	0.2081873	0.4848242	0.8422434
18120	-189.0716	-250.146	61.0744	3.545327	0.879568	0.4848242	0.8663622
18126	-183.9638	-240.1768	56.21298	1.636919	0.879568	0.4848242	5.141694
18132	-187.1859	-249.2139	62.028	2.164933	0.4791732	0.3341028	1.882473
18138	-179.1685	-238.7338	59.56532	3.69021	1.021681	1.639508	0.9042994
18144	-181.1044	-240.5625	59.45817	2.924991	0.5952593	1.639508	1.987545
18150	-177.3584	-237.8033	60.44495	2.900132	0.3355791	1.639508	1.639077
18156	-178.4023	-240.2742	61.87196	2.650116	0.3355791	1.030892	1.097016
18162	-179.7578	-240.2762	60.5184	3.782926	0.7139969	1.030892	0.5695643
18168	-173.9732	-234.2226	60.24941	4.03587	0.5124575	1.337679	0.6631571
18174	-172.2826	-234.6196	62.33706	3.05191	0.2684207	0.6220952	0.8562496
18180	-170.9401	-232.5393	61.59923	2.386493	0.459111	0.7647857	1.568842
18186	-170.6474	-232.5691	61.92173	2.811829	0.402581	0.5962719	1.242307
18192	-172.6971	-236.1439	63.44681	2.218084	0.402581	0.1593545	1.242307
18198	-169.8373	-231.8703	62.03305	2.983863	0.3310844	0.1734901	1.801945
18204	-176.9913	-238.2944	61.30317	2.084149	0.6148715	0.541711	2.026502
18210	-173.7201	-236.1766	62.45647	3.096855	0.5655607	0.1585879	1.100073
18216	-174.7837	-237.2622	62.47849	2.632022	0.5655607	0.1223986	1.562695
18222	-181.5485	-243.526	61.97746	2.2014	0.5029153	0.1267057	2.252532
18228	-178.4991	-236.8669	58.36784	2.058456	0.4084917	0.05840253	4.733254
18234	-171.2477	-229.9507	58.70304	2.706806	0.5299253	0.08762113	3.980558
18240	-178.156	-239.3742	61.2182	3.248244	0.5299253	0.1510052	1.977436
18246	-178.0791	-239.1998	61.12073	1.362729	0.6628048	0.3021172	2.839708
18252	-181.9752	-242.5188	60.54358	2.625695	1.115287	0.3021172	2.094157
18258	-187.6367	-249.5216	61.88487	3.265748	1.115287	0.1381161	0.9377203
18264	-182.0687	-243.3096	61.24085	2.928153	1.058255	0.07113085	1.965366
18270	-187.629	-248.4711	60.8421	2.133195	1.058255	0.2387721	2.355787
18276	-177.7303	-240.2114	62.48113	1.35937	0.4214306	0.2387721	2.332006
18282	-179.7085	-242.206	62.49743	1.580265	0.5099983	0.1177637	2.332006
18288	-181.2863	-242.1318	60.84549	1.77939	0.5099983	0.4741149	2.683365
18294	-179.2176	-242.3761	63.15854	2.682434	0.5099983	0.1958369	0.7460361
18300	-170.9298	-233.5914	62.66158	3.556577	0.6459703	0.05291805	0.7149518
18306	-178.7888	-240.9638	62.175	3.660607	0.5516296	0.1318367	0.9371658
18312	-172.1632	-234.6271	62.46388	3.420221	0.6077321	0.01636661	1.263011
18318	-185.628	-246.4158	60.78779	2.548889	0.5496533	0.03885868	2.973633
18324	-173.0097	-235.9822	62.97256	2.78243	0.576755	0.02378	1.397374
18330	-178.5864	-240.4537	61.86729	4.075311	0.576755	0.02378	1.246399
18336	-180.7797	-242.3556	61.57595	3.766218	0.5279825	0.06828404	1.607454
18342	-170.9278	-233.5092	62.58149	3.248024	0.5279825	0.2213122	0.5061158
18348	-178.8391	-240.7419	61.90286	3.609191	0.6917938	0.250864	0.4750033
18354	-181.4737	-238.9519	57.47823	1.898946	0.5948807	1.542235	3.856357
18360	-179.1935	-239.8729	60.6794	2.716755	0.4737022	0.8548647	1.891857
18366	-171.9421	-232.9776	61.03551	2.360646	0.4737022	0.8548647	1.891857
18372	-180.9927	-240.6606	59.66792	3.12034	0.7391328	1.543255	1.619119
18378	-181.1287	-241.0004	59.87173	3.307842	0.470926	1.543255	1.619119
18384	-174.0261	-235.8721	61.84606	1.709465	0.5528601	0.10091	2.659217
18390	-166.3328	-228.1452	61.81246	1.688934	0.4631315	0.08638546	2.8209
18396	-175.3972	-238.6599	63.26268	2.132958	0.448599	0.08638546	1.604451
18402	-179.7469	-238.5136	58.76671	4.182438	0.3302265	0.4948319	2.670188
18408	-170.3663	-231.2598	60.89352	2.204715	0.501101	0.624554	2.248825
18414	-171.1333	-234.5472	63.4139	2.554724	0.501101	0.1457655	0.8168712
18420	-174.1947	-236.1565	61.9618	2.622064	0.9356637	0.3192948	1.160361
18426	-179.3321	-238.6388	59.30675	1.722394	0.6756712	0.495085	3.47016
18432	-173.4717	-233.1912	59.71954	2.905467	0.6756712	1.802234	1.669603
18438	-176.5565	-237.4428	60.88626	3.190821	0.5930448	1.24747	0.8885186
18444	-174.2933	-235.8924	61.59908	3.317409	0.7247093	0.3555255	1.004186
18450	-177.529	-239.8397	62.31073	3.193038	0.4417513	0.3760694	0.7672087
18456	-171.4822	-233.6645	62.18238	2.935096	0.7458745	0.3581821	0.7242264
18462	-169.162	-231.3494	62.18736	2.768587	0.5162962	0.2634382	1.407506
18468	-171.8142	-232.1579	60.3437	3.481339	0.3454048	0.380536	2.229621
18474	-176.7679	-236.1289	59.36098	6.162872	0.4052828	0.3936468	0.7851697
18480	-177.4238	-239.1066	61.68274	3.599117	0.4056675	0.5029655	0.2650148
18486	-169.6792	-233.0894	63.41017	3.148955	0.4056675	0.06986974	0.6448883
18492	-168.7977	-228.8841	60.08647	3.267985	0.271176	0.3033617	2.73497
18498	-165.5823	-226.2799	60.69758	4.444338	0.2349473	0.5867743	1.23003
18504	-177.893	-235.611	57.71807	2.706201	0.4666448	0.1913778	4.382976
18510	-172.5121	-234.571	62.05888	1.787361	0.273798	0.1053801	2.798445
18516	-181.2363	-242.6333	61.39696	1.428887	0.4636996	0.2634119	2.873584
18522	-180.6976	-244.3292	63.63164	1.737653	0.2951573	0.3740247	1.217796
18528	-175.4718	-239.6188	64.14702	1.738215	0.2857224	0.08779128	1.485688
18534	-184.1389	-246.7045	62.56562	2.262101	0.2857224	0.08168744	2.231673
18540	-184.95	-245.4224	60.4724	2.883621	0.5261927	0.2927135	2.438493
18546	-186.488	-246.5097	60.0217	1.458544	0.3358424	0.9977691	3.163586
18552	-180.6957	-239.3699	58.67423	1.648975	0.4812244	1.475686	3.439969
18558	-183.1994	-242.7737	59.57435	2.331564	0.5691574	1.618818	2.332757
18564	-185.9748	-246.043	60.06829	2.663986	0.6163128	1.618818	1.737765
18570	-196.6494	-255.7155	59.06615	3.580201	0.5097661	2.321226	1.61535
18576	-199.2755	-257.4452	58.16979	4.33838	0.2732771	4.21625	1.49821
18582	-185.6413	-245.2219	59.58062	4.589777	0.6823116	1.099296	0.7807547
18588	-191.5727	-250.4888	58.91612	4.725134	0.4091417	2.568974	0.7807547
18594	-184.9587	-243.3858	58.42711	5.259907	0.3981865	2.568974	0.7447867
18600	-187.3491	-246.2721	58.92305	4.199659	0.4766307	2.568974	1.190015
18606	-187.3156	-249.0148	61.6992	2.803831	0.3535663	0.9753957	1.129799
18612	-197.2117	-257.2664	60.05471	2.997949	0.423812	1.053507	2.043544
18618	-181.4719	-242.9184	61.44642	2.41509	0.423812	1.320102	1.292706
18624	-182.6577	-244.7545	62.0968	3.245828	0.6976361	0.3141421	0.5724305
18630	-185.5967	-248.0754	62.47871	3.587696	0.6976361	0.08310521	0.5724305
18636	-189.2531	-252.2986	63.04552	3.02089	0.6976361	0.08310521	0.5724305
18642	-190.9717	-254.2335	63.26177	3.413983	0.3276087	0.08310521	0.5968794
18648	-205.6314	-268.2321	62.6007	3.625767	0.3276087	0.08310521	1.148982
18654	-205.7584	-260.03	54.27161	6.169294	0.4708744	16.47236	1.158321
18660	-181.1052	-243.5309	62.42578	2.790325	0.4325324	0.3253737	1.1939
18666	-188.1195	-250.5904	62.47089	2.697823	0.4325324	0.0623457	1.863957
18672	-179.0181	-240.6102	61.59213	3.155472	0.855436	0.4882965	0.7212688
18678	-177.5326	-237.6564	60.12381	5.290881	0.855436	0.108173	1.053921
18684	-189.4653	-247.4119	57.94657	7.16121	0.7093527	0.2492917	1.077159
18690	-191.6618	-252.8195	61.1577	3.537306	0.7691889	0.2492917	1.364261
18696	-190.065	-252.5108	62.44585	3.614735	0.5972775	0.1187564	0.5385819
18702	-186.1242	-247.3522	61.22801	4.085335	0.5972775	0.3925669	0.4247128
18708	-179.553	-239.9191	60.36608	4.840093	0.5972775	0.3925669	0.2934571
18714	-180.2315	-240.1985	59.96699	5.175345	0.5972775	0.3925669	0.2548523
18720	-181.0361	-241.4961	60.45996	4.98462	0.4768347	0.3073385	0.2238646
18726	-180.9224	-240.9312	60.0088	5.577294	0.4768347	0.2091319	0.1854597
18732	-191.1543	-249.4896	58.33525	6.195671	0.4768347	0.8113887	0.1854597
18738	-194.1261	-253.9553	59.82916	4.374123	0.4768347	1.519416	0.3625034
18744	-180.3818	-240.7681	60.38627	3.927854	0.4358327	1.519416	0.4394195
18750	-182.5223	-243.0323	60.51003	4.267553	0.521554	0.8239088	0.3918323
18756	-180.6254	-240.6157	59.99026	3.847528	0.3655368	2.042187	0.9751203
18762	-170.1578	-229.7184	59.56056	3.317283	1.082605	2.042187	0.9751203
18768	-170.8187	-230.8528	60.03412	2.981373	0.6941737	2.042187	1.241195
18774	-168.7048	-229.4291	60.72434	2.150618	0.7067232	1.225883	1.763313
18780	-171.9391	-233.7628	61.82365	2.303756	0.6003424	0.598934	1.459761
18786	-183.5136	-241.6291	58.11544	2.42066	0.6003424	1.443565	3.21894
18792	-184.8036	-242.6298	57.8262	2.113654	0.911881	0.5528028	3.884119
18798	-173.7504	-234.0765	60.32608	3.32088	0.911881	0.6041988	1.52464
18804	-180.3409	-242.5735	62.23256	3.198	0.8212405	0.1928721	0.7381238
18810	-178.4333	-240.9609	62.52767	2.601131	0.8538636	0.1900735	1.051701
18816	-175.8048	-238.205	62.40013	3.297873	0.575325	0.09340227	1.181338
18822	-178.0327	-240.85	62.81726	3.510673	0.5048461	0.08253672	0.6371234
18828	-184.3825	-244.3213	59.9388	4.181569	0.6722023	1.121336	0.8372462
18834	-174.3376	-235.5559	61.21823	3.288923	0.3837263	1.121336	0.2294291
18840	-177.1584	-238.3548	61.19637	2.842285	0.675442	1.101733	0.9461088
18846	-174.3099	-235.7149	61.40499	2.96174	0.675442	0.3511255	1.524464
18852	-169.9249	-233.4637	63.5388	2.773665	0.4712897	0.06681117	0.8601097
18858	-174.3753	-236.8156	62.44029	3.57179	0.5376278	0.06774666	1.056164
18864	-172.5922	-232.6874	60.09524	3.097588	0.6007109	0.2997464	2.459411
18870	-173.411	-236.7169	63.30594	2.876869	0.4257266	0.1604892	0.4353498
18876	-166.6685	-229.1439	62.47547	3.421303	0.7408487	0.09191086	0.7349801
18882	-179.6083	-242.7154	63.10707	3.09682	0.3500576	0.2006638	0.5731288
18888	-179.447	-239.1115	59.66454	2.721861	0.3525732	0.7192842	2.785979
18894	-170.7055	-233.751	63.04552	2.139423	0.3525732	0.2918409	1.408788
18900	-194.8712	-257.1209	62.24971	3.495249	0.3183864	0.1566496	1.327085
18906	-184.8844	-248.0837	63.19927	3.677516	0.3276788	0.03245651	0.6945569
18912	-175.9008	-237.9661	62.06524	2.149472	0.4950606	0.7848825	1.328258
18918	-174.3168	-235.6123	61.29557	2.754317	0.6314356	0.5052166	1.592087
18924	-180.3174	-242.0654	61.74801	2.558208	0.3021208	0.5052166	1.824234
18930	-178.3048	-240.6603	62.35554	3.216543	0.3495256	0.4490884	0.7266049
18936	-172.8009	-235.6312	62.83024	3.405395	0.4843916	0.1198377	0.516656
18942	-170.3535	-232.3142	61.96074	3.637028	0.4043692	0.3321676	0.8549916
18948	-167.3438	-229.104	61.76021	3.666365	0.4043692	0.06442427	1.714458
18954	-175.5055	-237.2253	61.71977	4.289623	0.4834831	0.06442427	1.154007
18960	-181.3215	-239.8259	58.5044	6.062967	0.4834831	0.5011277	1.37831
18966	-173.6434	-234.1367	60.49333	5.528418	0.3931407	0.2050138	0.7457312
18972	-176.4357	-235.7292	59.29346	7.22328	0.4635829	0.04221457	0.7711652
18978	-181.7934	-240.4218	58.62845	7.361965	0.6048039	0.1247361	0.6525347
18984	-186.4635	-244.1544	57.69083	8.054941	0.6048039	0.1938399	0.6707898
18990	-180.4398	-239.133	58.69316	5.402598	0.797286	0.06771771	2.206652
18996	-181.9948	-239.9777	57.98293	4.833644	0.5413529	0.1810365	2.942154
19002	-193.2118	-252.0074	58.79559	3.01157	0.4944373	0.07127724	3.829088
19008	-175.93	-237.8175	61.88749	3.386348	0.4054495	0.01640548	1.953054
19014	-183.6804	-243.959	60.27865	3.303475	0.4073354	0.1742783	2.629312
19020	-183.8899	-244.2076	60.31769	5.509601	0.4073354	0.1742783	1.045724
19026	-184.3382	-242.0483	57.71008	8.41027	0.4073354	0.1619153	0.7600138
19032	-186.5677	-245.9601	59.39241	6.423747	0.8034066	0.09254032	0.7381835
19038	-176.9287	-239.2071	62.27837	3.433104	0.7458891	0.1564088	0.5884569
19044	-182.3334	-242.6268	60.29348	4.387762	0.6129681	0.1564088	1.731816
19050	-183.4759	-242.4009	58.92496	4.248433	0.6129681	0.7357926	1.990308
19056	-192.3785	-253.5448	61.16622	3.206964	0.6129681	0.7357926	1.088817
19062	-185.1703	-246.6604	61.49011	3.182939	0.5051125	0.1603836	1.842784
19068	-184.6759	-246.1583	61.48236	2.96394	0.6345077	0.05818212	2.145048
19074	-190.0404	-249.4934	59.453	4.559393	0.6345077	0.05818212	2.422903
19080	-193.4538	-254.0897	60.63588	3.361151	0.644343	0.4139887	1.731648
19086	-195.1623	-254.0003	58.838	4.694225	0.644343	0.6773743	1.767128
19092	-189.0835	-250.7107	61.62728	3.075285	0.5676175	0.775064	0.7406649
19098	-190.2573	-251.7269	61.46964	2.720646	0.579992	1.108545	0.9208651
19104	-183.8712	-244.2168	60.34562	4.022497	0.4971385	1.108545	0.8667648
19110	-182.6675	-244.6008	61.9333	2.979806	0.4971385	0.4557993	1.135967
19116	-188.9741	-251.0172	62.04307	2.841523	0.5145222	0.4557993	1.135967
19122	-192.8519	-252.0292	59.17727	2.969074	0.7697491	2.066399	1.809751
19128	-194.2871	-253.7577	59.47057	4.425897	0.4534977	1.953257	0.3016452
19134	-188.949	-249.2033	60.2543	3.892883	0.5622806	1.413599	0.3658838
19140	-184.6256	-244.7942	60.16856	4.395292	0.4095133	1.270594	0.5187107
19146	-185.3677	-245.2284	59.86062	4.038321	0.5071019	1.891925	0.6791889
19152	-191.1339	-249.8192	58.68521	4.934544	0.666721	1.891925	0.7502642
19158	-188.7377	-248.3606	59.62298	4.071181	0.666721	1.891925	0.6076409
19164	-188.9761	-246.9015	57.92533	4.832967	0.785665	1.405329	1.67351
19170	-191.9569	-252.6999	60.74297	3.512793	0.6593458	0.2235763	1.838288
19176	-196.8935	-255.6815	58.78796	4.319433	0.7645604	1.001474	1.694608
19182	-188.7378	-249.7948	61.05697	4.534967	0.6322782	0.04960999	1.371655
19188	-195.6248	-255.8202	60.19539	5.285676	0.6322782	0.1440942	1.123386
19194	-195.8577	-255.0779	59.22018	6.583077	0.4718054	0.1301255	1.103049
19200	-202.6503	-258.3382	55.68788	4.545911	0.619416	0.1935874	4.35162
19206	-190.7275	-252.7466	62.01912	2.812835	0.35246	0.1182569	2.029549
19212	-181.4858	-244.3843	62.89851	3.200782	0.533623	0.07163258	0.9572099
19218	-193.6461	-255.7414	62.09529	3.175734	0.533623	0.06959968	1.647783
19224	-195.9897	-257.067	61.07728	4.089905	0.533623	0.1469633	1.489602
19230	-200.2646	-260.0265	59.7619	5.762171	0.4401558	0.0831114	1.532152
19236	-180.2461	-240.8988	60.65278	4.487632	0.4401558	0.1598584	1.593075
19242	-187.391	-246.1324	58.74143	2.191517	0.5243303	0.4548241	3.694421
19248	-180.2051	-238.1465	57.94134	2.105025	0.3718105	0.4548241	4.356928
19254	-175.0277	-237.96	62.93229	2.735476	0.3718105	0.1579127	1.294043
19260	-171.3098	-232.3591	61.04928	4.13977	0.5127187	0.3155102	1.115413
19266	-175.4229	-238.3006	62.87764	2.396814	0.3551225	0.08204601	1.830885
19272	-180.2497	-241.7134	61.46363	2.880087	0.853297	0.6864649	0.8725938
19278	-173.1235	-236.7629	63.63934	2.791118	0.3267933	0.1314334	0.701114
19284	-169.6608	-231.9174	62.25656	3.517941	0.4393304	0.2970896	0.5780658
19290	-167.0933	-230.2806	63.18732	3.517941	0.4393304	0.03270085	0.4368572
19296	-161.112	-224.2227	63.11063	3.379851	0.4393304	0.0784966	0.5196646
19302	-160.7517	-223.6807	62.92896	3.16502	0.7427762	0.06686762	0.5196646
19308	-169.3971	-231.8034	62.40624	3.16502	0.5368483	0.08872089	1.352019
19314	-168.8133	-230.5299	61.71663	3.16502	0.5794205	0.4241147	1.099202
19320	-172.7753	-233.7981	61.02279	3.5247	0.4957028	0.6459889	1.19943
19326	-179.3428	-241.6189	62.27614	3.367624	0.4534994	0.3195899	0.7024405
19332	-176.5861	-238.3867	61.80058	3.536822	0.7432218	0.2824244	0.6348269
19338	-184.0155	-244.2733	60.25771	4.086287	0.6053898	1.151256	0.5238246
19344	-187.5194	-249.8556	62.33619	3.162924	0.6053898	0.2567443	0.7836006
19350	-182.1881	-244.705	62.51693	3.014364	0.5091382	0.3550248	0.5584223
19356	-181.5178	-243.538	62.02014	3.126185	0.7870989	0.3550248	0.5541373
19362	-182.9136	-242.9829	60.06933	2.883876	0.7870989	1.758	1.339138
19368	-186.1376	-244.6381	58.50053	2.859988	0.7043209	1.943858	2.426107
19374	-188.8615	-247.8806	59.01909	1.870117	0.7043209	0.8538519	3.244489
19380	-191.7085	-249.0938	57.38534	2.972898	1.4313	1.602441	2.744237
19386	-177.501	-238.2473	60.74625	2.570727	0.6316227	0.5026374	2.09866
19392	-177.9758	-239.3205	61.34461	2.82228	0.4153768	0.5026374	1.760301
19398	-177.9733	-237.6668	59.69354	2.82228	0.4153768	0.6682403	2.67143
19404	-173.8621	-235.4929	61.63087	3.598437	1.085515	0.1480535	0.8384023
19410	-174.7537	-235.4838	60.73014	3.598437	0.6131764	0.7108604	1.157317
19416	-179.509	-237.9991	58.49011	3.224132	0.6996116	0.9702363	2.676396
19422	-167.5842	-228.9283	61.34409	2.830323	0.6996116	0.9702363	0.9031303
19428	-173.6013	-232.7573	59.15597	2.381686	1.642951	0.4038009	2.726673
19434	-182.8452	-243.9445	61.09934	2.857504	0.6594895	1.387458	0.7794748
19440	-181.495	-241.3543	59.85932	3.077086	0.7790039	2.905094	0.7794748
19446	-182.0074	-241.0899	59.08248	5.109729	1.042526	0.8007472	0.5012838
19452	-169.5965	-231.7451	62.14862	3.573034	0.5030338	0.2778983	0.5012838
19458	-182.0114	-243.1112	61.09985	2.486601	0.6470786	1.197132	1.311928
19464	-182.099	-244.5863	62.48727	2.709379	0.5336786	0.5198428	0.5200438
19470	-175.3155	-237.0757	61.76024	3.117258	0.9762517	0.3851857	0.5503759
19476	-177.084	-239.322	62.23801	1.486635	0.4980479	0.3520005	2.147511
19482	-181.8697	-244.9019	63.03218	1.553116	1.06656	0.1828726	1.349354
19488	-189.638	-253.0708	63.43277	1.542699	1.06656	0.09625262	1.291042
19494	-186.5755	-249.1063	62.53084	3.227263	0.6811484	0.02963251	1.260669
19500	-187.6834	-249.6697	61.98629	3.781189	0.6076055	0.1661041	0.7726463
